BookingID,Date,TeeTime,Course,Players,GreenFee,CartFee,FandB,TotalRevenue,BookingSource,CustomerType,Cancelled,Weather
TN000001,2025-01-25,07:00:00,Monument,3,294.39,104.67,80.37,1068.21,Online,Public,No,Clear
TN000002,2025-04-12,07:10:00,Monument,3,222.17,102.67,0.0,769.18,Online,Public,No,Clear
TN000003,2025-01-17,11:40:00,Pinnacle,3,279.5,99.91,0.0,938.41,Online,Public,No,Clear
TN000004,2025-03-29,06:50:00,Monument,4,214.61,126.8,0.0,985.24,Online,Member,No,Clear
TN000005,2025-10-21,08:20:00,Pinnacle,2,228.32,69.1,0.0,525.74,Phone,Public,No,Clear
TN000006,2025-06-22,13:00:00,Monument,3,121.97,98.98,112.93,577.82,Online,Public,No,Clear
TN000007,2025-11-13,13:10:00,Pinnacle,3,217.92,99.81,116.68,870.25,Online,Public,No,Clear
TN000008,2025-06-15,10:50:00,Pinnacle,3,133.13,105.26,0.0,504.65,Online,Public,No,Clear
TN000009,2025-06-29,11:40:00,Pinnacle,3,131.83,99.15,80.81,575.45,Online,Public,No,Clear
TN000010,2025-04-26,15:40:00,Monument,3,116.85,81.66,86.02,518.23,Walk-up,Member,No,Clear
TN000011,2025-08-24,12:00:00,Pinnacle,4,153.71,134.43,0.0,0.0,Online,Public,Yes,Windy
TN000012,2025-04-12,10:10:00,Pinnacle,3,162.07,90.3,77.82,654.33,Online,Member,No,Cloudy
TN000013,2025-12-28,13:00:00,Pinnacle,3,245.86,104.78,150.45,992.81,Online,Public,No,Clear
TN000014,2025-06-22,12:40:00,Monument,4,98.24,124.08,254.31,771.35,Online,Member,No,Clear
TN000015,2025-09-21,15:50:00,Monument,4,85.0,116.85,0.0,456.85,Phone,Group,No,Windy
TN000016,2025-03-29,10:10:00,Monument,3,259.52,104.73,168.68,1051.97,Phone,Public,No,Clear
TN000017,2025-12-06,07:10:00,Pinnacle,4,295.88,135.71,0.0,1319.23,Online,Public,No,Clear
TN000018,2025-12-13,07:00:00,Pinnacle,3,310.56,98.15,0.0,1029.83,Online,Public,No,Clear
TN000019,2025-12-10,07:50:00,Monument,4,286.15,136.65,0.0,1281.25,Walk-up,Public,No,Clear
TN000020,2025-05-24,07:40:00,Monument,2,170.27,68.78,47.4,456.72,Online,Public,No,Clear
TN000021,2025-08-09,07:40:00,Monument,2,145.83,68.29,30.55,390.5,Online,Public,No,Clear
TN000022,2025-12-20,07:00:00,Monument,4,245.02,128.62,0.0,1108.7,Online,Member,No,Clear
TN000023,2025-12-18,10:50:00,Monument,4,211.08,120.95,0.0,965.27,Online,Member,No,Clear
TN000024,2025-02-01,08:40:00,Pinnacle,3,292.59,99.24,69.29,1046.3,Online,Public,No,Clear
TN000025,2025-08-16,10:30:00,Monument,3,136.45,105.55,155.75,670.65,Online,Public,No,Clear
TN000026,2025-11-11,07:30:00,Pinnacle,3,240.29,92.7,54.69,868.26,Phone,Member,No,Clear
TN000027,2025-06-21,13:50:00,Pinnacle,3,105.4,100.6,0.0,416.8,Concierge,ResortGuest,No,Clear
TN000028,2025-03-23,08:30:00,Monument,3,244.4,104.59,122.71,960.5,Concierge,ResortGuest,No,Clear
TN000029,2025-08-24,12:30:00,Pinnacle,4,99.19,126.55,244.47,767.78,Online,Member,No,Cloudy
TN000030,2025-08-24,13:40:00,Pinnacle,3,98.53,95.29,44.12,435.0,Phone,Member,No,Windy
TN000031,2025-07-20,09:10:00,Pinnacle,3,144.72,103.3,135.55,673.01,Online,Public,No,Cloudy
TN000032,2025-12-06,08:50:00,Pinnacle,2,319.2,68.78,40.62,747.8,Online,Public,No,Clear
TN000033,2025-08-03,07:50:00,Pinnacle,3,173.97,106.03,0.0,627.94,Online,Public,No,Clear
TN000034,2025-06-09,08:50:00,Monument,4,139.12,129.43,84.77,770.68,Online,Group,No,Clear
TN000035,2025-10-11,09:40:00,Pinnacle,4,164.72,123.14,0.0,0.0,Online,Member,Yes,Clear
TN000036,2025-05-31,08:10:00,Pinnacle,3,125.32,92.88,189.95,658.79,Phone,Member,No,Clear
TN000037,2025-07-04,12:50:00,Monument,3,110.66,100.97,0.0,432.95,Walk-up,Public,No,Windy
TN000038,2025-01-15,13:30:00,Pinnacle,4,240.17,137.57,80.82,1179.07,Phone,Public,No,Cloudy
TN000039,2025-05-17,07:50:00,Monument,3,158.61,104.54,0.0,580.37,Online,Public,No,Clear
TN000040,2025-08-20,09:50:00,Pinnacle,3,140.7,104.52,55.09,581.71,Online,Public,No,Clear
TN000041,2025-05-03,06:40:00,Pinnacle,3,155.16,105.24,132.33,703.05,Online,Public,No,Clear
TN000042,2025-06-09,06:40:00,Monument,2,114.86,64.71,0.0,294.43,Walk-up,Member,No,Cloudy
TN000043,2025-09-28,07:00:00,Monument,4,138.65,120.97,0.0,675.57,Sales/Events,Group,No,Clear
TN000044,2025-01-18,10:40:00,Pinnacle,2,252.34,66.91,0.0,571.59,Online,Public,No,Clear
TN000045,2025-02-27,08:00:00,Pinnacle,2,288.38,67.52,0.0,644.28,Phone,Public,No,Clear
TN000046,2025-12-08,09:30:00,Monument,3,205.51,93.24,0.0,0.0,Sales/Events,Group,Yes,Clear
TN000047,2025-01-02,11:50:00,Monument,2,274.41,65.87,0.0,614.69,Phone,Public,No,Clear
TN000048,2025-02-27,12:10:00,Pinnacle,3,216.6,98.34,114.22,862.36,Online,Public,No,Clear
TN000049,2025-06-10,15:00:00,Monument,3,96.58,91.38,48.8,429.92,Phone,ResortGuest,No,Clear
TN000050,2025-12-07,08:20:00,Pinnacle,2,231.75,62.77,65.48,591.75,Online,Member,No,Clear
TN000051,2025-10-11,12:10:00,Monument,4,131.65,123.47,0.0,650.07,Online,Member,No,Clear
TN000052,2025-03-23,06:50:00,Monument,3,292.49,99.97,131.13,1108.57,Walk-up,Public,No,Clear
TN000053,2025-03-19,10:20:00,Monument,3,246.7,98.45,115.3,953.85,Phone,Public,No,Clear
TN000054,2025-08-07,06:50:00,Monument,4,122.05,124.73,0.0,612.93,Online,Group,No,Clear
TN000055,2025-05-01,09:40:00,Pinnacle,3,136.3,99.84,153.43,662.17,Online,Public,No,Clear
TN000056,2025-03-04,07:00:00,Pinnacle,4,330.92,140.51,100.64,1564.83,Online,Public,No,Rain
TN000057,2025-04-08,06:50:00,Monument,3,238.5,102.98,85.25,903.73,Online,Public,No,Cloudy
TN000058,2025-11-23,10:10:00,Pinnacle,3,251.37,98.18,109.49,961.78,Online,Public,No,Cloudy
TN000059,2025-08-30,07:20:00,Monument,4,138.4,124.26,223.89,901.75,Phone,Group,No,Clear
TN000060,2025-01-04,07:20:00,Monument,3,281.3,98.04,0.0,941.94,Walk-up,Public,No,Cloudy
TN000061,2025-09-14,11:00:00,Pinnacle,4,149.99,139.18,0.0,739.14,Online,Public,No,Clear
TN000062,2025-01-12,06:40:00,Pinnacle,3,333.57,103.15,0.0,1103.86,Phone,Public,No,Clear
TN000063,2025-02-20,07:30:00,Monument,4,282.81,140.18,0.0,1271.42,Online,Public,No,Windy
TN000064,2025-09-27,10:40:00,Pinnacle,3,143.96,99.38,180.42,711.68,Online,Public,No,Clear
TN000065,2025-08-17,10:00:00,Pinnacle,3,147.66,98.25,162.67,703.9,Online,Public,No,Clear
TN000066,2025-12-10,09:50:00,Monument,3,212.71,105.15,174.3,917.58,Phone,ResortGuest,No,Clear
TN000067,2025-12-18,08:20:00,Pinnacle,2,337.41,67.89,0.0,742.71,Online,Public,No,Clear
TN000068,2025-03-30,07:20:00,Pinnacle,3,300.71,104.19,191.14,1197.46,Online,Public,No,Clear
TN000069,2025-08-20,12:20:00,Monument,3,85.65,92.57,81.03,430.55,Phone,Member,No,Clear
TN000070,2025-10-12,15:40:00,Pinnacle,4,118.72,113.74,108.81,697.43,Phone,Member,No,Cloudy
TN000071,2025-01-04,10:40:00,Monument,3,256.52,99.02,0.0,868.58,Online,Public,No,Clear
TN000072,2025-05-05,07:10:00,Pinnacle,4,170.57,136.68,0.0,0.0,Online,Public,Yes,Cloudy
TN000073,2025-06-29,11:50:00,Pinnacle,3,103.92,95.93,140.78,548.47,Online,Member,No,Clear
TN000074,2025-12-13,08:40:00,Pinnacle,3,333.48,104.31,0.0,1104.75,Online,Public,No,Clear
TN000075,2025-11-22,08:50:00,Monument,4,320.27,133.42,0.0,0.0,Online,Public,Yes,Rain
TN000076,2025-12-22,11:50:00,Pinnacle,3,222.08,91.36,0.0,757.6,Phone,Group,No,Clear
TN000077,2025-04-14,08:30:00,Monument,3,191.49,96.39,0.0,670.86,Sales/Events,Group,No,Clear
TN000078,2025-03-01,07:30:00,Monument,1,245.32,40.0,0.0,0.0,Concierge,ResortGuest,Yes,Clear
TN000079,2025-02-06,07:10:00,Pinnacle,3,257.18,96.24,0.0,867.78,Phone,Member,No,Clear
TN000080,2025-02-03,11:10:00,Monument,3,271.07,103.09,0.0,916.3,Online,Public,No,Clear
TN000081,2025-11-20,07:30:00,Monument,4,318.65,138.93,0.0,1413.53,Online,Public,No,Clear
TN000082,2025-09-01,08:40:00,Monument,4,160.35,138.33,0.0,0.0,Online,Public,Yes,Clear
TN000083,2025-07-13,07:30:00,Monument,3,171.0,102.76,0.0,0.0,Online,Public,Yes,Windy
TN000084,2025-04-06,14:40:00,Pinnacle,2,143.39,62.6,0.0,349.38,Concierge,ResortGuest,No,Clear
TN000085,2025-11-12,11:20:00,Pinnacle,2,287.88,66.55,0.0,642.31,Online,Public,No,Clear
TN000086,2025-09-30,09:20:00,Monument,3,142.58,99.3,157.29,684.33,Walk-up,Public,No,Clear
TN000087,2025-03-02,07:10:00,Pinnacle,4,264.36,140.95,0.0,1198.39,Phone,ResortGuest,No,Windy
TN000088,2025-06-22,07:10:00,Pinnacle,4,155.56,132.81,65.42,820.47,Online,Public,No,Clear
TN000089,2025-08-12,11:30:00,Monument,4,108.44,126.59,0.0,560.35,Online,Member,No,Clear
TN000090,2025-12-08,10:20:00,Pinnacle,2,252.27,67.56,0.0,572.1,Online,Public,No,Clear
TN000091,2025-07-12,09:10:00,Pinnacle,3,124.25,101.92,0.0,474.67,Online,ResortGuest,No,Clear
TN000092,2025-12-20,14:40:00,Pinnacle,2,176.68,61.88,0.0,415.24,Phone,ResortGuest,No,Clear
TN000093,2025-11-02,07:00:00,Pinnacle,4,294.67,137.4,0.0,1316.08,Concierge,ResortGuest,No,Clear
TN000094,2025-06-29,15:30:00,Pinnacle,3,93.68,81.54,0.0,0.0,Sales/Events,Group,Yes,Rain
TN000095,2025-12-24,09:50:00,Monument,3,188.32,96.35,150.83,812.14,Walk-up,Member,No,Clear
TN000096,2025-07-12,11:40:00,Monument,4,136.56,135.22,0.0,681.46,Online,Public,No,Cloudy
TN000097,2025-05-17,12:10:00,Monument,2,119.8,66.42,59.91,365.93,Walk-up,Public,No,Clear
TN000098,2025-07-20,07:10:00,Monument,4,171.27,131.54,0.0,816.62,Online,Public,No,Clear
TN000099,2025-10-08,07:30:00,Pinnacle,3,231.57,101.94,97.31,893.96,Walk-up,Public,No,Clear
TN000100,2025-02-12,12:10:00,Monument,4,170.18,124.38,0.0,805.1,Online,Member,No,Clear
TN000101,2025-11-03,06:40:00,Pinnacle,1,288.62,40.0,0.0,328.62,Walk-up,Public,No,Windy
TN000102,2025-12-14,07:30:00,Monument,3,290.92,101.95,205.55,1180.26,Online,Public,No,Clear
TN000103,2025-06-26,13:00:00,Monument,4,117.79,134.98,0.0,606.14,Walk-up,Public,No,Clear
TN000104,2025-08-02,09:20:00,Pinnacle,3,130.78,102.79,0.0,495.13,Phone,ResortGuest,No,Rain
TN000105,2025-11-28,07:20:00,Pinnacle,3,303.07,103.71,0.0,0.0,Walk-up,Public,Yes,Clear
TN000106,2025-07-13,09:20:00,Pinnacle,3,115.9,93.12,144.71,585.53,Phone,Member,No,Clear
TN000107,2025-12-04,07:00:00,Monument,4,251.52,128.71,83.1,1217.89,Phone,Member,No,Clear
TN000108,2025-11-23,09:20:00,Monument,3,218.84,102.47,157.25,916.24,Concierge,ResortGuest,No,Clear
TN000109,2025-01-05,13:50:00,Pinnacle,4,213.43,134.56,0.0,988.28,Phone,Public,No,Clear
TN000110,2025-12-27,07:20:00,Pinnacle,2,327.99,68.36,42.23,766.57,Phone,Public,No,Clear
TN000111,2025-12-27,14:00:00,Pinnacle,4,209.04,137.11,0.0,973.27,Concierge,ResortGuest,No,Cloudy
TN000112,2025-05-03,09:20:00,Monument,3,115.39,96.07,0.0,442.24,Walk-up,Member,No,Clear
TN000113,2025-01-22,08:30:00,Monument,4,232.47,122.66,0.0,1052.54,Sales/Events,Group,No,Cloudy
TN000114,2025-01-23,06:50:00,Monument,2,231.65,63.01,43.2,569.51,Walk-up,Member,No,Clear
TN000115,2025-12-28,07:10:00,Monument,3,288.96,98.17,112.1,1077.15,Phone,Public,No,Windy
TN000116,2025-04-15,10:10:00,Monument,3,213.63,105.78,46.12,792.79,Walk-up,Public,No,Cloudy
TN000117,2025-09-07,11:30:00,Pinnacle,4,104.52,123.31,89.28,630.67,Walk-up,Member,No,Windy
TN000118,2025-11-25,07:40:00,Pinnacle,2,334.18,70.2,0.0,738.56,Online,Public,No,Clear
TN000119,2025-12-12,11:40:00,Monument,3,209.61,90.88,71.2,790.91,Walk-up,Member,No,Clear
TN000120,2025-03-08,12:10:00,Monument,4,159.06,126.31,218.69,981.24,Online,Member,No,Windy
TN000121,2025-01-11,11:30:00,Pinnacle,2,256.0,67.74,0.0,579.74,Online,Public,No,Clear
TN000122,2025-07-05,06:30:00,Monument,4,153.76,140.39,205.43,960.86,Online,Public,No,Windy
TN000123,2025-12-09,12:20:00,Monument,3,211.7,105.23,136.31,876.64,Walk-up,Public,No,Clear
TN000124,2025-03-02,08:00:00,Monument,3,218.46,91.44,0.0,746.82,Online,Member,No,Clear
TN000125,2025-01-21,14:00:00,Pinnacle,3,218.93,98.46,0.0,755.25,Online,Public,No,Clear
TN000126,2025-07-28,11:00:00,Monument,2,114.22,62.44,0.0,0.0,Online,Member,Yes,Windy
TN000127,2025-02-17,14:10:00,Monument,3,157.26,93.38,0.0,565.16,Concierge,ResortGuest,No,Clear
TN000128,2025-06-14,09:20:00,Monument,3,112.33,91.1,0.0,0.0,Online,Member,Yes,Clear
TN000129,2025-03-23,08:00:00,Monument,3,303.12,102.62,0.0,1011.98,Online,Public,No,Cloudy
TN000130,2025-03-31,09:20:00,Monument,4,212.32,140.18,0.0,989.46,Phone,ResortGuest,No,Clear
TN000131,2025-09-14,11:10:00,Monument,4,110.4,129.54,0.0,571.14,Sales/Events,Group,No,Windy
TN000132,2025-03-27,13:40:00,Pinnacle,2,180.25,64.85,0.0,0.0,Walk-up,Member,Yes,Windy
TN000133,2025-11-19,07:00:00,Pinnacle,4,327.57,140.75,0.0,0.0,Online,Public,Yes,Clear
TN000134,2025-10-18,10:30:00,Pinnacle,4,195.59,133.13,78.07,993.56,Online,Public,No,Cloudy
TN000135,2025-12-12,07:10:00,Monument,3,241.93,92.24,128.75,946.78,Walk-up,Member,No,Clear
TN000136,2025-11-04,09:00:00,Monument,4,292.32,136.93,142.2,1448.41,Online,Public,No,Clear
TN000137,2025-03-25,07:30:00,Monument,3,292.56,101.51,0.0,979.19,Online,Public,No,Cloudy
TN000138,2025-10-26,07:30:00,Pinnacle,3,200.07,95.79,165.76,861.76,Online,Member,No,Cloudy
TN000139,2025-12-13,07:00:00,Pinnacle,4,269.94,135.48,181.12,1396.36,Concierge,ResortGuest,No,Windy
TN000140,2025-11-09,09:00:00,Monument,2,292.01,66.54,0.0,650.56,Phone,Public,No,Clear
TN000141,2025-03-04,08:40:00,Pinnacle,3,303.23,102.98,172.82,1185.49,Online,Public,No,Windy
TN000142,2025-11-01,06:30:00,Pinnacle,4,316.28,136.81,0.0,1401.93,Online,Public,No,Clear
TN000143,2025-11-23,13:40:00,Monument,4,171.53,121.22,0.0,807.34,Online,Member,No,Clear
TN000144,2025-12-11,07:20:00,Pinnacle,3,290.0,102.53,130.58,1103.11,Walk-up,Public,No,Cloudy
TN000145,2025-01-04,06:30:00,Pinnacle,4,316.58,140.04,0.0,0.0,Online,Public,Yes,Clear
TN000146,2025-02-06,07:00:00,Monument,4,282.06,135.9,155.4,1419.54,Concierge,ResortGuest,No,Clear
TN000147,2025-11-16,07:50:00,Monument,2,292.45,65.58,0.0,650.48,Walk-up,Public,No,Clear
TN000148,2025-01-25,10:20:00,Monument,4,240.63,135.52,0.0,0.0,Concierge,ResortGuest,Yes,Clear
TN000149,2025-08-03,09:30:00,Monument,4,126.49,133.21,113.96,753.13,Concierge,ResortGuest,No,Clear
TN000150,2025-08-30,13:00:00,Monument,2,111.74,66.32,44.27,334.07,Phone,Public,No,Clear
TN000151,2025-03-01,07:50:00,Pinnacle,3,262.41,101.23,0.0,888.46,Phone,ResortGuest,No,Cloudy
TN000152,2025-12-02,08:50:00,Pinnacle,4,277.78,125.47,135.73,1372.32,Sales/Events,Group,No,Windy
TN000153,2025-05-03,13:10:00,Monument,3,111.48,99.46,0.0,433.9,Online,Public,No,Clear
TN000154,2025-08-16,12:40:00,Monument,2,112.47,67.47,0.0,292.41,Online,Public,No,Clear
TN000155,2025-11-18,07:50:00,Monument,4,231.1,130.12,197.25,1251.77,Phone,Member,No,Clear
TN000156,2025-02-26,06:40:00,Pinnacle,3,246.33,94.81,0.0,833.8,Online,Member,No,Clear
TN000157,2025-10-17,10:30:00,Pinnacle,3,199.97,105.06,0.0,704.97,Online,ResortGuest,No,Clear
TN000158,2025-03-04,08:10:00,Monument,2,228.42,63.8,0.0,520.64,Online,Member,No,Windy
TN000159,2025-03-31,08:10:00,Pinnacle,4,241.26,125.24,0.0,1090.28,Phone,Member,No,Clear
TN000160,2025-11-09,12:00:00,Monument,4,202.38,120.71,123.43,1053.66,Sales/Events,Group,No,Clear
TN000161,2025-12-05,07:40:00,Monument,4,302.53,133.18,0.0,1343.3,Phone,Public,No,Clear
TN000162,2025-02-13,08:50:00,Pinnacle,4,312.36,131.03,0.0,0.0,Phone,Public,Yes,Clear
TN000163,2025-01-29,07:00:00,Monument,4,283.46,135.84,0.0,1269.68,Concierge,ResortGuest,No,Clear
TN000164,2025-06-19,09:00:00,Pinnacle,3,120.99,92.23,0.0,455.2,Online,Member,No,Clear
TN000165,2025-12-01,06:30:00,Monument,1,307.25,40.0,0.0,347.25,Online,Public,No,Clear
TN000166,2025-03-23,11:00:00,Monument,3,216.8,98.26,0.0,748.66,Concierge,ResortGuest,No,Clear
TN000167,2025-11-18,06:40:00,Pinnacle,3,284.17,99.26,155.06,1106.83,Concierge,ResortGuest,No,Clear
TN000168,2025-01-21,08:20:00,Monument,3,224.12,95.05,0.0,767.41,Phone,Member,No,Cloudy
TN000169,2025-01-05,10:00:00,Pinnacle,3,251.69,100.56,205.72,1061.35,Online,Public,No,Clear
TN000170,2025-03-21,09:20:00,Pinnacle,4,206.34,126.69,223.44,1175.49,Phone,Member,No,Clear
TN000171,2025-11-29,06:50:00,Monument,3,251.88,99.77,0.0,855.41,Online,ResortGuest,No,Clear
TN000172,2025-04-26,10:10:00,Pinnacle,4,215.53,131.79,0.0,993.91,Online,Public,No,Clear
TN000173,2025-10-29,11:30:00,Monument,2,178.91,67.78,0.0,425.6,Online,ResortGuest,No,Clear
TN000174,2025-02-19,09:50:00,Monument,2,266.32,70.48,0.0,603.12,Online,Public,No,Clear
TN000175,2025-02-09,10:10:00,Pinnacle,3,217.36,96.28,105.66,854.02,Online,Member,No,Cloudy
TN000176,2025-09-28,11:00:00,Pinnacle,4,137.96,132.66,222.15,906.65,Walk-up,Public,No,Windy
TN000177,2025-02-28,07:50:00,Monument,4,300.08,138.06,0.0,1338.38,Phone,Public,No,Clear
TN000178,2025-03-29,09:00:00,Pinnacle,4,322.48,134.83,101.39,1526.14,Online,Public,No,Cloudy
TN000179,2025-05-31,10:40:00,Pinnacle,2,141.17,67.2,79.4,428.94,Online,Public,No,Clear
TN000180,2025-01-12,09:50:00,Monument,3,258.82,105.73,0.0,882.19,Online,Public,No,Clear
TN000181,2025-01-18,07:30:00,Pinnacle,4,295.74,137.97,218.88,1539.81,Concierge,ResortGuest,No,Clear
TN000182,2025-09-06,13:00:00,Monument,1,114.13,40.0,27.57,181.7,Walk-up,Public,No,Clear
TN000183,2025-01-04,08:30:00,Pinnacle,3,315.75,105.57,178.54,1231.36,Online,Public,No,Clear
TN000184,2025-06-08,15:00:00,Pinnacle,4,90.95,119.22,0.0,483.02,Online,ResortGuest,No,Clear
TN000185,2025-02-12,06:30:00,Monument,3,309.84,105.78,0.0,1035.3,Online,Public,No,Clear
TN000186,2025-03-02,07:50:00,Pinnacle,3,267.5,104.03,0.0,906.53,Online,ResortGuest,No,Cloudy
TN000187,2025-07-27,08:40:00,Pinnacle,2,155.7,65.42,85.29,462.11,Phone,ResortGuest,No,Clear
TN000188,2025-08-01,06:50:00,Monument,4,136.33,134.3,0.0,679.62,Online,ResortGuest,No,Clear
TN000189,2025-11-29,11:40:00,Pinnacle,2,271.54,70.4,31.32,644.8,Phone,Public,No,Cloudy
TN000190,2025-12-02,07:40:00,Monument,4,246.26,122.17,0.0,1107.21,Sales/Events,Group,No,Windy
TN000191,2025-03-09,14:00:00,Pinnacle,2,219.34,70.24,0.0,508.92,Online,Public,No,Cloudy
TN000192,2025-03-24,06:30:00,Monument,4,301.36,135.02,0.0,1340.46,Walk-up,Public,No,Clear
TN000193,2025-04-26,08:40:00,Monument,4,253.64,139.16,255.29,1409.01,Online,Public,No,Clear
TN000194,2025-05-31,07:40:00,Monument,3,148.51,99.63,0.0,545.16,Phone,ResortGuest,No,Clear
TN000195,2025-03-02,14:50:00,Pinnacle,3,195.38,93.65,98.12,777.91,Walk-up,Public,No,Cloudy
TN000196,2025-11-25,12:10:00,Pinnacle,4,206.0,136.81,0.0,960.81,Concierge,ResortGuest,No,Clear
TN000197,2025-02-22,09:00:00,Pinnacle,2,338.93,68.16,0.0,746.02,Online,Public,No,Clear
TN000198,2025-02-25,14:40:00,Pinnacle,2,185.03,61.24,78.25,509.55,Online,Public,No,Clear
TN000199,2025-01-11,08:10:00,Pinnacle,3,263.53,92.99,90.32,973.9,Phone,Member,No,Windy
TN000200,2025-12-09,08:30:00,Pinnacle,4,225.12,127.29,174.93,1202.7,Online,Member,No,Cloudy
TN000201,2025-03-22,11:40:00,Pinnacle,3,281.51,101.01,0.0,945.54,Online,Public,No,Cloudy
TN000202,2025-10-25,10:50:00,Monument,4,171.36,139.71,0.0,825.15,Online,ResortGuest,No,Cloudy
TN000203,2025-12-03,14:20:00,Pinnacle,3,185.82,91.51,0.0,648.97,Phone,ResortGuest,No,Clear
TN000204,2025-06-21,11:20:00,Monument,3,143.98,102.17,56.22,590.33,Online,Public,No,Clear
TN000205,2025-08-03,12:30:00,Pinnacle,3,104.97,101.03,75.7,491.64,Concierge,ResortGuest,No,Clear
TN000206,2025-08-31,08:10:00,Monument,4,147.67,131.96,0.0,722.64,Online,Public,No,Clear
TN000207,2025-01-19,11:10:00,Monument,3,252.66,102.64,0.0,860.62,Online,Public,No,Cloudy
TN000208,2025-04-09,09:30:00,Pinnacle,2,213.86,67.98,0.0,495.7,Phone,Public,No,Clear
TN000209,2025-12-25,08:40:00,Monument,2,239.2,63.76,36.61,578.77,Online,Member,No,Clear
TN000210,2025-11-10,07:40:00,Pinnacle,3,298.15,101.63,0.0,996.08,Online,Public,No,Clear
TN000211,2025-04-13,08:40:00,Pinnacle,3,266.36,99.44,0.0,898.52,Online,Public,No,Clear
TN000212,2025-10-25,13:30:00,Monument,4,148.97,135.3,102.96,834.14,Concierge,ResortGuest,No,Cloudy
TN000213,2025-11-06,09:50:00,Monument,4,259.03,135.01,0.0,1171.13,Walk-up,Public,No,Cloudy
TN000214,2025-02-26,07:30:00,Pinnacle,3,332.89,98.39,113.86,1210.92,Walk-up,Public,No,Clear
TN000215,2025-02-06,07:20:00,Pinnacle,3,261.28,91.64,65.06,940.54,Online,Member,No,Clear
TN000216,2025-03-07,08:40:00,Monument,3,224.52,91.83,0.0,765.39,Online,Member,No,Clear
TN000217,2025-06-13,07:50:00,Monument,3,155.41,103.15,104.76,674.14,Phone,Public,No,Cloudy
TN000218,2025-11-01,06:40:00,Pinnacle,3,245.27,92.27,149.78,977.86,Walk-up,Member,No,Clear
TN000219,2025-03-13,12:00:00,Pinnacle,4,261.42,136.87,55.3,1237.85,Phone,Public,No,Clear
TN000220,2025-05-31,11:40:00,Monument,2,127.14,68.32,89.66,412.26,Phone,Public,No,Clear
TN000221,2025-08-17,11:20:00,Pinnacle,3,119.61,105.6,183.42,647.85,Concierge,ResortGuest,No,Clear
TN000222,2025-04-19,09:00:00,Monument,3,216.72,100.01,0.0,750.17,Online,Public,No,Clear
TN000223,2025-02-22,14:00:00,Pinnacle,2,181.84,63.51,88.12,515.31,Online,Member,No,Clear
TN000224,2025-10-05,10:40:00,Pinnacle,3,196.01,102.11,0.0,690.14,Concierge,ResortGuest,No,Clear
TN000225,2025-03-28,07:20:00,Pinnacle,4,240.59,124.19,115.19,1201.74,Online,Member,No,Clear
TN000226,2025-03-30,07:40:00,Pinnacle,3,288.83,102.21,57.65,1026.35,Online,Public,No,Clear
TN000227,2025-01-13,09:30:00,Pinnacle,4,228.43,138.11,70.41,1122.24,Online,ResortGuest,No,Windy
TN000228,2025-10-12,13:30:00,Monument,2,186.31,69.56,98.2,540.38,Walk-up,Public,No,Windy
TN000229,2025-04-12,13:40:00,Pinnacle,4,171.43,139.54,81.61,906.87,Concierge,ResortGuest,No,Clear
TN000230,2025-06-23,10:40:00,Monument,2,135.16,68.57,0.0,338.89,Online,Public,No,Clear
TN000231,2025-07-27,10:40:00,Monument,2,130.51,68.69,109.18,438.89,Walk-up,Public,No,Rain
TN000232,2025-04-12,08:30:00,Monument,3,194.02,97.36,53.1,732.52,Phone,Member,No,Clear
TN000233,2025-02-23,10:30:00,Pinnacle,4,231.21,122.65,147.37,1194.86,Phone,Group,No,Clear
TN000234,2025-10-25,11:10:00,Pinnacle,3,219.77,98.07,0.0,757.38,Online,Public,No,Cloudy
TN000235,2025-12-06,07:10:00,Pinnacle,4,294.43,136.95,0.0,1314.67,Online,Public,No,Cloudy
TN000236,2025-09-21,10:30:00,Pinnacle,3,110.49,90.72,0.0,422.19,Online,Member,No,Clear
TN000237,2025-11-03,07:20:00,Pinnacle,3,290.08,100.43,0.0,970.67,Online,Public,No,Clear
TN000238,2025-01-14,15:00:00,Pinnacle,4,194.35,121.8,105.54,1004.74,Walk-up,Public,No,Clear
TN000239,2025-07-17,08:50:00,Pinnacle,3,171.02,104.84,0.0,0.0,Walk-up,Public,Yes,Clear
TN000240,2025-06-14,13:10:00,Pinnacle,4,99.57,139.55,145.79,683.62,Concierge,ResortGuest,No,Clear
TN000241,2025-05-16,12:20:00,Pinnacle,3,132.15,103.09,0.0,499.54,Phone,Public,No,Clear
TN000242,2025-08-10,13:00:00,Pinnacle,4,131.33,133.7,214.47,873.49,Phone,Public,No,Cloudy
TN000243,2025-12-27,11:10:00,Monument,4,212.7,122.5,95.54,1068.84,Phone,Member,No,Cloudy
TN000244,2025-11-15,13:10:00,Pinnacle,3,221.66,99.66,62.66,827.3,Online,Public,No,Clear
TN000245,2025-05-25,08:50:00,Pinnacle,2,153.68,69.78,53.73,430.87,Online,Public,No,Clear
TN000246,2025-06-24,07:30:00,Monument,3,131.92,104.54,113.13,613.43,Phone,ResortGuest,No,Windy
TN000247,2025-05-21,11:50:00,Pinnacle,2,115.19,61.32,0.0,0.0,Walk-up,Member,Yes,Clear
TN000248,2025-11-02,13:40:00,Monument,4,208.2,138.57,127.72,1099.09,Online,Public,No,Clear
TN000249,2025-12-27,08:00:00,Pinnacle,4,224.27,128.76,0.0,1025.84,Phone,Member,No,Windy
TN000250,2025-03-15,10:50:00,Pinnacle,3,288.56,104.48,52.17,1022.33,Online,Public,No,Clear
TN000251,2025-12-01,08:10:00,Pinnacle,2,232.3,61.32,122.82,648.74,Online,Member,No,Clear
TN000252,2025-07-13,06:30:00,Monument,3,171.16,98.62,0.0,612.1,Online,Public,No,Cloudy
TN000253,2025-04-15,08:10:00,Monument,4,229.0,140.14,257.35,1313.49,Phone,Public,No,Clear
TN000254,2025-12-30,11:30:00,Pinnacle,3,216.35,96.56,0.0,745.61,Walk-up,Member,No,Clear
TN000255,2025-12-01,09:00:00,Pinnacle,2,330.04,68.73,0.0,728.81,Walk-up,Public,No,Clear
TN000256,2025-02-21,06:40:00,Monument,4,246.79,125.9,0.0,0.0,Phone,Group,Yes,Windy
TN000257,2025-02-09,07:00:00,Pinnacle,2,313.58,70.48,95.49,793.13,Online,Public,No,Cloudy
TN000258,2025-01-16,06:50:00,Pinnacle,3,278.26,99.62,129.67,1064.07,Phone,ResortGuest,No,Clear
TN000259,2025-02-23,15:40:00,Pinnacle,4,186.99,121.1,177.85,1046.91,Online,Public,No,Clear
TN000260,2025-03-29,06:50:00,Monument,2,251.4,64.68,0.0,567.48,Online,Member,No,Clear
TN000261,2025-04-18,12:10:00,Pinnacle,2,171.66,70.41,87.82,501.55,Phone,Public,No,Clear
TN000262,2025-06-21,08:50:00,Monument,4,145.48,138.73,174.9,895.55,Phone,ResortGuest,No,Windy
TN000263,2025-03-01,08:10:00,Monument,3,315.7,101.39,47.91,1096.4,Online,Public,No,Cloudy
TN000264,2025-10-25,11:20:00,Pinnacle,3,158.25,95.75,0.0,570.5,Phone,Member,No,Clear
TN000265,2025-01-31,08:50:00,Pinnacle,3,239.16,96.59,0.0,814.07,Sales/Events,Group,No,Clear
TN000266,2025-11-13,09:30:00,Pinnacle,4,248.49,134.49,82.15,1210.6,Online,Public,No,Clear
TN000267,2025-12-13,07:00:00,Monument,4,260.65,134.07,146.01,1322.68,Concierge,ResortGuest,No,Clear
TN000268,2025-02-24,10:30:00,Pinnacle,2,277.81,66.98,34.74,657.34,Online,Public,No,Cloudy
TN000269,2025-01-23,06:50:00,Monument,3,239.14,95.62,72.98,886.02,Online,Group,No,Clear
TN000270,2025-12-07,06:30:00,Monument,3,305.22,101.77,0.0,1017.43,Online,Public,No,Clear
TN000271,2025-11-07,06:30:00,Monument,2,319.28,70.23,32.51,741.3,Online,Public,No,Clear
TN000272,2025-06-01,09:30:00,Pinnacle,4,154.2,134.65,119.77,871.22,Online,Public,No,Clear
TN000273,2025-02-08,08:50:00,Pinnacle,3,250.85,92.8,181.16,1026.51,Online,Member,No,Clear
TN000274,2025-12-12,09:20:00,Pinnacle,4,223.88,139.3,0.0,1034.82,Phone,ResortGuest,No,Clear
TN000275,2025-10-19,07:40:00,Monument,3,218.29,100.4,62.79,818.06,Concierge,ResortGuest,No,Clear
TN000276,2025-08-03,09:00:00,Monument,4,132.12,122.04,130.2,780.72,Phone,Member,No,Windy
TN000277,2025-03-22,06:30:00,Pinnacle,3,311.76,102.39,84.0,1121.67,Phone,Public,No,Cloudy
TN000278,2025-03-02,14:30:00,Pinnacle,2,203.23,60.97,118.93,586.36,Online,Public,No,Cloudy
TN000279,2025-11-16,06:40:00,Monument,4,229.68,120.85,123.41,1162.98,Online,Group,No,Cloudy
TN000280,2025-08-10,11:00:00,Pinnacle,3,145.57,99.4,0.0,536.11,Online,Public,No,Rain
TN000281,2025-08-24,06:50:00,Pinnacle,4,142.61,138.84,0.0,709.28,Concierge,ResortGuest,No,Clear
TN000282,2025-03-25,08:40:00,Monument,3,273.24,100.95,0.0,920.67,Concierge,ResortGuest,No,Windy
TN000283,2025-07-14,07:40:00,Pinnacle,2,165.67,67.75,76.56,475.65,Online,Public,No,Windy
TN000284,2025-12-04,10:00:00,Monument,3,215.46,99.95,0.0,746.33,Concierge,ResortGuest,No,Clear
TN000285,2025-03-19,06:50:00,Pinnacle,4,253.42,122.84,55.42,1191.94,Phone,Member,No,Cloudy
TN000286,2025-04-27,12:40:00,Monument,4,137.75,125.34,137.51,813.85,Online,Group,No,Clear
TN000287,2025-04-27,06:40:00,Pinnacle,3,206.05,94.29,71.86,784.3,Phone,Member,No,Clear
TN000288,2025-12-27,09:00:00,Monument,3,312.7,99.81,140.99,1178.9,Phone,Public,No,Clear
TN000289,2025-10-12,10:30:00,Pinnacle,4,202.65,138.37,86.52,1035.49,Online,Public,No,Clear
TN000290,2025-06-09,06:40:00,Monument,3,129.8,92.41,123.78,605.59,Phone,Member,No,Cloudy
TN000291,2025-08-17,07:20:00,Pinnacle,2,162.7,69.18,0.0,394.58,Online,Public,No,Windy
TN000292,2025-01-18,06:50:00,Monument,3,308.76,104.21,123.72,1154.21,Online,Public,No,Clear
TN000293,2025-07-26,07:50:00,Monument,3,133.48,96.49,0.0,0.0,Sales/Events,Group,Yes,Windy
TN000294,2025-02-08,07:00:00,Pinnacle,3,314.64,103.63,165.03,1212.58,Walk-up,Public,No,Cloudy
TN000295,2025-12-28,08:10:00,Monument,4,309.15,134.77,105.78,1477.15,Online,Public,No,Cloudy
TN000296,2025-02-21,07:30:00,Pinnacle,3,224.87,93.94,0.0,768.55,Online,Member,No,Clear
TN000297,2025-11-23,10:50:00,Pinnacle,2,259.36,65.49,111.37,695.58,Online,Public,No,Clear
TN000298,2025-06-14,08:20:00,Monument,4,135.63,127.82,0.0,670.34,Sales/Events,Group,No,Clear
TN000299,2025-05-06,07:20:00,Pinnacle,3,167.61,100.67,0.0,603.5,Phone,Public,No,Cloudy
TN000300,2025-05-24,12:30:00,Pinnacle,3,100.3,96.41,0.0,397.31,Online,Member,No,Windy
TN000301,2025-11-29,12:40:00,Pinnacle,3,225.4,102.94,59.96,839.1,Online,Public,No,Clear
TN000302,2025-12-03,09:00:00,Monument,3,248.71,94.59,0.0,840.72,Phone,Member,No,Clear
TN000303,2025-10-26,07:30:00,Monument,4,195.4,124.44,0.0,906.04,Phone,Group,No,Clear
TN000304,2025-05-11,14:00:00,Monument,3,96.89,97.54,105.87,494.08,Walk-up,Member,No,Clear
TN000305,2025-03-19,07:20:00,Pinnacle,2,334.04,66.17,102.37,836.62,Walk-up,Public,No,Cloudy
TN000306,2025-01-26,06:30:00,Pinnacle,4,273.76,132.24,87.87,1315.15,Phone,ResortGuest,No,Cloudy
TN000307,2025-03-08,07:30:00,Pinnacle,3,299.28,100.01,0.0,997.85,Online,Public,No,Clear
TN000308,2025-02-14,07:00:00,Pinnacle,2,261.58,60.32,0.0,583.48,Online,Member,No,Cloudy
TN000309,2025-08-15,13:30:00,Pinnacle,2,117.33,66.36,71.35,372.37,Phone,Public,No,Clear
TN000310,2025-03-08,08:10:00,Monument,4,302.75,135.71,155.65,1502.36,Phone,Public,No,Clear
TN000311,2025-06-08,12:20:00,Monument,3,123.85,102.59,176.44,650.58,Online,Public,No,Clear
TN000312,2025-11-13,10:00:00,Pinnacle,3,206.24,96.48,0.0,715.2,Walk-up,Member,No,Clear
TN000313,2025-12-27,13:30:00,Pinnacle,4,242.25,135.36,131.85,1236.21,Online,Public,No,Clear
TN000314,2025-03-25,08:10:00,Monument,3,275.56,98.47,0.0,0.0,Online,ResortGuest,Yes,Clear
TN000315,2025-03-12,09:00:00,Monument,3,284.57,98.39,158.71,1110.81,Online,Public,No,Clear
TN000316,2025-02-24,12:20:00,Pinnacle,3,186.66,93.26,0.0,653.24,Online,Member,No,Clear
TN000317,2025-12-29,14:10:00,Monument,3,178.26,89.58,158.18,782.54,Online,Public,No,Clear
TN000318,2025-06-28,11:30:00,Monument,4,106.34,121.64,167.76,714.76,Phone,Group,No,Windy
TN000319,2025-09-29,13:30:00,Pinnacle,3,131.66,104.93,0.0,499.91,Walk-up,Public,No,Cloudy
TN000320,2025-06-22,06:30:00,Pinnacle,4,143.15,138.24,139.02,849.86,Online,ResortGuest,No,Windy
TN000321,2025-06-20,15:40:00,Monument,2,93.07,61.59,91.86,339.59,Walk-up,Public,No,Cloudy
TN000322,2025-12-27,07:50:00,Pinnacle,2,309.29,65.73,0.0,0.0,Phone,Public,Yes,Windy
TN000323,2025-08-01,09:10:00,Monument,4,142.22,133.35,0.0,702.23,Online,Public,No,Windy
TN000324,2025-01-10,10:10:00,Monument,3,200.96,94.04,0.0,696.92,Online,Member,No,Clear
TN000325,2025-12-21,08:10:00,Monument,4,275.86,141.31,0.0,1244.75,Online,Public,No,Windy
TN000326,2025-11-07,06:40:00,Monument,4,283.94,137.1,0.0,1272.86,Phone,Public,No,Clear
TN000327,2025-09-28,07:10:00,Pinnacle,4,139.75,139.89,92.99,791.88,Online,ResortGuest,No,Windy
TN000328,2025-03-24,14:20:00,Pinnacle,4,167.11,115.36,0.0,783.8,Online,Member,No,Clear
TN000329,2025-11-29,07:30:00,Pinnacle,4,274.12,135.93,131.72,1364.13,Phone,ResortGuest,No,Clear
TN000330,2025-03-29,07:00:00,Pinnacle,4,277.69,133.97,86.5,1331.23,Online,ResortGuest,No,Clear
TN000331,2025-11-05,13:50:00,Pinnacle,4,179.08,122.02,206.2,1044.54,Sales/Events,Group,No,Clear
TN000332,2025-02-02,07:00:00,Pinnacle,3,296.98,102.66,0.0,993.6,Online,Public,No,Clear
TN000333,2025-05-04,06:30:00,Pinnacle,2,156.51,66.5,43.19,422.71,Phone,ResortGuest,No,Clear
TN000334,2025-09-21,09:10:00,Monument,3,108.04,91.2,159.03,574.35,Sales/Events,Group,No,Windy
TN000335,2025-01-28,10:00:00,Monument,3,242.58,98.82,0.0,826.56,Walk-up,Public,No,Clear
TN000336,2025-12-09,09:00:00,Monument,3,285.01,104.1,146.01,1105.14,Online,Public,No,Clear
TN000337,2025-02-17,09:00:00,Pinnacle,2,248.44,60.96,36.13,593.97,Walk-up,Member,No,Clear
TN000338,2025-05-18,08:50:00,Monument,3,164.07,101.42,45.65,639.28,Online,Public,No,Clear
TN000339,2025-11-28,10:40:00,Pinnacle,3,278.17,101.46,0.0,935.97,Phone,Public,No,Clear
TN000340,2025-04-12,09:40:00,Monument,3,171.47,103.39,108.12,725.92,Online,ResortGuest,No,Clear
TN000341,2025-08-31,07:50:00,Pinnacle,3,175.14,100.3,0.0,625.72,Online,Public,No,Clear
TN000342,2025-01-18,06:30:00,Pinnacle,3,269.65,90.93,55.08,954.96,Sales/Events,Group,No,Clear
TN000343,2025-05-04,08:50:00,Monument,3,168.48,103.77,104.57,713.78,Phone,Public,No,Clear
TN000344,2025-05-18,15:00:00,Pinnacle,3,100.92,93.89,0.0,396.65,Online,ResortGuest,No,Clear
TN000345,2025-11-23,08:20:00,Monument,4,241.61,126.1,100.55,1193.09,Sales/Events,Group,No,Clear
TN000346,2025-11-18,07:40:00,Pinnacle,4,290.72,130.91,128.15,1421.94,Phone,ResortGuest,No,Cloudy
TN000347,2025-08-20,09:30:00,Pinnacle,2,147.14,69.05,34.63,397.96,Online,Public,No,Cloudy
TN000348,2025-12-15,12:50:00,Pinnacle,2,239.57,67.93,55.4,602.47,Online,Public,No,Clear
TN000349,2025-03-28,13:20:00,Monument,3,225.86,99.92,59.4,836.9,Phone,Public,No,Clear
TN000350,2025-11-06,07:50:00,Monument,3,257.55,101.01,0.0,0.0,Concierge,ResortGuest,Yes,Clear
TN000351,2025-05-25,06:40:00,Pinnacle,3,176.43,105.34,130.45,765.08,Online,Public,No,Clear
TN000352,2025-10-18,12:20:00,Pinnacle,4,177.23,140.38,221.9,1071.2,Online,Public,No,Clear
TN000353,2025-10-12,08:00:00,Monument,3,239.63,104.27,0.0,823.16,Walk-up,Public,No,Cloudy
TN000354,2025-02-16,15:20:00,Pinnacle,3,185.85,94.77,45.36,697.68,Phone,Public,No,Cloudy
TN000355,2025-03-31,14:30:00,Monument,3,201.94,92.55,0.0,698.37,Online,Public,No,Clear
TN000356,2025-01-22,09:40:00,Monument,4,187.94,121.73,205.67,1079.16,Online,Member,No,Windy
TN000357,2025-02-20,08:30:00,Monument,3,227.76,96.75,85.79,865.82,Online,Member,No,Clear
TN000358,2025-02-20,07:20:00,Pinnacle,3,230.76,93.91,107.03,893.22,Online,Member,No,Clear
TN000359,2025-05-04,07:30:00,Pinnacle,2,131.34,63.83,83.69,410.2,Phone,Member,No,Clear
TN000360,2025-10-04,11:50:00,Pinnacle,4,166.67,120.27,0.0,786.95,Online,Member,No,Clear
TN000361,2025-11-27,12:40:00,Monument,4,200.21,131.11,0.0,931.95,Concierge,ResortGuest,No,Clear
TN000362,2025-01-23,15:20:00,Pinnacle,3,170.01,90.39,0.0,0.0,Concierge,ResortGuest,Yes,Windy
TN000363,2025-12-05,12:30:00,Monument,4,211.02,140.94,80.36,1065.38,Phone,Public,No,Clear
TN000364,2025-12-21,08:20:00,Pinnacle,3,238.34,91.66,155.4,962.08,Phone,Member,No,Clear
TN000365,2025-03-23,07:30:00,Pinnacle,4,281.75,135.81,152.04,1414.85,Concierge,ResortGuest,No,Clear
TN000366,2025-08-12,07:10:00,Pinnacle,4,141.44,139.95,0.0,705.71,Concierge,ResortGuest,No,Cloudy
TN000367,2025-11-01,11:20:00,Monument,3,252.77,99.14,112.69,970.14,Online,Public,No,Clear
TN000368,2025-10-18,09:40:00,Monument,4,205.17,136.41,192.02,1149.11,Online,Public,No,Windy
TN000369,2025-06-07,11:40:00,Pinnacle,4,133.27,136.79,0.0,669.87,Online,Public,No,Windy
TN000370,2025-02-09,07:20:00,Monument,2,309.28,65.9,29.68,714.14,Online,Public,No,Clear
TN000371,2025-12-06,14:40:00,Monument,3,194.61,94.06,0.0,677.89,Online,Public,No,Clear
TN000372,2025-12-16,07:20:00,Pinnacle,4,232.56,129.65,0.0,1059.89,Online,Member,No,Cloudy
TN000373,2025-06-15,13:10:00,Pinnacle,3,104.25,103.74,0.0,416.49,Phone,ResortGuest,No,Clear
TN000374,2025-11-11,09:10:00,Monument,3,209.55,98.56,95.77,822.98,Concierge,ResortGuest,No,Clear
TN000375,2025-11-23,10:40:00,Monument,2,241.31,68.12,115.19,665.93,Online,Public,No,Clear
TN000376,2025-03-30,08:30:00,Monument,3,295.61,105.05,116.69,1108.57,Online,Public,No,Cloudy
TN000377,2025-03-09,12:40:00,Monument,3,217.23,104.14,151.77,907.6,Online,Public,No,Clear
TN000378,2025-06-21,11:40:00,Monument,1,138.24,40.0,33.33,211.57,Online,Public,No,Clear
TN000379,2025-01-25,09:40:00,Pinnacle,2,257.57,69.84,0.0,584.98,Online,Public,No,Clear
TN000380,2025-02-17,08:50:00,Pinnacle,3,328.86,101.97,62.22,1150.77,Phone,Public,No,Clear
TN000381,2025-07-05,15:30:00,Monument,3,85.0,82.46,0.0,337.46,Walk-up,Member,No,Rain
TN000382,2025-04-26,12:30:00,Monument,4,138.15,123.12,0.0,675.72,Online,Member,No,Clear
TN000383,2025-12-16,07:30:00,Pinnacle,1,235.43,40.0,32.37,307.8,Online,Member,No,Clear
TN000384,2025-03-14,15:20:00,Monument,2,140.67,55.67,0.0,337.01,Online,Member,No,Clear
TN000385,2025-03-21,14:30:00,Pinnacle,3,187.02,89.26,0.0,650.32,Online,Public,No,Clear
TN000386,2025-04-25,14:50:00,Monument,4,147.2,117.63,0.0,706.43,Online,Public,No,Clear
TN000387,2025-04-13,07:40:00,Monument,3,222.82,100.96,0.0,769.42,Phone,ResortGuest,No,Clear
TN000388,2025-03-05,11:40:00,Pinnacle,4,265.92,132.64,0.0,1196.32,Online,Public,No,Cloudy
TN000389,2025-10-21,08:40:00,Pinnacle,3,210.82,103.68,0.0,736.14,Concierge,ResortGuest,No,Cloudy
TN000390,2025-03-12,11:30:00,Monument,4,214.36,131.79,0.0,989.23,Online,ResortGuest,No,Clear
TN000391,2025-03-02,08:10:00,Monument,4,242.95,135.41,76.0,1183.21,Phone,ResortGuest,No,Clear
TN000392,2025-03-02,11:20:00,Monument,2,257.84,67.04,0.0,582.72,Online,Public,No,Clear
TN000393,2025-03-27,06:40:00,Pinnacle,4,266.99,140.99,0.0,1208.95,Phone,ResortGuest,No,Cloudy
TN000394,2025-08-31,09:40:00,Pinnacle,3,146.24,98.86,0.0,537.58,Phone,Public,No,Clear
TN000395,2025-11-18,06:30:00,Pinnacle,3,319.17,100.63,0.0,1058.14,Online,Public,No,Cloudy
TN000396,2025-12-25,11:20:00,Monument,4,200.19,126.46,0.0,927.22,Walk-up,Member,No,Clear
TN000397,2025-11-15,12:10:00,Pinnacle,3,187.12,95.48,0.0,656.84,Online,Member,No,Clear
TN000398,2025-12-28,09:40:00,Monument,1,243.58,40.0,0.0,283.58,Online,Public,No,Clear
TN000399,2025-03-11,07:00:00,Monument,4,280.97,132.02,196.03,1451.93,Online,Public,No,Cloudy
TN000400,2025-03-04,11:40:00,Pinnacle,3,258.22,97.93,0.0,872.59,Walk-up,Public,No,Cloudy
TN000401,2025-02-16,10:50:00,Pinnacle,4,268.13,139.33,0.0,1211.85,Phone,Public,No,Clear
TN000402,2025-11-06,06:30:00,Pinnacle,4,227.76,122.94,0.0,1033.98,Phone,Member,No,Clear
TN000403,2025-08-27,09:30:00,Monument,4,127.47,133.25,0.0,643.13,Online,Public,No,Windy
TN000404,2025-06-28,07:40:00,Pinnacle,4,176.3,140.1,128.88,974.18,Online,Public,No,Clear
TN000405,2025-03-29,13:50:00,Pinnacle,4,200.31,135.94,111.39,1048.57,Concierge,ResortGuest,No,Clear
TN000406,2025-01-04,08:30:00,Pinnacle,3,324.78,98.61,65.64,1138.59,Online,Public,No,Windy
TN000407,2025-11-25,09:00:00,Pinnacle,4,328.7,133.55,0.0,1448.35,Online,Public,No,Clear
TN000408,2025-01-11,08:40:00,Pinnacle,4,298.21,133.93,137.25,1464.02,Concierge,ResortGuest,No,Clear
TN000409,2025-12-18,07:00:00,Monument,4,301.67,137.44,177.58,1521.7,Phone,Public,No,Clear
TN000410,2025-08-10,12:10:00,Pinnacle,3,119.4,104.3,0.0,462.5,Online,Public,No,Cloudy
TN000411,2025-08-30,09:30:00,Monument,4,116.58,131.29,165.07,762.68,Phone,ResortGuest,No,Clear
TN000412,2025-11-29,07:50:00,Monument,2,311.27,70.43,0.0,692.97,Online,Public,No,Windy
TN000413,2025-03-10,06:50:00,Monument,4,222.07,128.55,161.6,1178.43,Online,Member,No,Windy
TN000414,2025-04-13,10:20:00,Monument,3,213.51,105.96,152.07,898.56,Phone,Public,No,Clear
TN000415,2025-01-16,10:50:00,Pinnacle,4,224.72,123.38,0.0,1022.26,Phone,Member,No,Clear
TN000416,2025-02-05,07:30:00,Monument,3,293.07,98.1,154.69,1132.0,Walk-up,Public,No,Clear
TN000417,2025-12-06,09:40:00,Monument,4,265.31,140.58,212.4,1414.22,Online,Public,No,Cloudy
TN000418,2025-03-30,10:30:00,Pinnacle,2,225.1,61.42,0.0,0.0,Online,Member,Yes,Clear
TN000419,2025-08-17,07:50:00,Monument,3,156.49,103.0,71.22,643.69,Online,Public,No,Rain
TN000420,2025-03-08,07:40:00,Pinnacle,3,290.92,100.78,123.67,1097.21,Concierge,ResortGuest,No,Clear
TN000421,2025-12-13,08:10:00,Monument,4,278.0,137.34,0.0,1249.34,Online,Public,No,Clear
TN000422,2025-12-30,09:00:00,Monument,4,260.5,122.12,0.0,1164.12,Sales/Events,Group,No,Clear
TN000423,2025-03-02,14:40:00,Pinnacle,4,169.38,111.8,0.0,789.32,Sales/Events,Group,No,Clear
TN000424,2025-11-09,07:50:00,Pinnacle,2,291.0,69.95,0.0,651.95,Online,Public,No,Clear
TN000425,2025-01-17,06:40:00,Pinnacle,4,236.47,129.36,60.52,1135.76,Sales/Events,Group,No,Clear
TN000426,2025-03-08,07:50:00,Monument,3,226.35,97.58,198.85,975.48,Sales/Events,Group,No,Clear
TN000427,2025-02-04,07:10:00,Pinnacle,3,228.45,97.05,66.83,849.23,Online,Member,No,Clear
TN000428,2025-01-11,07:40:00,Monument,3,297.38,105.09,0.0,997.23,Online,Public,No,Clear
TN000429,2025-11-23,09:50:00,Pinnacle,4,227.87,121.3,87.37,1120.15,Online,Member,No,Clear
TN000430,2025-06-21,12:00:00,Monument,2,138.8,67.57,0.0,0.0,Online,Public,Yes,Clear
TN000431,2025-11-20,07:40:00,Pinnacle,3,287.73,103.81,111.64,1078.64,Online,Public,No,Clear
TN000432,2025-01-25,12:50:00,Pinnacle,3,184.82,93.45,0.0,647.91,Walk-up,Member,No,Clear
TN000433,2025-12-27,11:00:00,Monument,4,219.44,120.8,0.0,998.56,Phone,Group,No,Clear
TN000434,2025-12-07,13:40:00,Monument,3,227.46,106.08,0.0,788.46,Online,Public,No,Clear
TN000435,2025-12-27,07:20:00,Pinnacle,4,245.98,129.49,171.81,1285.22,Phone,Group,No,Clear
TN000436,2025-05-18,09:50:00,Pinnacle,3,150.68,99.19,121.71,672.94,Online,Public,No,Clear
TN000437,2025-04-06,10:00:00,Monument,3,200.27,105.44,183.0,889.25,Online,Public,No,Cloudy
TN000438,2025-03-11,08:20:00,Pinnacle,2,282.14,70.64,0.0,634.92,Phone,ResortGuest,No,Cloudy
TN000439,2025-04-27,07:00:00,Pinnacle,3,258.45,104.35,0.0,879.7,Online,Public,No,Clear
TN000440,2025-01-19,07:50:00,Pinnacle,4,274.98,136.48,0.0,1236.4,Online,ResortGuest,No,Clear
TN000441,2025-12-13,08:20:00,Pinnacle,4,285.22,134.08,158.26,1433.22,Phone,ResortGuest,No,Clear
TN000442,2025-03-23,10:50:00,Pinnacle,2,270.97,66.26,0.0,608.2,Online,Public,No,Clear
TN000443,2025-06-15,11:40:00,Monument,3,140.47,104.75,48.55,574.71,Online,Public,No,Windy
TN000444,2025-01-28,08:40:00,Pinnacle,3,310.2,99.39,60.98,1090.97,Online,Public,No,Clear
TN000445,2025-01-23,11:30:00,Pinnacle,3,202.34,90.82,0.0,697.84,Online,Member,No,Windy
TN000446,2025-02-15,08:40:00,Pinnacle,3,323.19,100.95,75.02,1145.54,Online,Public,No,Cloudy
TN000447,2025-05-17,07:00:00,Pinnacle,4,168.07,134.5,247.87,1054.65,Online,Public,No,Cloudy
TN000448,2025-06-06,11:20:00,Monument,2,118.77,68.31,99.93,405.78,Phone,ResortGuest,No,Cloudy
TN000449,2025-10-05,14:00:00,Monument,4,183.75,132.18,0.0,867.18,Phone,Public,No,Clear
TN000450,2025-12-03,07:40:00,Pinnacle,3,238.62,96.7,0.0,812.56,Online,Member,No,Clear
TN000451,2025-10-19,09:00:00,Pinnacle,2,226.95,67.96,0.0,521.86,Online,Public,No,Clear
TN000452,2025-04-13,08:50:00,Pinnacle,4,249.76,136.33,0.0,1135.37,Phone,Public,No,Clear
TN000453,2025-09-07,13:10:00,Monument,4,125.69,132.97,60.73,696.46,Online,Public,No,Clear
TN000454,2025-11-01,11:10:00,Pinnacle,3,209.96,93.57,51.07,774.52,Phone,Member,No,Clear
TN000455,2025-12-10,13:20:00,Pinnacle,2,246.43,67.39,0.0,560.25,Online,Public,No,Clear
TN000456,2025-03-26,06:30:00,Pinnacle,4,338.43,140.75,152.56,1647.03,Online,Public,No,Cloudy
TN000457,2025-01-12,07:50:00,Pinnacle,2,334.58,69.4,30.7,769.26,Online,Public,No,Clear
TN000458,2025-09-06,13:50:00,Monument,4,108.87,140.98,0.0,576.46,Online,Public,No,Cloudy
TN000459,2025-03-02,13:30:00,Pinnacle,3,235.02,102.6,0.0,807.66,Phone,Public,No,Windy
TN000460,2025-08-30,12:10:00,Monument,2,118.51,67.61,42.13,346.76,Online,Public,No,Rain
TN000461,2025-11-24,14:00:00,Monument,4,163.63,126.0,0.0,780.52,Phone,Member,No,Clear
TN000462,2025-04-18,07:40:00,Monument,4,191.67,121.74,179.24,1067.66,Sales/Events,Group,No,Clear
TN000463,2025-01-26,09:00:00,Monument,2,261.17,67.85,0.0,590.19,Concierge,ResortGuest,No,Cloudy
TN000464,2025-11-09,12:50:00,Pinnacle,3,180.17,94.82,0.0,635.33,Sales/Events,Group,No,Cloudy
TN000465,2025-11-11,07:10:00,Monument,3,249.83,97.07,0.0,846.56,Sales/Events,Group,No,Clear
TN000466,2025-07-13,07:10:00,Monument,3,161.78,102.34,127.95,715.63,Walk-up,Public,No,Windy
TN000467,2025-05-08,12:10:00,Monument,4,103.13,135.14,279.2,826.86,Online,ResortGuest,No,Clear
TN000468,2025-11-22,06:40:00,Monument,3,274.07,104.97,97.38,1024.56,Phone,ResortGuest,No,Cloudy
TN000469,2025-01-19,09:10:00,Pinnacle,4,202.81,124.01,0.0,935.25,Online,Member,No,Cloudy
TN000470,2025-09-30,07:40:00,Monument,4,165.8,139.28,0.0,802.48,Walk-up,Public,No,Clear
TN000471,2025-09-29,14:20:00,Monument,3,104.31,91.8,0.0,404.73,Walk-up,Public,No,Clear
TN000472,2025-04-12,13:00:00,Pinnacle,2,167.45,67.12,59.6,461.62,Walk-up,Public,No,Clear
TN000473,2025-08-31,06:40:00,Pinnacle,4,147.26,137.31,0.0,0.0,Concierge,ResortGuest,Yes,Clear
TN000474,2025-10-18,13:50:00,Monument,4,183.06,132.93,133.33,998.5,Walk-up,Public,No,Rain
TN000475,2025-12-07,11:00:00,Pinnacle,4,276.84,139.76,92.39,1339.51,Phone,Public,No,Cloudy
TN000476,2025-02-22,10:20:00,Pinnacle,3,270.72,100.44,0.0,912.6,Online,Public,No,Clear
TN000477,2025-08-02,10:10:00,Pinnacle,3,136.27,102.34,143.13,654.28,Walk-up,Public,No,Clear
TN000478,2025-09-14,12:50:00,Monument,3,123.76,104.6,0.0,475.88,Online,Public,No,Windy
TN000479,2025-09-14,08:40:00,Monument,3,162.32,103.12,0.0,590.08,Phone,Public,No,Clear
TN000480,2025-08-30,14:40:00,Monument,3,104.15,88.77,129.28,530.5,Online,Public,No,Clear
TN000481,2025-01-14,14:20:00,Monument,3,158.18,84.86,0.0,559.4,Sales/Events,Group,No,Clear
TN000482,2025-12-21,06:40:00,Pinnacle,4,298.97,139.06,191.74,1526.68,Online,Public,No,Cloudy
TN000483,2025-03-10,15:10:00,Pinnacle,3,143.87,84.25,76.82,592.68,Online,Member,No,Clear
TN000484,2025-06-07,10:30:00,Pinnacle,3,155.21,100.22,97.8,663.65,Online,Public,No,Clear
TN000485,2025-09-10,07:30:00,Pinnacle,2,153.72,68.5,0.0,375.94,Online,Public,No,Clear
TN000486,2025-01-10,06:50:00,Pinnacle,3,313.31,99.57,0.0,1039.5,Online,Public,No,Clear
TN000487,2025-11-30,14:20:00,Pinnacle,3,145.05,86.25,103.48,624.88,Walk-up,Member,No,Clear
TN000488,2025-02-10,07:10:00,Pinnacle,3,244.08,94.61,68.96,895.81,Phone,Member,No,Clear
TN000489,2025-03-02,09:40:00,Pinnacle,3,271.04,102.67,97.53,1013.32,Phone,Public,No,Clear
TN000490,2025-03-15,13:00:00,Pinnacle,3,239.82,105.3,134.71,959.47,Online,Public,No,Clear
TN000491,2025-03-22,07:20:00,Monument,4,241.36,129.38,202.61,1297.43,Sales/Events,Group,No,Clear
TN000492,2025-01-20,15:30:00,Monument,4,177.97,123.18,135.67,970.73,Online,Public,No,Cloudy
TN000493,2025-01-25,06:40:00,Pinnacle,1,318.26,40.0,22.16,380.42,Phone,Public,No,Cloudy
TN000494,2025-11-16,14:20:00,Pinnacle,3,210.19,94.71,108.34,833.62,Phone,Public,No,Clear
TN000495,2025-11-18,07:00:00,Monument,3,293.11,101.81,146.83,1127.97,Phone,Public,No,Clear
TN000496,2025-07-13,11:10:00,Pinnacle,2,143.23,69.16,72.65,428.27,Online,Public,No,Cloudy
TN000497,2025-11-30,07:00:00,Monument,2,285.85,69.83,0.0,641.53,Online,Public,No,Clear
TN000498,2025-01-19,09:10:00,Pinnacle,3,255.09,100.9,0.0,866.17,Online,Public,No,Clear
TN000499,2025-08-23,06:40:00,Monument,3,154.66,98.18,170.63,732.79,Online,Public,No,Cloudy
TN000500,2025-01-11,09:00:00,Monument,3,292.21,98.75,0.0,975.38,Online,Public,No,Clear
TN000501,2025-11-26,07:10:00,Monument,3,259.44,94.93,0.0,873.25,Sales/Events,Group,No,Clear
TN000502,2025-03-08,08:20:00,Monument,2,278.91,65.85,0.0,623.67,Online,ResortGuest,No,Clear
TN000503,2025-04-04,14:00:00,Monument,4,135.72,129.49,81.83,754.2,Walk-up,Member,No,Clear
TN000504,2025-03-30,09:50:00,Pinnacle,4,229.08,135.13,0.0,1051.45,Phone,ResortGuest,No,Clear
TN000505,2025-03-17,09:30:00,Pinnacle,3,254.58,106.06,212.76,1082.56,Walk-up,Public,No,Clear
TN000506,2025-02-23,09:00:00,Monument,3,240.74,93.78,102.55,918.55,Phone,Member,No,Clear
TN000507,2025-03-07,13:50:00,Monument,4,225.1,133.77,0.0,1034.17,Online,Public,No,Clear
TN000508,2025-09-07,07:50:00,Pinnacle,4,133.94,125.47,98.9,760.13,Online,Member,No,Clear
TN000509,2025-01-06,13:00:00,Monument,1,229.09,40.0,49.43,318.52,Online,Public,No,Clear
TN000510,2025-11-08,11:10:00,Pinnacle,3,272.54,99.64,0.0,917.26,Phone,Public,No,Clear
TN000511,2025-10-13,06:50:00,Monument,3,200.27,102.11,0.0,0.0,Online,ResortGuest,Yes,Clear
TN000512,2025-11-05,11:00:00,Pinnacle,3,216.95,91.43,102.33,844.61,Walk-up,Member,No,Clear
TN000513,2025-01-26,06:50:00,Pinnacle,4,258.74,128.31,0.0,1163.27,Sales/Events,Group,No,Clear
TN000514,2025-12-03,06:50:00,Pinnacle,4,333.22,131.05,0.0,1463.93,Walk-up,Public,No,Clear
TN000515,2025-03-16,08:50:00,Monument,3,279.81,102.4,123.0,1064.83,Online,Public,No,Clear
TN000516,2025-05-17,14:40:00,Monument,3,105.04,90.27,132.4,537.79,Online,Public,No,Clear
TN000517,2025-05-11,07:10:00,Monument,4,130.63,124.75,0.0,647.27,Phone,Member,No,Clear
TN000518,2025-02-02,11:20:00,Pinnacle,2,269.38,70.36,36.31,645.43,Phone,Public,No,Cloudy
TN000519,2025-06-15,14:50:00,Monument,2,100.75,59.57,98.2,359.27,Walk-up,Public,No,Cloudy
TN000520,2025-07-11,11:20:00,Monument,4,102.96,124.41,0.0,536.25,Online,Member,No,Cloudy
TN000521,2025-05-31,06:50:00,Monument,3,147.0,99.58,97.53,638.11,Concierge,ResortGuest,No,Clear
TN000522,2025-02-08,15:30:00,Pinnacle,3,202.28,91.21,58.94,756.99,Walk-up,Public,No,Clear
TN000523,2025-03-23,11:10:00,Pinnacle,4,238.24,134.79,0.0,1087.75,Phone,ResortGuest,No,Clear
TN000524,2025-04-24,15:50:00,Monument,1,162.35,40.0,0.0,202.35,Phone,Public,No,Clear
TN000525,2025-11-14,11:30:00,Monument,3,248.78,103.49,188.69,1038.52,Phone,Public,No,Clear
TN000526,2025-01-26,14:30:00,Monument,2,166.64,60.69,0.0,393.97,Online,ResortGuest,No,Cloudy
TN000527,2025-12-02,06:30:00,Monument,3,256.84,104.14,0.0,874.66,Concierge,ResortGuest,No,Clear
TN000528,2025-11-03,08:40:00,Monument,3,249.26,95.8,0.0,843.58,Online,Member,No,Clear
TN000529,2025-01-24,10:00:00,Monument,3,278.29,99.89,160.7,1095.46,Online,Public,No,Clear
TN000530,2025-02-27,09:00:00,Monument,4,253.06,136.5,0.0,1148.74,Concierge,ResortGuest,No,Clear
TN000531,2025-06-08,06:50:00,Pinnacle,2,164.98,66.55,0.0,396.51,Online,Public,No,Clear
TN000532,2025-09-27,08:50:00,Monument,4,132.15,132.58,0.0,661.18,Online,ResortGuest,No,Cloudy
TN000533,2025-07-27,13:30:00,Pinnacle,3,96.09,95.09,143.36,526.72,Online,Member,No,Cloudy
TN000534,2025-06-10,12:00:00,Monument,4,129.25,138.74,80.26,736.0,Online,Public,No,Windy
TN000535,2025-11-29,06:50:00,Monument,3,221.66,91.56,0.0,756.54,Phone,Member,No,Windy
TN000536,2025-11-05,09:30:00,Monument,4,276.63,137.01,0.0,1243.53,Walk-up,Public,No,Clear
TN000537,2025-03-18,09:50:00,Pinnacle,2,195.89,62.61,78.12,532.51,Online,Member,No,Clear
TN000538,2025-11-30,06:30:00,Pinnacle,4,281.54,131.78,161.76,1419.7,Concierge,ResortGuest,No,Clear
TN000539,2025-12-23,09:00:00,Pinnacle,4,233.9,128.14,0.0,1063.74,Walk-up,Member,No,Clear
TN000540,2025-03-24,11:10:00,Pinnacle,4,224.41,134.26,79.35,1111.25,Online,ResortGuest,No,Clear
TN000541,2025-07-19,08:40:00,Monument,4,166.51,140.01,223.15,1029.2,Online,Public,No,Clear
TN000542,2025-08-19,06:30:00,Monument,3,151.95,105.73,0.0,561.58,Online,Public,No,Clear
TN000543,2025-04-09,12:20:00,Pinnacle,3,190.65,101.5,67.23,740.68,Online,Public,No,Clear
TN000544,2025-10-26,07:10:00,Monument,4,169.35,125.48,160.43,963.31,Phone,Member,No,Clear
TN000545,2025-06-08,14:20:00,Monument,4,93.6,125.11,0.0,499.51,Phone,ResortGuest,No,Rain
TN000546,2025-03-10,15:00:00,Monument,4,161.59,119.31,249.47,1015.14,Online,ResortGuest,No,Clear
TN000547,2025-08-30,14:50:00,Monument,3,104.59,89.26,0.0,0.0,Online,Public,Yes,Clear
TN000548,2025-11-09,06:40:00,Pinnacle,4,307.87,135.69,112.33,1479.5,Online,Public,No,Clear
TN000549,2025-12-21,08:00:00,Pinnacle,2,319.44,65.61,0.0,704.49,Online,Public,No,Clear
TN000550,2025-12-07,10:30:00,Monument,2,273.59,69.19,79.85,696.22,Online,Public,No,Clear
TN000551,2025-12-11,06:30:00,Pinnacle,3,243.83,92.3,0.0,823.79,Online,Member,No,Cloudy
TN000552,2025-12-09,08:00:00,Pinnacle,4,229.64,128.19,124.56,1171.31,Walk-up,Member,No,Clear
TN000553,2025-08-01,12:30:00,Pinnacle,3,126.93,103.29,74.99,559.07,Online,Public,No,Clear
TN000554,2025-02-23,12:50:00,Pinnacle,2,211.9,66.53,115.66,605.99,Online,Public,No,Clear
TN000555,2025-03-16,10:20:00,Pinnacle,4,196.18,122.0,254.13,1160.85,Online,Member,No,Cloudy
TN000556,2025-03-02,08:00:00,Monument,3,275.29,98.73,0.0,924.6,Phone,Public,No,Cloudy
TN000557,2025-09-17,10:10:00,Pinnacle,2,135.65,68.21,0.0,339.51,Online,Public,No,Cloudy
TN000558,2025-01-11,08:50:00,Monument,3,238.44,97.04,0.0,812.36,Online,Member,No,Cloudy
TN000559,2025-12-06,09:00:00,Monument,3,295.98,104.82,127.3,1120.06,Online,Public,No,Clear
TN000560,2025-12-08,07:00:00,Monument,2,234.6,62.97,0.0,532.17,Online,Member,No,Clear
TN000561,2025-03-16,06:50:00,Monument,4,228.69,129.77,82.97,1127.5,Phone,Member,No,Cloudy
TN000562,2025-11-22,09:30:00,Pinnacle,3,212.57,94.04,0.0,731.75,Phone,Member,No,Clear
TN000563,2025-06-07,15:30:00,Monument,4,85.0,109.79,0.0,449.79,Phone,Member,No,Clear
TN000564,2025-08-23,07:30:00,Monument,3,146.59,99.39,141.65,680.81,Online,Public,No,Clear
TN000565,2025-12-19,12:50:00,Pinnacle,2,214.6,67.57,0.0,496.77,Online,Public,No,Clear
TN000566,2025-07-24,08:30:00,Pinnacle,4,119.36,122.04,136.75,736.23,Online,Member,No,Clear
TN000567,2025-01-11,08:20:00,Pinnacle,3,255.68,94.95,0.0,861.99,Walk-up,Member,No,Clear
TN000568,2025-01-04,11:20:00,Monument,4,227.54,126.85,137.14,1174.15,Sales/Events,Group,No,Clear
TN000569,2025-03-22,13:20:00,Monument,3,184.82,102.52,135.66,792.64,Online,ResortGuest,No,Cloudy
TN000570,2025-11-29,08:20:00,Monument,2,320.69,69.54,97.4,808.32,Phone,Public,No,Clear
TN000571,2025-06-23,08:50:00,Pinnacle,4,143.87,122.69,0.0,698.17,Online,Group,No,Clear
TN000572,2025-05-01,07:00:00,Pinnacle,2,161.93,70.69,120.29,514.84,Online,Public,No,Clear
TN000573,2025-12-08,13:10:00,Monument,4,192.98,131.7,0.0,903.62,Phone,ResortGuest,No,Clear
TN000574,2025-09-23,15:10:00,Monument,4,87.29,111.13,0.0,460.29,Sales/Events,Group,No,Clear
TN000575,2025-11-01,12:20:00,Monument,3,162.03,93.42,168.06,747.57,Online,Member,No,Clear
TN000576,2025-01-17,15:20:00,Monument,2,184.53,61.04,0.0,430.1,Phone,Public,No,Clear
TN000577,2025-03-22,12:10:00,Monument,4,236.32,136.87,0.0,1082.15,Phone,Public,No,Clear
TN000578,2025-03-12,06:40:00,Pinnacle,3,262.69,98.56,0.0,886.63,Phone,ResortGuest,No,Windy
TN000579,2025-01-03,07:50:00,Monument,3,222.04,92.61,108.85,867.58,Phone,Member,No,Clear
TN000580,2025-05-04,13:00:00,Monument,4,110.54,135.89,254.52,832.57,Phone,ResortGuest,No,Clear
TN000581,2025-12-15,06:50:00,Monument,2,284.55,68.14,0.0,0.0,Online,Public,Yes,Cloudy
TN000582,2025-12-05,12:20:00,Monument,3,229.98,99.09,0.0,789.03,Online,Public,No,Clear
TN000583,2025-07-06,14:00:00,Pinnacle,2,127.04,67.14,0.0,0.0,Phone,Public,Yes,Clear
TN000584,2025-05-17,12:10:00,Monument,3,112.54,101.12,0.0,438.74,Phone,Public,No,Clear
TN000585,2025-02-28,11:20:00,Pinnacle,4,230.74,131.31,0.0,1054.27,Online,ResortGuest,No,Clear
TN000586,2025-02-28,08:10:00,Pinnacle,4,250.6,124.96,0.0,1127.36,Phone,Member,No,Clear
TN000587,2025-10-19,11:40:00,Pinnacle,3,217.47,98.36,162.06,912.83,Online,Public,No,Clear
TN000588,2025-03-15,14:30:00,Monument,4,191.72,127.25,0.0,894.13,Phone,Public,No,Clear
TN000589,2025-03-21,07:40:00,Monument,4,249.01,128.96,0.0,1125.0,Online,Group,No,Clear
TN000590,2025-11-09,06:50:00,Pinnacle,3,303.46,100.31,133.13,1143.82,Online,Public,No,Clear
TN000591,2025-04-12,08:40:00,Pinnacle,3,184.61,95.49,0.0,649.32,Online,Member,No,Clear
TN000592,2025-07-04,14:00:00,Pinnacle,3,112.3,106.02,146.14,589.06,Online,Public,No,Clear
TN000593,2025-12-21,11:40:00,Pinnacle,4,230.6,136.76,0.0,1059.16,Phone,ResortGuest,No,Clear
TN000594,2025-11-01,09:10:00,Pinnacle,4,208.63,126.17,185.84,1146.53,Online,Member,No,Windy
TN000595,2025-02-02,08:20:00,Pinnacle,4,253.24,122.29,149.16,1284.41,Online,Member,No,Cloudy
TN000596,2025-08-09,10:00:00,Monument,2,117.08,68.54,120.72,423.42,Phone,ResortGuest,No,Clear
TN000597,2025-10-27,06:30:00,Monument,3,230.4,101.57,0.0,792.77,Online,Public,No,Clear
TN000598,2025-06-01,07:30:00,Pinnacle,3,139.8,92.34,0.0,511.74,Phone,Group,No,Clear
TN000599,2025-07-15,12:20:00,Pinnacle,4,124.11,132.57,0.0,629.01,Phone,Public,No,Cloudy
TN000600,2025-06-16,14:40:00,Pinnacle,3,108.0,93.16,0.0,417.16,Walk-up,Public,No,Clear
TN000601,2025-11-18,07:40:00,Pinnacle,2,293.76,69.87,45.41,702.8,Phone,Public,No,Clear
TN000602,2025-03-23,12:30:00,Monument,2,220.73,66.86,66.35,574.67,Online,Public,No,Clear
TN000603,2025-03-09,10:00:00,Monument,4,227.9,124.65,177.71,1213.96,Phone,Group,No,Clear
TN000604,2025-07-23,13:40:00,Pinnacle,3,116.61,100.82,0.0,450.65,Online,Public,No,Rain
TN000605,2025-02-22,10:20:00,Monument,3,249.11,100.6,0.0,847.93,Online,Public,No,Clear
TN000606,2025-11-28,11:40:00,Monument,4,257.06,131.13,0.0,1159.37,Walk-up,Public,No,Clear
TN000607,2025-12-08,07:50:00,Monument,4,262.84,128.91,198.54,1378.81,Online,Group,No,Cloudy
TN000608,2025-08-29,14:20:00,Pinnacle,2,98.78,62.2,0.0,259.76,Phone,ResortGuest,No,Clear
TN000609,2025-01-14,09:10:00,Monument,3,191.32,95.46,0.0,669.42,Online,Member,No,Clear
TN000610,2025-02-11,06:30:00,Monument,4,244.75,128.72,0.0,1107.72,Sales/Events,Group,No,Cloudy
TN000611,2025-06-29,15:20:00,Pinnacle,4,100.15,125.7,0.0,526.3,Walk-up,Public,No,Clear
TN000612,2025-03-17,08:10:00,Pinnacle,3,264.2,98.18,75.19,965.97,Online,ResortGuest,No,Clear
TN000613,2025-02-28,07:00:00,Pinnacle,2,249.49,61.54,0.0,560.52,Online,Member,No,Clear
TN000614,2025-12-13,08:10:00,Pinnacle,4,266.52,126.67,205.29,1398.04,Sales/Events,Group,No,Windy
TN000615,2025-05-18,09:40:00,Monument,4,146.77,136.61,146.03,869.72,Phone,Public,No,Clear
TN000616,2025-01-10,09:50:00,Pinnacle,3,252.11,99.29,0.0,855.62,Walk-up,Public,No,Cloudy
TN000617,2025-06-06,11:50:00,Monument,4,101.55,125.57,0.0,531.77,Walk-up,Member,No,Clear
TN000618,2025-10-18,14:30:00,Monument,3,117.88,87.74,0.0,441.38,Phone,Member,No,Cloudy
TN000619,2025-11-08,09:40:00,Pinnacle,4,216.86,127.31,0.0,994.75,Online,Member,No,Clear
TN000620,2025-12-18,09:30:00,Pinnacle,4,291.0,136.54,0.0,1300.54,Online,Public,No,Clear
TN000621,2025-11-23,07:30:00,Monument,1,304.06,40.0,47.39,391.45,Online,Public,No,Clear
TN000622,2025-11-21,13:40:00,Pinnacle,3,214.26,104.68,0.0,747.46,Online,Public,No,Clear
TN000623,2025-04-27,07:30:00,Pinnacle,3,231.38,98.36,0.0,0.0,Concierge,ResortGuest,Yes,Rain
TN000624,2025-03-23,10:40:00,Monument,3,266.01,99.4,153.63,1051.06,Phone,Public,No,Clear
TN000625,2025-06-28,13:00:00,Pinnacle,2,127.8,69.17,48.82,373.59,Phone,Public,No,Clear
TN000626,2025-09-28,14:40:00,Pinnacle,3,85.55,86.88,155.14,498.67,Phone,Member,No,Clear
TN000627,2025-04-27,13:10:00,Monument,3,181.53,104.75,142.78,792.12,Phone,Public,No,Clear
TN000628,2025-05-31,14:30:00,Pinnacle,3,106.3,94.69,111.63,525.22,Online,Public,No,Clear
TN000629,2025-06-30,08:10:00,Pinnacle,3,171.37,102.95,0.0,617.06,Online,Public,No,Clear
TN000630,2025-01-11,08:00:00,Monument,3,294.59,102.81,0.0,0.0,Online,Public,Yes,Cloudy
TN000631,2025-12-06,11:30:00,Monument,3,224.01,104.02,51.08,827.13,Concierge,ResortGuest,No,Clear
TN000632,2025-11-10,07:00:00,Monument,3,300.85,102.37,150.11,1155.03,Walk-up,Public,No,Cloudy
TN000633,2025-02-02,13:40:00,Pinnacle,3,226.53,103.4,0.0,782.99,Online,Public,No,Clear
TN000634,2025-10-12,11:40:00,Pinnacle,4,220.51,140.49,81.32,1103.85,Online,Public,No,Clear
TN000635,2025-07-19,09:10:00,Pinnacle,4,145.32,133.89,0.0,715.17,Online,Public,No,Clear
TN000636,2025-09-20,13:30:00,Monument,2,119.19,65.72,0.0,304.1,Online,Public,No,Clear
TN000637,2025-01-04,09:00:00,Pinnacle,3,306.55,103.91,74.82,1098.38,Online,Public,No,Clear
TN000638,2025-06-28,12:20:00,Monument,3,108.84,100.06,95.66,522.24,Concierge,ResortGuest,No,Clear
TN000639,2025-03-02,11:30:00,Monument,3,259.43,100.12,0.0,878.41,Phone,Public,No,Clear
TN000640,2025-02-12,06:50:00,Pinnacle,3,229.46,96.33,0.0,784.71,Phone,Member,No,Clear
TN000641,2025-11-22,08:10:00,Monument,4,213.69,124.18,0.0,978.94,Online,Member,No,Clear
TN000642,2025-04-05,13:40:00,Pinnacle,3,179.34,102.96,134.89,775.87,Online,Public,No,Clear
TN000643,2025-08-03,11:30:00,Monument,2,111.68,68.09,0.0,291.45,Phone,ResortGuest,No,Rain
TN000644,2025-06-02,08:00:00,Pinnacle,3,160.41,106.06,0.0,587.29,Phone,Public,No,Clear
TN000645,2025-09-21,08:50:00,Pinnacle,2,165.73,66.3,0.0,397.76,Phone,Public,No,Cloudy
TN000646,2025-06-29,11:30:00,Monument,4,110.83,138.22,173.88,755.42,Phone,ResortGuest,No,Clear
TN000647,2025-01-10,12:30:00,Pinnacle,4,215.61,131.73,0.0,994.17,Online,Public,No,Clear
TN000648,2025-02-23,11:30:00,Monument,2,265.64,66.01,72.44,669.73,Phone,Public,No,Clear
TN000649,2025-01-16,11:50:00,Monument,3,250.9,105.83,179.93,1038.46,Phone,Public,No,Clear
TN000650,2025-03-09,10:00:00,Pinnacle,3,200.81,92.22,0.0,694.65,Online,Member,No,Clear
TN000651,2025-03-12,07:40:00,Monument,3,320.2,104.53,0.0,1065.13,Online,Public,No,Clear
TN000652,2025-06-29,08:30:00,Monument,2,133.19,64.99,0.0,331.37,Walk-up,Member,No,Clear
TN000653,2025-07-19,12:30:00,Monument,4,97.78,124.33,0.0,515.45,Sales/Events,Group,No,Clear
TN000654,2025-12-27,12:40:00,Monument,2,220.35,67.89,0.0,508.59,Online,Public,No,Clear
TN000655,2025-02-04,08:50:00,Pinnacle,2,242.63,63.66,0.0,548.92,Online,Member,No,Windy
TN000656,2025-12-18,11:20:00,Monument,4,208.53,126.89,0.0,961.01,Phone,Member,No,Windy
TN000657,2025-08-24,12:10:00,Monument,4,101.19,132.47,0.0,537.23,Concierge,ResortGuest,No,Clear
TN000658,2025-03-17,07:20:00,Monument,4,218.49,129.84,0.0,1003.8,Online,Member,No,Clear
TN000659,2025-11-23,08:30:00,Monument,4,245.1,133.06,153.86,1267.32,Phone,ResortGuest,No,Cloudy
TN000660,2025-01-12,09:10:00,Monument,3,210.62,91.16,99.11,822.13,Sales/Events,Group,No,Clear
TN000661,2025-02-02,07:50:00,Pinnacle,2,306.21,69.15,84.38,765.95,Online,Public,No,Cloudy
TN000662,2025-10-25,13:30:00,Monument,2,169.01,68.34,48.94,455.3,Online,Public,No,Clear
TN000663,2025-03-09,07:40:00,Monument,3,229.52,93.37,92.88,874.81,Online,Member,No,Clear
TN000664,2025-01-16,12:30:00,Pinnacle,2,180.18,63.7,76.26,500.32,Online,Member,No,Clear
TN000665,2025-12-01,07:10:00,Pinnacle,3,250.25,93.21,137.44,981.4,Online,Member,No,Cloudy
TN000666,2025-11-02,12:00:00,Pinnacle,4,270.3,140.46,133.27,1354.93,Phone,Public,No,Windy
TN000667,2025-12-29,10:30:00,Pinnacle,3,271.31,105.63,47.48,967.04,Online,Public,No,Clear
TN000668,2025-03-01,07:30:00,Pinnacle,1,339.11,40.0,31.68,410.79,Online,Public,No,Clear
TN000669,2025-02-15,06:40:00,Monument,3,266.26,100.85,0.0,899.63,Phone,ResortGuest,No,Cloudy
TN000670,2025-07-19,14:00:00,Monument,4,108.0,138.62,114.08,684.7,Online,Public,No,Cloudy
TN000671,2025-02-27,06:50:00,Monument,1,309.23,40.0,0.0,0.0,Walk-up,Public,Yes,Windy
TN000672,2025-12-13,10:10:00,Pinnacle,2,205.35,61.41,78.95,551.06,Online,Member,No,Clear
TN000673,2025-03-31,10:40:00,Monument,4,241.08,136.23,0.0,1100.55,Concierge,ResortGuest,No,Clear
TN000674,2025-05-30,07:00:00,Monument,3,132.64,96.93,0.0,494.85,Walk-up,Member,No,Clear
TN000675,2025-01-03,12:30:00,Pinnacle,3,248.65,104.56,0.0,850.51,Online,Public,No,Clear
TN000676,2025-12-06,10:00:00,Pinnacle,4,205.07,129.83,0.0,950.11,Online,Member,No,Clear
TN000677,2025-05-03,08:30:00,Pinnacle,3,150.84,101.06,0.0,553.58,Concierge,ResortGuest,No,Windy
TN000678,2025-09-06,08:10:00,Monument,2,159.29,68.27,89.98,476.83,Online,Public,No,Clear
TN000679,2025-09-25,07:30:00,Monument,4,158.66,133.72,220.94,989.3,Online,Public,No,Clear
TN000680,2025-12-21,08:30:00,Monument,3,285.74,105.52,100.58,1063.32,Walk-up,Public,No,Clear
TN000681,2025-08-03,06:50:00,Monument,3,154.47,104.48,109.14,677.03,Online,Public,No,Clear
TN000682,2025-04-22,13:40:00,Pinnacle,4,188.55,137.94,129.21,1021.35,Online,Public,No,Clear
TN000683,2025-08-24,09:00:00,Pinnacle,4,166.37,141.16,0.0,806.64,Online,Public,No,Clear
TN000684,2025-10-18,08:40:00,Monument,3,198.27,96.0,0.0,690.81,Phone,Member,No,Clear
TN000685,2025-02-13,11:20:00,Monument,3,213.74,95.33,126.67,863.22,Sales/Events,Group,No,Clear
TN000686,2025-04-12,09:10:00,Monument,3,216.05,103.68,82.67,834.5,Online,Public,No,Cloudy
TN000687,2025-01-11,07:50:00,Monument,3,269.6,99.38,149.25,1057.43,Online,ResortGuest,No,Clear
TN000688,2025-03-27,09:00:00,Pinnacle,3,327.37,98.84,147.78,1228.73,Online,Public,No,Windy
TN000689,2025-11-22,15:30:00,Pinnacle,3,152.61,85.74,73.01,616.58,Online,Member,No,Clear
TN000690,2025-08-17,13:30:00,Monument,3,88.96,97.35,156.77,521.0,Online,Member,No,Cloudy
TN000691,2025-12-30,13:30:00,Monument,2,157.15,61.28,0.0,375.58,Walk-up,Member,No,Clear
TN000692,2025-03-12,08:20:00,Monument,3,279.48,101.8,87.9,1028.14,Online,Public,No,Clear
TN000693,2025-04-14,14:00:00,Pinnacle,4,154.73,126.94,154.67,900.53,Phone,Group,No,Cloudy
TN000694,2025-09-30,11:30:00,Pinnacle,4,122.5,139.25,0.0,629.25,Phone,ResortGuest,No,Clear
TN000695,2025-05-27,10:20:00,Pinnacle,3,141.33,98.35,0.0,0.0,Online,Public,Yes,Clear
TN000696,2025-02-15,11:10:00,Pinnacle,3,238.64,100.81,0.0,816.73,Phone,ResortGuest,No,Clear
TN000697,2025-02-01,07:30:00,Pinnacle,4,271.7,139.96,0.0,1226.76,Online,ResortGuest,No,Cloudy
TN000698,2025-03-22,07:00:00,Pinnacle,2,321.42,67.65,101.21,811.7,Online,Public,No,Clear
TN000699,2025-08-17,09:00:00,Monument,2,161.61,67.72,0.0,390.94,Online,Public,No,Cloudy
TN000700,2025-07-05,15:00:00,Monument,3,100.85,92.62,89.96,485.13,Online,Public,No,Cloudy
TN000701,2025-10-26,11:50:00,Pinnacle,4,201.93,136.42,134.54,1078.68,Phone,ResortGuest,No,Clear
TN000702,2025-02-03,08:40:00,Monument,4,248.53,129.16,90.4,1213.68,Online,Member,No,Clear
TN000703,2025-02-25,08:00:00,Monument,4,221.88,127.18,137.7,1152.4,Online,Member,No,Clear
TN000704,2025-03-29,08:00:00,Monument,3,250.2,97.08,0.0,847.68,Phone,Member,No,Clear
TN000705,2025-11-23,08:30:00,Pinnacle,4,267.93,136.98,0.0,1208.7,Online,ResortGuest,No,Clear
TN000706,2025-12-08,11:30:00,Pinnacle,3,248.67,100.42,0.0,846.43,Phone,Public,No,Clear
TN000707,2025-03-17,13:20:00,Monument,3,202.64,104.88,46.1,758.9,Online,Public,No,Clear
TN000708,2025-02-10,08:00:00,Monument,3,304.35,97.92,0.0,1010.97,Online,Public,No,Clear
TN000709,2025-07-19,07:40:00,Pinnacle,4,136.73,129.86,187.33,864.11,Sales/Events,Group,No,Windy
TN000710,2025-01-21,08:50:00,Pinnacle,4,335.59,131.15,0.0,1473.51,Online,Public,No,Cloudy
TN000711,2025-11-22,07:20:00,Monument,3,229.03,93.91,131.44,912.44,Phone,Member,No,Clear
TN000712,2025-02-23,10:30:00,Pinnacle,3,265.7,105.43,95.25,997.78,Online,Public,No,Clear
TN000713,2025-11-22,07:40:00,Monument,3,318.85,104.6,161.24,1222.39,Walk-up,Public,No,Cloudy
TN000714,2025-07-12,14:00:00,Pinnacle,3,123.16,103.89,119.47,592.84,Online,Public,No,Clear
TN000715,2025-04-05,06:40:00,Monument,4,250.38,138.06,210.1,1349.68,Online,Public,No,Clear
TN000716,2025-03-09,10:00:00,Monument,4,204.33,124.87,164.83,1107.02,Phone,Group,No,Clear
TN000717,2025-11-29,11:00:00,Pinnacle,3,265.73,99.71,78.44,975.34,Online,Public,No,Cloudy
TN000718,2025-12-12,06:30:00,Pinnacle,2,311.93,67.08,73.11,764.05,Online,Public,No,Clear
TN000719,2025-03-31,08:10:00,Monument,3,304.71,98.6,47.94,1060.67,Online,Public,No,Clear
TN000720,2025-01-31,07:30:00,Pinnacle,3,329.77,103.51,125.91,1218.73,Online,Public,No,Cloudy
TN000721,2025-12-04,10:50:00,Monument,4,222.78,122.0,164.96,1178.08,Sales/Events,Group,No,Clear
TN000722,2025-12-29,15:00:00,Pinnacle,4,184.03,125.03,0.0,861.15,Phone,ResortGuest,No,Clear
TN000723,2025-01-12,10:40:00,Pinnacle,3,218.64,96.44,73.76,826.12,Phone,Member,No,Clear
TN000724,2025-03-30,11:30:00,Pinnacle,3,207.99,91.14,0.0,715.11,Online,Member,No,Clear
TN000725,2025-07-20,07:40:00,Pinnacle,3,156.8,104.0,0.0,574.4,Online,Public,No,Cloudy
TN000726,2025-01-07,07:30:00,Pinnacle,4,247.33,129.82,229.55,1348.69,Online,Member,No,Clear
TN000727,2025-03-25,12:00:00,Pinnacle,3,280.14,105.21,0.0,945.63,Online,Public,No,Cloudy
TN000728,2025-03-29,07:50:00,Monument,3,319.59,102.42,0.0,1061.19,Walk-up,Public,No,Clear
TN000729,2025-05-01,15:50:00,Monument,3,94.22,92.9,67.01,442.57,Online,Public,No,Clear
TN000730,2025-04-26,07:20:00,Pinnacle,2,247.74,66.3,63.12,624.9,Phone,Public,No,Clear
TN000731,2025-06-12,15:00:00,Monument,4,85.0,108.39,0.0,448.39,Walk-up,Member,No,Clear
TN000732,2025-03-27,09:20:00,Monument,4,186.45,125.95,202.82,1074.57,Online,Member,No,Clear
TN000733,2025-06-14,09:50:00,Monument,3,135.24,103.82,0.0,509.54,Online,Public,No,Windy
TN000734,2025-03-13,09:30:00,Monument,2,247.27,69.6,76.02,640.16,Online,Public,No,Clear
TN000735,2025-04-24,12:20:00,Monument,4,175.44,139.82,0.0,841.58,Phone,Public,No,Clear
TN000736,2025-01-22,10:40:00,Pinnacle,3,260.51,105.25,102.45,989.23,Phone,Public,No,Clear
TN000737,2025-04-15,11:00:00,Pinnacle,2,220.09,68.17,38.73,547.08,Online,Public,No,Cloudy
TN000738,2025-10-05,10:30:00,Monument,4,191.96,141.24,0.0,909.08,Online,Public,No,Clear
TN000739,2025-10-01,08:00:00,Pinnacle,4,248.53,136.16,0.0,1130.28,Online,Public,No,Rain
TN000740,2025-04-20,11:10:00,Pinnacle,2,226.88,67.57,111.72,633.05,Online,Public,No,Cloudy
TN000741,2025-11-19,07:30:00,Monument,4,229.05,129.69,65.2,1111.09,Sales/Events,Group,No,Clear
TN000742,2025-01-04,10:00:00,Monument,4,212.59,127.43,89.76,1067.55,Online,Member,No,Clear
TN000743,2025-02-15,07:10:00,Pinnacle,3,229.35,94.1,134.41,916.56,Online,Member,No,Clear
TN000744,2025-02-16,08:50:00,Pinnacle,4,330.92,137.7,0.0,0.0,Walk-up,Public,Yes,Cloudy
TN000745,2025-08-30,15:10:00,Monument,4,85.0,110.21,141.24,591.45,Sales/Events,Group,No,Clear
TN000746,2025-10-11,08:30:00,Pinnacle,4,178.97,124.11,154.47,994.46,Phone,Member,No,Clear
TN000747,2025-03-24,13:10:00,Monument,3,172.64,96.19,0.0,614.11,Online,Member,No,Cloudy
TN000748,2025-08-03,11:30:00,Pinnacle,4,103.94,125.88,0.0,0.0,Online,Member,Yes,Rain
TN000749,2025-11-26,08:50:00,Pinnacle,2,327.61,69.89,0.0,725.11,Phone,Public,No,Clear
TN000750,2025-01-19,07:10:00,Monument,3,280.02,105.28,0.0,0.0,Online,Public,Yes,Clear
TN000751,2025-06-01,13:10:00,Pinnacle,3,93.37,95.94,152.35,528.4,Online,Member,No,Clear
TN000752,2025-04-04,14:40:00,Pinnacle,4,156.19,119.02,0.0,0.0,Walk-up,Public,Yes,Clear
TN000753,2025-06-07,06:50:00,Monument,3,166.49,102.35,0.0,601.82,Online,Public,No,Clear
TN000754,2025-08-23,08:10:00,Monument,2,165.3,68.97,0.0,399.57,Online,Public,No,Rain
TN000755,2025-03-15,11:00:00,Pinnacle,3,267.81,99.37,130.39,1033.19,Online,Public,No,Clear
TN000756,2025-01-23,13:50:00,Pinnacle,3,232.07,105.13,0.0,801.34,Online,Public,No,Clear
TN000757,2025-12-21,07:50:00,Monument,4,246.28,127.68,0.0,1112.8,Phone,Group,No,Cloudy
TN000758,2025-10-07,12:40:00,Pinnacle,4,175.38,138.38,151.75,991.65,Online,Public,No,Clear
TN000759,2025-11-15,15:00:00,Pinnacle,3,150.38,84.74,169.1,704.98,Phone,Member,No,Cloudy
TN000760,2025-02-08,08:30:00,Pinnacle,3,329.47,101.03,0.0,1089.44,Online,Public,No,Clear
TN000761,2025-10-26,08:50:00,Pinnacle,2,263.63,68.49,57.51,653.26,Online,Public,No,Clear
TN000762,2025-12-09,11:10:00,Monument,4,216.29,126.47,74.33,1065.96,Online,Member,No,Clear
TN000763,2025-04-05,12:50:00,Monument,3,138.97,97.05,0.0,513.96,Online,Member,No,Clear
TN000764,2025-02-23,07:30:00,Pinnacle,2,326.56,67.2,0.0,720.32,Walk-up,Public,No,Clear
TN000765,2025-05-31,08:50:00,Pinnacle,4,155.62,137.1,209.26,968.84,Concierge,ResortGuest,No,Clear
TN000766,2025-02-22,10:20:00,Pinnacle,3,255.92,98.57,0.0,866.33,Phone,Public,No,Windy
TN000767,2025-02-17,08:40:00,Pinnacle,2,332.75,67.78,92.06,825.34,Online,Public,No,Clear
TN000768,2025-11-29,10:50:00,Pinnacle,3,216.46,96.48,73.42,819.28,Online,Member,No,Clear
TN000769,2025-01-04,08:40:00,Monument,3,316.89,105.92,0.0,1056.59,Phone,Public,No,Clear
TN000770,2025-02-07,07:10:00,Monument,3,313.47,99.11,182.45,1221.97,Online,Public,No,Clear
TN000771,2025-03-07,06:50:00,Monument,2,299.91,67.96,67.65,735.43,Online,Public,No,Clear
TN000772,2025-09-28,14:30:00,Pinnacle,3,101.42,89.31,0.0,393.57,Online,Public,No,Cloudy
TN000773,2025-01-14,07:00:00,Monument,3,317.68,101.19,0.0,1054.23,Online,Public,No,Clear
TN000774,2025-07-27,13:20:00,Pinnacle,3,101.49,94.29,0.0,398.76,Online,Member,No,Windy
TN000775,2025-09-20,08:40:00,Pinnacle,3,137.34,95.42,173.42,680.86,Phone,Member,No,Windy
TN000776,2025-03-16,08:50:00,Pinnacle,3,316.79,103.2,0.0,1053.57,Walk-up,Public,No,Cloudy
TN000777,2025-07-05,09:00:00,Monument,1,148.38,40.0,0.0,188.38,Walk-up,Public,No,Cloudy
TN000778,2025-02-15,07:10:00,Pinnacle,4,246.54,121.65,60.97,1168.78,Sales/Events,Group,No,Clear
TN000779,2025-09-11,06:50:00,Monument,4,121.2,128.09,134.74,747.63,Online,Member,No,Clear
TN000780,2025-11-12,08:00:00,Monument,4,268.34,133.03,226.3,1432.69,Phone,ResortGuest,No,Clear
TN000781,2025-12-21,08:00:00,Pinnacle,4,230.29,125.25,120.22,1166.63,Online,Member,No,Clear
TN000782,2025-11-25,09:10:00,Monument,4,276.59,135.81,68.27,1310.44,Online,Public,No,Clear
TN000783,2025-03-02,11:00:00,Pinnacle,3,208.48,94.03,130.92,850.39,Phone,Member,No,Clear
TN000784,2025-12-07,06:40:00,Pinnacle,4,246.64,127.16,105.24,1218.96,Phone,Group,No,Windy
TN000785,2025-11-02,07:30:00,Pinnacle,4,240.32,120.24,80.47,1161.99,Online,Member,No,Clear
TN000786,2025-11-25,13:40:00,Pinnacle,3,180.92,96.31,166.22,805.29,Walk-up,Member,No,Cloudy
TN000787,2025-09-27,09:40:00,Monument,4,127.15,140.37,0.0,648.97,Online,Public,No,Clear
TN000788,2025-04-19,09:00:00,Pinnacle,4,205.11,120.32,0.0,940.76,Walk-up,Member,No,Clear
TN000789,2025-11-05,07:20:00,Pinnacle,4,248.75,120.33,0.0,1115.33,Sales/Events,Group,No,Clear
TN000790,2025-03-30,08:20:00,Monument,4,245.04,134.34,0.0,1114.5,Concierge,ResortGuest,No,Windy
TN000791,2025-08-31,13:30:00,Monument,3,102.31,105.24,132.58,544.75,Online,ResortGuest,No,Rain
TN000792,2025-07-03,06:50:00,Pinnacle,3,130.13,91.13,0.0,481.52,Online,Member,No,Clear
TN000793,2025-05-17,14:40:00,Pinnacle,3,87.25,87.22,133.47,482.44,Walk-up,Member,No,Clear
TN000794,2025-11-25,07:40:00,Pinnacle,3,333.2,105.39,126.87,1231.86,Online,Public,No,Clear
TN000795,2025-09-13,08:40:00,Pinnacle,3,152.67,101.62,0.0,559.63,Online,ResortGuest,No,Clear
TN000796,2025-12-30,15:00:00,Monument,3,180.76,89.73,0.0,632.01,Online,ResortGuest,No,Clear
TN000797,2025-03-04,11:50:00,Monument,4,264.22,134.37,0.0,1191.25,Online,Public,No,Clear
TN000798,2025-03-07,07:50:00,Pinnacle,2,298.71,66.52,0.0,663.94,Online,Public,No,Rain
TN000799,2025-04-12,07:10:00,Monument,4,179.04,127.26,120.51,963.93,Online,Member,No,Clear
TN000800,2025-12-28,07:40:00,Monument,3,308.38,99.19,147.27,1171.6,Online,Public,No,Windy
TN000801,2025-03-23,10:20:00,Pinnacle,3,287.64,100.47,60.17,1023.56,Online,Public,No,Clear
TN000802,2025-03-09,15:10:00,Pinnacle,3,198.97,91.89,0.0,688.8,Online,Public,No,Clear
TN000803,2025-11-16,07:30:00,Pinnacle,3,227.77,97.41,0.0,0.0,Phone,Member,Yes,Clear
TN000804,2025-10-27,07:30:00,Monument,4,253.98,132.11,0.0,1148.03,Online,Public,No,Clear
TN000805,2025-05-04,07:10:00,Monument,4,132.91,122.45,0.0,654.09,Sales/Events,Group,No,Cloudy
TN000806,2025-03-20,11:50:00,Pinnacle,3,256.5,100.0,0.0,869.5,Concierge,ResortGuest,No,Cloudy
TN000807,2025-08-10,09:30:00,Pinnacle,2,119.17,64.59,0.0,0.0,Online,Member,Yes,Rain
TN000808,2025-10-03,10:50:00,Monument,3,148.88,95.86,0.0,542.5,Phone,Member,No,Windy
TN000809,2025-12-29,09:10:00,Pinnacle,3,259.95,105.6,0.0,885.45,Online,Public,No,Windy
TN000810,2025-12-08,11:40:00,Pinnacle,3,291.87,99.57,0.0,0.0,Phone,Public,Yes,Rain
TN000811,2025-04-20,11:20:00,Pinnacle,2,230.34,66.24,0.0,526.92,Online,Public,No,Clear
TN000812,2025-12-20,08:20:00,Monument,4,299.6,138.3,0.0,1336.7,Phone,Public,No,Cloudy
TN000813,2025-03-16,06:30:00,Monument,2,310.06,68.28,65.42,753.82,Online,Public,No,Clear
TN000814,2025-08-10,07:40:00,Pinnacle,2,163.8,69.24,0.0,0.0,Online,Public,Yes,Windy
TN000815,2025-12-06,14:30:00,Pinnacle,3,186.99,89.74,0.0,650.71,Phone,Public,No,Cloudy
TN000816,2025-03-09,07:20:00,Monument,3,225.69,94.44,123.37,894.88,Walk-up,Member,No,Clear
TN000817,2025-12-14,12:40:00,Pinnacle,3,177.9,93.77,0.0,0.0,Sales/Events,Group,Yes,Clear
TN000818,2025-11-06,07:50:00,Pinnacle,3,225.33,93.28,140.2,909.47,Phone,Member,No,Clear
TN000819,2025-10-04,07:50:00,Monument,3,184.67,95.84,0.0,649.85,Walk-up,Member,No,Clear
TN000820,2025-12-30,09:00:00,Pinnacle,3,329.27,105.44,0.0,1093.25,Online,Public,No,Clear
TN000821,2025-08-30,07:50:00,Monument,4,127.89,124.09,98.45,734.1,Phone,Group,No,Clear
TN000822,2025-12-06,10:40:00,Monument,4,236.03,134.45,0.0,1078.57,Phone,ResortGuest,No,Clear
TN000823,2025-10-26,10:10:00,Pinnacle,3,176.15,92.14,102.01,722.6,Walk-up,Member,No,Windy
TN000824,2025-03-01,09:30:00,Monument,4,226.3,131.47,0.0,1036.67,Concierge,ResortGuest,No,Clear
TN000825,2025-09-27,08:50:00,Pinnacle,4,174.16,134.89,0.0,831.53,Online,Public,No,Clear
TN000826,2025-06-27,08:00:00,Monument,2,169.56,66.62,0.0,405.74,Phone,Public,No,Cloudy
TN000827,2025-01-18,06:40:00,Pinnacle,3,290.57,98.35,0.0,0.0,Phone,ResortGuest,Yes,Clear
TN000828,2025-06-14,06:40:00,Monument,4,133.55,130.11,0.0,664.31,Sales/Events,Group,No,Clear
TN000829,2025-03-01,08:30:00,Monument,3,274.26,102.66,74.01,999.45,Phone,Public,No,Windy
TN000830,2025-02-05,09:20:00,Monument,3,203.62,95.14,0.0,706.0,Phone,Group,No,Clear
TN000831,2025-09-27,07:50:00,Pinnacle,2,157.87,70.38,0.0,386.12,Concierge,ResortGuest,No,Clear
TN000832,2025-08-10,11:50:00,Monument,4,130.1,132.61,0.0,0.0,Online,Public,Yes,Cloudy
TN000833,2025-05-17,15:00:00,Pinnacle,4,98.43,124.0,0.0,517.72,Online,Public,No,Clear
TN000834,2025-03-23,08:50:00,Monument,2,289.77,67.36,83.73,730.63,Online,Public,No,Windy
TN000835,2025-11-17,07:20:00,Monument,2,297.47,70.0,57.22,722.16,Online,Public,No,Clear
TN000836,2025-11-29,12:40:00,Monument,4,177.74,128.48,0.0,839.44,Walk-up,Member,No,Clear
TN000837,2025-01-13,07:30:00,Pinnacle,3,264.72,101.92,0.0,896.08,Concierge,ResortGuest,No,Windy
TN000838,2025-03-29,10:30:00,Pinnacle,4,241.91,134.73,208.13,1310.5,Phone,ResortGuest,No,Clear
TN000839,2025-12-16,12:50:00,Pinnacle,3,176.53,97.46,125.35,752.4,Online,Member,No,Cloudy
TN000840,2025-02-18,08:50:00,Monument,3,277.46,105.84,65.62,1003.84,Concierge,ResortGuest,No,Clear
TN000841,2025-07-06,06:30:00,Monument,4,147.23,139.66,0.0,728.58,Online,Public,No,Cloudy
TN000842,2025-02-14,12:40:00,Pinnacle,3,245.81,100.37,120.16,957.96,Online,Public,No,Clear
TN000843,2025-02-13,11:20:00,Pinnacle,1,221.07,40.0,0.0,261.07,Online,Member,No,Clear
TN000844,2025-10-27,13:50:00,Monument,4,144.89,121.58,183.45,884.59,Sales/Events,Group,No,Clear
TN000845,2025-05-24,11:10:00,Monument,3,147.07,100.26,0.0,0.0,Walk-up,Public,Yes,Clear
TN000846,2025-07-12,11:30:00,Pinnacle,2,152.77,67.79,0.0,373.33,Walk-up,Public,No,Clear
TN000847,2025-01-24,11:00:00,Monument,4,217.25,122.44,110.8,1102.24,Online,Member,No,Cloudy
TN000848,2025-03-02,09:20:00,Monument,3,217.09,96.81,87.47,835.55,Phone,Member,No,Clear
TN000849,2025-08-06,13:20:00,Pinnacle,4,105.04,129.57,148.74,698.47,Sales/Events,Group,No,Clear
TN000850,2025-08-09,12:20:00,Monument,4,94.64,138.23,0.0,516.79,Phone,ResortGuest,No,Rain
TN000851,2025-04-03,09:20:00,Monument,3,192.02,101.8,0.0,677.86,Concierge,ResortGuest,No,Cloudy
TN000852,2025-07-13,13:40:00,Monument,2,107.42,67.07,0.0,281.91,Online,Public,No,Cloudy
TN000853,2025-07-12,06:50:00,Monument,4,158.25,135.69,0.0,0.0,Online,Public,Yes,Clear
TN000854,2025-06-15,12:20:00,Pinnacle,4,98.05,127.47,242.76,762.43,Online,Member,No,Clear
TN000855,2025-12-11,11:00:00,Pinnacle,4,223.13,135.55,0.0,1028.07,Phone,ResortGuest,No,Clear
TN000856,2025-08-23,06:30:00,Pinnacle,3,178.79,101.93,64.03,702.33,Phone,Public,No,Clear
TN000857,2025-05-11,11:40:00,Pinnacle,3,144.76,103.93,128.04,666.25,Online,Public,No,Clear
TN000858,2025-11-23,07:40:00,Monument,4,274.93,140.68,209.06,1449.46,Concierge,ResortGuest,No,Windy
TN000859,2025-08-30,07:30:00,Pinnacle,3,140.35,93.47,165.99,680.51,Online,Member,No,Cloudy
TN000860,2025-01-16,10:40:00,Pinnacle,4,228.66,120.81,0.0,1035.45,Sales/Events,Group,No,Clear
TN000861,2025-09-23,07:20:00,Pinnacle,3,141.5,96.25,161.33,682.08,Sales/Events,Group,No,Cloudy
TN000862,2025-06-15,11:30:00,Monument,2,140.69,65.93,0.0,0.0,Online,Public,Yes,Clear
TN000863,2025-04-10,07:40:00,Monument,2,254.29,70.01,44.02,622.61,Online,Public,No,Clear
TN000864,2025-11-20,07:10:00,Pinnacle,3,304.65,101.8,74.58,1090.33,Phone,Public,No,Clear
TN000865,2025-06-08,10:30:00,Monument,3,128.47,103.61,110.78,599.8,Concierge,ResortGuest,No,Clear
TN000866,2025-03-09,13:40:00,Pinnacle,4,213.11,134.56,106.27,1093.27,Phone,ResortGuest,No,Clear
TN000867,2025-07-12,08:10:00,Pinnacle,3,157.42,99.16,199.62,771.04,Online,Public,No,Clear
TN000868,2025-01-12,12:30:00,Pinnacle,4,203.15,121.51,139.18,1073.29,Sales/Events,Group,No,Clear
TN000869,2025-12-10,06:40:00,Monument,4,263.58,132.27,59.82,1246.41,Concierge,ResortGuest,No,Clear
TN000870,2025-05-22,12:30:00,Pinnacle,3,100.19,92.49,75.29,468.35,Online,Member,No,Windy
TN000871,2025-12-19,08:20:00,Monument,3,320.57,100.29,0.0,1062.0,Online,Public,No,Clear
TN000872,2025-12-21,12:50:00,Monument,3,206.44,100.52,0.0,719.84,Online,Public,No,Clear
TN000873,2025-11-29,06:50:00,Monument,4,258.67,130.09,130.36,1295.13,Sales/Events,Group,No,Clear
TN000874,2025-10-13,13:50:00,Pinnacle,3,132.32,92.7,0.0,489.66,Online,Member,No,Cloudy
TN000875,2025-12-07,10:20:00,Pinnacle,3,211.51,94.51,0.0,729.04,Online,Member,No,Clear
TN000876,2025-01-25,11:00:00,Pinnacle,1,212.96,40.0,23.43,276.39,Phone,Member,No,Clear
TN000877,2025-02-02,10:40:00,Monument,3,218.26,102.36,67.0,824.14,Concierge,ResortGuest,No,Cloudy
TN000878,2025-04-27,08:40:00,Monument,4,216.5,130.6,0.0,996.6,Walk-up,Public,No,Clear
TN000879,2025-06-14,08:50:00,Monument,3,160.75,101.25,0.0,583.5,Online,Public,No,Cloudy
TN000880,2025-05-31,06:50:00,Monument,2,152.76,66.38,0.0,371.9,Online,Public,No,Cloudy
TN000881,2025-11-21,07:10:00,Monument,2,323.0,67.13,50.13,763.26,Walk-up,Public,No,Cloudy
TN000882,2025-12-14,08:30:00,Pinnacle,2,307.5,69.28,82.59,766.87,Online,Public,No,Clear
TN000883,2025-06-22,09:40:00,Monument,3,106.69,95.89,60.57,476.53,Phone,Group,No,Clear
TN000884,2025-08-24,09:10:00,Pinnacle,3,103.78,95.35,181.94,588.63,Online,Member,No,Cloudy
TN000885,2025-02-22,08:50:00,Pinnacle,4,260.29,138.18,181.27,1360.61,Concierge,ResortGuest,No,Clear
TN000886,2025-01-19,13:30:00,Pinnacle,2,194.69,64.86,0.0,454.24,Walk-up,Member,No,Clear
TN000887,2025-10-04,12:50:00,Monument,2,178.48,69.13,52.49,478.58,Online,Public,No,Clear
TN000888,2025-09-27,13:20:00,Monument,4,106.63,133.5,94.32,654.34,Phone,ResortGuest,No,Clear
TN000889,2025-11-13,10:10:00,Monument,3,269.01,106.0,0.0,0.0,Phone,Public,Yes,Clear
TN000890,2025-11-26,08:00:00,Pinnacle,3,258.61,97.29,88.17,961.29,Phone,Member,No,Clear
TN000891,2025-11-16,06:30:00,Monument,3,275.67,102.37,170.45,1099.83,Walk-up,Public,No,Clear
TN000892,2025-11-26,06:30:00,Pinnacle,3,321.16,104.25,0.0,1067.73,Online,Public,No,Clear
TN000893,2025-11-08,08:30:00,Pinnacle,1,301.04,40.0,58.12,399.16,Online,Public,No,Cloudy
TN000894,2025-05-04,09:10:00,Pinnacle,2,111.54,63.64,0.0,286.72,Online,Member,No,Clear
TN000895,2025-08-23,09:40:00,Pinnacle,3,137.74,101.35,0.0,514.57,Online,Public,No,Clear
TN000896,2025-05-18,07:40:00,Monument,2,116.57,61.24,0.0,294.38,Walk-up,Member,No,Clear
TN000897,2025-03-30,11:10:00,Monument,1,268.21,40.0,58.02,366.23,Online,Public,No,Cloudy
TN000898,2025-01-01,13:30:00,Pinnacle,4,186.22,140.29,0.0,885.17,Concierge,ResortGuest,No,Clear
TN000899,2025-05-24,09:20:00,Pinnacle,4,124.88,131.52,118.91,749.95,Concierge,ResortGuest,No,Clear
TN000900,2025-03-30,07:10:00,Monument,4,237.33,121.03,0.0,1070.35,Walk-up,Member,No,Clear
TN000901,2025-07-19,10:00:00,Monument,3,114.28,98.2,62.85,503.89,Online,ResortGuest,No,Cloudy
TN000902,2025-08-22,08:00:00,Monument,4,126.68,124.49,100.23,731.44,Phone,Group,No,Cloudy
TN000903,2025-11-02,12:00:00,Monument,3,259.36,99.51,171.57,1049.16,Phone,Public,No,Clear
TN000904,2025-11-22,11:30:00,Pinnacle,4,208.2,123.91,0.0,956.71,Online,Member,No,Windy
TN000905,2025-03-30,07:30:00,Pinnacle,3,311.81,100.28,0.0,0.0,Online,Public,Yes,Clear
TN000906,2025-07-20,09:40:00,Monument,4,119.39,121.8,0.0,0.0,Online,Group,Yes,Windy
TN000907,2025-01-19,07:30:00,Pinnacle,4,311.02,136.36,219.68,1600.12,Online,Public,No,Cloudy
TN000908,2025-01-13,07:10:00,Monument,4,320.28,137.06,0.0,1418.18,Phone,Public,No,Clear
TN000909,2025-03-10,07:00:00,Monument,3,245.05,90.78,168.08,994.01,Phone,Member,No,Clear
TN000910,2025-02-15,08:50:00,Pinnacle,2,335.11,69.88,0.0,740.1,Online,Public,No,Clear
TN000911,2025-05-31,08:00:00,Monument,4,132.99,132.29,149.06,813.31,Concierge,ResortGuest,No,Clear
TN000912,2025-02-07,07:50:00,Monument,3,293.55,104.8,0.0,985.45,Walk-up,Public,No,Clear
TN000913,2025-05-04,13:20:00,Monument,3,123.83,104.76,0.0,476.25,Online,Public,No,Clear
TN000914,2025-11-29,09:20:00,Pinnacle,2,270.95,66.74,56.01,664.65,Online,Public,No,Clear
TN000915,2025-05-24,14:20:00,Pinnacle,3,86.31,90.71,142.52,492.16,Phone,ResortGuest,No,Clear
TN000916,2025-02-08,13:20:00,Monument,2,202.57,70.54,0.0,475.68,Phone,ResortGuest,No,Clear
TN000917,2025-01-18,07:30:00,Pinnacle,4,257.31,122.91,222.63,1374.78,Online,Member,No,Clear
TN000918,2025-02-23,07:50:00,Pinnacle,2,294.02,68.18,0.0,656.22,Online,Public,No,Cloudy
TN000919,2025-07-25,12:20:00,Monument,4,120.63,137.53,0.0,620.05,Walk-up,Public,No,Clear
TN000920,2025-01-25,10:50:00,Pinnacle,4,272.54,135.68,126.06,1351.9,Phone,Public,No,Cloudy
TN000921,2025-11-14,09:00:00,Pinnacle,2,244.48,62.08,0.0,0.0,Walk-up,Member,Yes,Clear
TN000922,2025-12-02,07:40:00,Pinnacle,3,233.52,95.88,0.0,796.44,Online,Member,No,Clear
TN000923,2025-12-13,07:30:00,Monument,3,292.35,103.49,0.0,980.54,Online,Public,No,Cloudy
TN000924,2025-01-02,10:10:00,Pinnacle,2,212.43,60.09,0.0,484.95,Online,Member,No,Clear
TN000925,2025-03-14,09:10:00,Monument,4,255.18,137.13,0.0,1157.85,Online,Public,No,Clear
TN000926,2025-10-12,06:40:00,Monument,3,247.17,98.43,114.99,954.93,Phone,Public,No,Clear
TN000927,2025-03-16,08:00:00,Pinnacle,4,266.99,124.84,0.0,1192.8,Phone,Group,No,Clear
TN000928,2025-10-12,08:10:00,Pinnacle,2,263.0,67.37,0.0,593.37,Phone,Public,No,Clear
TN000929,2025-09-14,10:20:00,Monument,3,106.01,91.85,135.61,545.49,Phone,Group,No,Clear
TN000930,2025-03-17,07:10:00,Pinnacle,3,232.47,91.37,0.0,788.78,Online,Member,No,Rain
TN000931,2025-12-29,07:50:00,Monument,3,302.7,102.51,0.0,1010.61,Online,Public,No,Clear
TN000932,2025-12-27,08:10:00,Monument,4,264.3,138.17,0.0,0.0,Phone,ResortGuest,Yes,Windy
TN000933,2025-01-11,07:00:00,Monument,3,241.4,91.06,0.0,0.0,Phone,Group,Yes,Windy
TN000934,2025-06-04,10:50:00,Monument,3,140.15,104.6,0.0,525.05,Online,Public,No,Cloudy
TN000935,2025-05-06,14:50:00,Monument,4,96.79,125.04,157.83,670.03,Online,Public,No,Windy
TN000936,2025-10-13,07:40:00,Pinnacle,4,234.62,132.66,0.0,1071.14,Online,Public,No,Clear
TN000937,2025-12-22,09:50:00,Pinnacle,4,263.32,130.79,0.0,1184.07,Online,Public,No,Clear
TN000938,2025-01-10,07:30:00,Monument,4,215.13,126.98,0.0,987.5,Phone,Member,No,Cloudy
TN000939,2025-06-21,10:30:00,Monument,2,133.06,69.44,0.0,335.56,Walk-up,Public,No,Clear
TN000940,2025-02-09,10:20:00,Pinnacle,2,262.79,69.62,0.0,595.2,Phone,Public,No,Cloudy
TN000941,2025-11-25,13:20:00,Monument,4,223.47,132.1,0.0,1025.98,Walk-up,Public,No,Clear
TN000942,2025-03-18,13:00:00,Pinnacle,3,188.63,95.55,139.67,801.11,Online,Member,No,Cloudy
TN000943,2025-02-22,12:30:00,Monument,2,218.0,66.2,64.65,566.85,Phone,Public,No,Clear
TN000944,2025-11-23,13:10:00,Monument,4,227.35,133.31,202.56,1245.27,Online,Public,No,Clear
TN000945,2025-11-16,11:20:00,Monument,4,243.28,134.02,0.0,0.0,Concierge,ResortGuest,Yes,Clear
TN000946,2025-05-04,09:30:00,Monument,3,134.78,98.88,0.0,0.0,Online,Public,Yes,Clear
TN000947,2025-04-12,09:20:00,Monument,3,178.43,97.95,0.0,633.24,Concierge,ResortGuest,No,Clear
TN000948,2025-06-19,13:10:00,Monument,3,94.86,91.94,0.0,376.52,Online,Member,No,Clear
TN000949,2025-08-17,10:10:00,Pinnacle,4,121.71,120.71,0.0,607.55,Phone,Group,No,Clear
TN000950,2025-01-11,06:40:00,Monument,3,305.03,100.05,0.0,1015.14,Walk-up,Public,No,Windy
TN000951,2025-02-03,07:00:00,Pinnacle,2,271.13,60.61,0.0,0.0,Sales/Events,Group,Yes,Clear
TN000952,2025-03-01,09:20:00,Monument,3,226.33,91.2,0.0,770.19,Sales/Events,Group,No,Cloudy
TN000953,2025-01-15,07:10:00,Pinnacle,4,320.09,131.38,126.15,1537.89,Online,Public,No,Clear
TN000954,2025-12-14,07:40:00,Monument,3,258.4,101.34,134.25,1010.79,Concierge,ResortGuest,No,Clear
TN000955,2025-04-20,07:10:00,Pinnacle,3,236.63,100.84,80.5,891.23,Online,Public,No,Clear
TN000956,2025-12-12,06:50:00,Pinnacle,2,279.36,68.15,58.54,685.41,Phone,ResortGuest,No,Clear
TN000957,2025-09-20,11:50:00,Pinnacle,4,153.36,141.44,224.9,979.78,Online,Public,No,Clear
TN000958,2025-02-01,07:20:00,Pinnacle,3,310.0,105.63,151.4,1187.03,Walk-up,Public,No,Clear
TN000959,2025-04-13,13:40:00,Monument,4,127.08,128.74,0.0,637.06,Phone,Member,No,Clear
TN000960,2025-12-17,07:10:00,Pinnacle,4,238.8,128.36,0.0,1083.56,Online,Member,No,Clear
TN000961,2025-11-24,08:10:00,Pinnacle,2,331.64,69.94,0.0,733.22,Online,Public,No,Clear
TN000962,2025-07-05,14:50:00,Monument,4,102.3,126.84,64.89,600.93,Online,Public,No,Rain
TN000963,2025-10-19,14:40:00,Pinnacle,2,149.39,62.65,76.74,438.17,Online,Public,No,Clear
TN000964,2025-07-07,11:00:00,Monument,3,111.61,94.24,0.0,429.07,Phone,Member,No,Cloudy
TN000965,2025-05-24,10:20:00,Pinnacle,3,111.8,92.64,92.37,520.41,Walk-up,Member,No,Clear
TN000966,2025-08-16,12:00:00,Pinnacle,3,125.75,99.85,0.0,477.1,Phone,ResortGuest,No,Clear
TN000967,2025-02-08,08:30:00,Monument,2,299.75,65.85,75.31,740.66,Online,Public,No,Windy
TN000968,2025-02-15,06:40:00,Pinnacle,2,310.97,65.79,98.47,786.2,Online,Public,No,Clear
TN000969,2025-06-28,08:40:00,Pinnacle,3,160.06,103.26,119.99,703.43,Online,Public,No,Windy
TN000970,2025-04-06,10:30:00,Pinnacle,2,222.91,69.04,116.56,631.42,Online,Public,No,Cloudy
TN000971,2025-08-10,08:30:00,Monument,3,157.66,100.34,0.0,573.32,Walk-up,Public,No,Cloudy
TN000972,2025-11-29,07:50:00,Monument,4,245.77,138.06,178.54,1299.68,Phone,ResortGuest,No,Clear
TN000973,2025-04-10,13:20:00,Pinnacle,2,194.92,67.36,121.13,578.33,Online,Public,No,Clear
TN000974,2025-12-27,08:10:00,Pinnacle,2,254.95,69.74,0.0,579.64,Concierge,ResortGuest,No,Cloudy
TN000975,2025-07-06,10:20:00,Monument,4,136.62,131.71,0.0,678.19,Online,Public,No,Clear
TN000976,2025-11-22,13:40:00,Pinnacle,4,244.05,131.3,0.0,1107.5,Walk-up,Public,No,Clear
TN000977,2025-08-16,13:00:00,Pinnacle,3,132.57,105.66,0.0,503.37,Online,Public,No,Clear
TN000978,2025-01-12,08:50:00,Pinnacle,3,289.12,104.49,0.0,971.85,Online,Public,No,Clear
TN000979,2025-04-13,09:50:00,Monument,3,208.73,101.32,104.07,831.58,Online,Public,No,Clear
TN000980,2025-01-26,06:40:00,Monument,4,313.68,139.23,182.08,1576.03,Online,Public,No,Windy
TN000981,2025-06-21,09:10:00,Monument,3,130.22,100.66,0.0,491.32,Phone,ResortGuest,No,Clear
TN000982,2025-09-19,07:50:00,Monument,4,118.31,128.39,0.0,601.63,Online,Member,No,Clear
TN000983,2025-01-24,08:30:00,Pinnacle,3,241.73,91.44,121.01,937.64,Online,Member,No,Clear
TN000984,2025-08-03,08:10:00,Monument,3,140.53,95.33,132.26,649.18,Sales/Events,Group,No,Clear
TN000985,2025-08-24,09:20:00,Monument,2,131.53,65.98,0.0,329.04,Online,Public,No,Windy
TN000986,2025-11-21,08:00:00,Pinnacle,4,293.77,132.52,196.72,1504.32,Online,Public,No,Clear
TN000987,2025-08-02,10:50:00,Pinnacle,3,139.58,104.65,67.45,590.84,Online,Public,No,Clear
TN000988,2025-10-19,07:10:00,Monument,3,243.09,103.4,115.1,947.77,Online,Public,No,Cloudy
TN000989,2025-06-08,08:00:00,Pinnacle,2,158.72,68.23,0.0,385.67,Online,Public,No,Clear
TN000990,2025-10-11,12:00:00,Monument,4,187.07,138.65,113.89,1000.82,Online,Public,No,Clear
TN000991,2025-01-29,08:50:00,Pinnacle,4,241.29,120.57,185.19,1270.92,Phone,Member,No,Clear
TN000992,2025-10-14,09:00:00,Monument,3,220.05,103.98,163.1,927.23,Walk-up,Public,No,Clear
TN000993,2025-11-10,11:10:00,Pinnacle,3,281.54,99.58,153.91,1098.11,Online,Public,No,Clear
TN000994,2025-02-07,06:50:00,Monument,3,316.08,102.44,0.0,1050.68,Online,Public,No,Clear
TN000995,2025-02-22,12:10:00,Pinnacle,3,183.57,96.43,148.71,795.85,Phone,Member,No,Clear
TN000996,2025-01-28,12:40:00,Pinnacle,1,222.25,40.0,0.0,262.25,Online,Public,No,Clear
TN000997,2025-08-10,07:30:00,Pinnacle,3,135.66,96.97,0.0,503.95,Online,Member,No,Cloudy
TN000998,2025-04-22,07:10:00,Monument,4,183.57,122.04,0.0,856.32,Phone,Group,No,Clear
TN000999,2025-12-13,07:50:00,Monument,2,217.38,62.99,0.0,497.75,Online,Member,No,Clear
TN001000,2025-11-01,08:00:00,Monument,4,293.56,139.37,212.46,1526.07,Online,Public,No,Clear
TN001001,2025-12-09,07:20:00,Pinnacle,4,236.57,125.45,0.0,1071.73,Phone,Member,No,Clear
TN001002,2025-11-27,09:00:00,Monument,2,294.56,67.65,0.0,656.77,Online,Public,No,Cloudy
TN001003,2025-03-23,12:40:00,Monument,3,226.75,102.7,95.18,878.13,Online,Public,No,Clear
TN001004,2025-01-07,06:30:00,Pinnacle,4,295.37,132.36,0.0,1313.84,Online,Public,No,Clear
TN001005,2025-12-05,13:30:00,Monument,2,204.9,67.12,106.79,583.71,Online,Public,No,Clear
TN001006,2025-06-22,10:00:00,Monument,3,133.43,98.39,200.85,699.53,Online,Public,No,Windy
TN001007,2025-04-19,08:10:00,Monument,4,198.58,130.03,0.0,924.35,Phone,Group,No,Clear
TN001008,2025-12-14,11:10:00,Pinnacle,3,275.37,104.83,118.57,1049.51,Online,Public,No,Clear
TN001009,2025-05-04,12:10:00,Pinnacle,4,108.15,130.61,226.13,789.34,Phone,ResortGuest,No,Clear
TN001010,2025-08-24,06:40:00,Pinnacle,3,144.02,105.49,0.0,537.55,Phone,ResortGuest,No,Rain
TN001011,2025-08-16,14:50:00,Pinnacle,2,103.19,61.65,0.0,268.03,Phone,Public,No,Cloudy
TN001012,2025-03-27,07:00:00,Pinnacle,4,235.1,127.73,214.8,1282.93,Phone,Member,No,Cloudy
TN001013,2025-04-19,07:00:00,Monument,4,216.32,133.15,0.0,998.43,Walk-up,Public,No,Clear
TN001014,2025-03-19,12:40:00,Pinnacle,3,185.61,91.16,0.0,647.99,Online,Member,No,Clear
TN001015,2025-04-11,07:30:00,Pinnacle,3,180.99,91.4,0.0,634.37,Online,Member,No,Clear
TN001016,2025-12-01,11:00:00,Monument,3,272.19,101.98,0.0,918.55,Online,Public,No,Clear
TN001017,2025-10-26,08:10:00,Pinnacle,4,203.37,122.33,0.0,935.81,Sales/Events,Group,No,Clear
TN001018,2025-04-13,07:50:00,Pinnacle,4,247.86,137.83,0.0,1129.27,Online,Public,No,Clear
TN001019,2025-05-10,10:20:00,Monument,2,113.77,63.83,0.0,291.37,Online,Member,No,Clear
TN001020,2025-03-02,08:50:00,Monument,1,220.87,40.0,0.0,0.0,Walk-up,Member,Yes,Clear
TN001021,2025-11-22,11:30:00,Pinnacle,3,267.17,101.89,138.64,1042.04,Phone,Public,No,Cloudy
TN001022,2025-04-02,09:00:00,Monument,2,253.63,66.13,123.73,697.12,Walk-up,Public,No,Cloudy
TN001023,2025-03-02,10:40:00,Monument,4,214.3,135.56,0.0,992.76,Concierge,ResortGuest,No,Cloudy
TN001024,2025-04-19,11:10:00,Pinnacle,1,209.3,40.0,51.43,300.73,Walk-up,Public,No,Clear
TN001025,2025-11-29,07:00:00,Pinnacle,3,334.44,101.19,0.0,1104.51,Online,Public,No,Clear
TN001026,2025-07-09,07:50:00,Pinnacle,3,132.14,94.63,0.0,491.05,Walk-up,Member,No,Rain
TN001027,2025-11-29,10:10:00,Monument,4,244.9,132.02,0.0,1111.62,Phone,Public,No,Clear
TN001028,2025-11-16,11:50:00,Monument,4,251.08,141.37,0.0,1145.69,Online,Public,No,Clear
TN001029,2025-01-30,12:40:00,Pinnacle,4,200.84,129.91,0.0,933.27,Sales/Events,Group,No,Clear
TN001030,2025-05-12,07:30:00,Pinnacle,3,153.54,99.34,51.38,611.34,Online,Public,No,Cloudy
TN001031,2025-08-11,11:10:00,Monument,3,109.26,93.95,0.0,421.73,Online,Member,No,Clear
TN001032,2025-02-06,08:40:00,Pinnacle,2,286.22,69.18,0.0,641.62,Phone,ResortGuest,No,Cloudy
TN001033,2025-02-25,12:00:00,Monument,3,195.58,94.87,0.0,681.61,Phone,Member,No,Cloudy
TN001034,2025-05-24,08:40:00,Monument,4,136.12,133.37,103.53,781.38,Concierge,ResortGuest,No,Cloudy
TN001035,2025-05-03,08:20:00,Pinnacle,4,154.16,132.08,0.0,748.72,Online,ResortGuest,No,Clear
TN001036,2025-03-26,09:30:00,Pinnacle,3,205.55,90.55,0.0,707.2,Online,Member,No,Clear
TN001037,2025-12-14,08:10:00,Monument,3,289.17,103.64,0.0,971.15,Online,Public,No,Clear
TN001038,2025-02-13,10:00:00,Monument,4,236.27,135.61,0.0,1080.69,Phone,Public,No,Clear
TN001039,2025-08-31,15:50:00,Monument,3,101.04,93.9,0.0,0.0,Walk-up,Public,Yes,Clear
TN001040,2025-01-18,10:50:00,Pinnacle,4,290.4,141.33,0.0,1302.93,Online,Public,No,Clear
TN001041,2025-10-02,08:00:00,Monument,4,218.01,135.72,233.07,1240.83,Concierge,ResortGuest,No,Windy
TN001042,2025-01-20,06:50:00,Pinnacle,4,287.04,137.95,145.77,1431.88,Concierge,ResortGuest,No,Windy
TN001043,2025-03-26,07:40:00,Pinnacle,3,235.62,95.3,0.0,802.16,Online,Member,No,Clear
TN001044,2025-05-28,11:40:00,Pinnacle,3,115.18,91.03,0.0,436.57,Walk-up,Member,No,Clear
TN001045,2025-03-22,08:50:00,Pinnacle,4,255.69,135.94,0.0,1158.7,Phone,ResortGuest,No,Clear
TN001046,2025-06-06,10:10:00,Pinnacle,2,148.52,70.32,92.39,459.75,Online,Public,No,Clear
TN001047,2025-11-23,09:00:00,Pinnacle,4,251.85,124.22,219.91,1351.53,Sales/Events,Group,No,Windy
TN001048,2025-01-18,08:10:00,Monument,3,305.04,99.51,0.0,1014.63,Online,Public,No,Clear
TN001049,2025-09-28,08:20:00,Monument,4,163.97,141.07,0.0,796.95,Walk-up,Public,No,Clear
TN001050,2025-12-20,13:10:00,Monument,3,191.09,94.26,0.0,667.53,Phone,Group,No,Clear
TN001051,2025-11-22,11:00:00,Pinnacle,2,285.03,65.43,0.0,635.49,Online,Public,No,Clear
TN001052,2025-08-02,08:10:00,Monument,2,156.91,69.59,116.28,499.69,Phone,Public,No,Clear
TN001053,2025-07-12,13:20:00,Pinnacle,3,113.58,102.28,0.0,443.02,Online,Public,No,Windy
TN001054,2025-03-05,08:30:00,Monument,4,221.27,123.87,211.64,1220.59,Online,Member,No,Clear
TN001055,2025-05-18,08:00:00,Pinnacle,3,125.98,94.43,0.0,472.37,Walk-up,Member,No,Clear
TN001056,2025-04-09,12:20:00,Pinnacle,3,154.06,99.65,140.42,702.25,Concierge,ResortGuest,No,Clear
TN001057,2025-03-13,12:50:00,Pinnacle,3,213.02,101.95,0.0,741.01,Concierge,ResortGuest,No,Clear
TN001058,2025-02-08,08:20:00,Pinnacle,4,232.54,120.49,276.37,1327.02,Online,Member,No,Clear
TN001059,2025-11-02,06:30:00,Monument,2,263.46,69.72,0.0,596.64,Concierge,ResortGuest,No,Clear
TN001060,2025-11-25,07:40:00,Pinnacle,4,257.61,121.14,209.22,1360.8,Sales/Events,Group,No,Cloudy
TN001061,2025-02-02,07:50:00,Pinnacle,4,273.05,127.6,0.0,1219.8,Sales/Events,Group,No,Clear
TN001062,2025-08-23,13:50:00,Pinnacle,4,125.02,138.54,186.9,825.52,Online,Public,No,Clear
TN001063,2025-03-04,10:00:00,Monument,3,263.21,104.53,0.0,894.16,Online,Public,No,Clear
TN001064,2025-12-28,14:50:00,Monument,3,180.61,94.63,163.58,800.04,Online,Public,No,Clear
TN001065,2025-03-15,07:30:00,Pinnacle,4,331.2,135.39,142.3,1602.49,Phone,Public,No,Windy
TN001066,2025-11-15,12:40:00,Monument,2,171.31,63.73,66.12,472.47,Online,Member,No,Clear
TN001067,2025-03-27,07:00:00,Pinnacle,3,289.93,99.35,0.0,969.14,Concierge,ResortGuest,No,Clear
TN001068,2025-02-02,08:20:00,Monument,4,277.62,131.94,158.86,1401.28,Concierge,ResortGuest,No,Clear
TN001069,2025-07-13,14:10:00,Pinnacle,2,99.2,62.65,0.0,261.05,Online,Public,No,Clear
TN001070,2025-04-19,06:50:00,Pinnacle,2,239.96,69.29,0.0,549.21,Online,Public,No,Clear
TN001071,2025-07-18,08:50:00,Monument,3,166.66,104.63,74.21,678.82,Walk-up,Public,No,Clear
TN001072,2025-11-24,12:00:00,Monument,4,236.46,135.61,255.14,1336.59,Online,Public,No,Cloudy
TN001073,2025-11-30,06:30:00,Pinnacle,4,292.47,140.46,149.12,1459.46,Concierge,ResortGuest,No,Clear
TN001074,2025-12-29,07:00:00,Monument,3,247.99,95.12,0.0,839.09,Phone,Member,No,Clear
TN001075,2025-07-21,08:00:00,Monument,4,168.71,136.53,108.13,919.5,Phone,Public,No,Cloudy
TN001076,2025-10-05,09:20:00,Pinnacle,4,202.06,134.84,0.0,943.08,Online,Public,No,Clear
TN001077,2025-03-02,13:50:00,Monument,4,173.07,121.02,205.32,1018.62,Phone,Group,No,Clear
TN001078,2025-06-22,14:40:00,Pinnacle,3,85.81,86.09,139.49,483.01,Walk-up,Member,No,Windy
TN001079,2025-08-17,13:10:00,Monument,3,115.72,102.71,0.0,449.87,Walk-up,Public,No,Windy
TN001080,2025-06-07,06:40:00,Monument,4,119.49,123.26,0.0,601.22,Phone,Member,No,Cloudy
TN001081,2025-09-07,13:30:00,Monument,4,86.0,128.25,0.0,472.25,Walk-up,Member,No,Clear
TN001082,2025-12-07,13:10:00,Pinnacle,4,231.27,134.4,104.69,1164.17,Online,Public,No,Clear
TN001083,2025-12-06,13:20:00,Pinnacle,3,219.56,102.9,95.83,857.41,Phone,Public,No,Windy
TN001084,2025-07-05,11:00:00,Pinnacle,2,108.46,64.03,0.0,280.95,Phone,Member,No,Clear
TN001085,2025-06-07,07:20:00,Pinnacle,3,135.34,102.36,150.8,659.18,Phone,ResortGuest,No,Cloudy
TN001086,2025-08-17,12:20:00,Pinnacle,3,105.84,104.27,53.6,475.39,Concierge,ResortGuest,No,Cloudy
TN001087,2025-08-07,08:20:00,Pinnacle,4,130.6,120.43,193.33,836.16,Online,Member,No,Rain
TN001088,2025-10-19,07:40:00,Monument,3,212.81,101.61,87.35,827.39,Phone,ResortGuest,No,Clear
TN001089,2025-07-05,14:50:00,Pinnacle,3,89.84,82.52,92.4,444.44,Online,Member,No,Clear
TN001090,2025-01-06,11:30:00,Pinnacle,4,208.5,128.05,0.0,962.05,Walk-up,Member,No,Cloudy
TN001091,2025-05-05,08:20:00,Pinnacle,4,152.77,138.24,106.07,855.39,Online,Public,No,Cloudy
TN001092,2025-01-20,15:40:00,Monument,4,175.6,126.97,217.07,1046.44,Concierge,ResortGuest,No,Clear
TN001093,2025-12-27,10:00:00,Monument,4,234.77,138.51,173.71,1251.3,Phone,ResortGuest,No,Cloudy
TN001094,2025-07-12,15:40:00,Pinnacle,3,112.62,89.88,139.81,567.55,Online,Public,No,Clear
TN001095,2025-11-05,08:50:00,Monument,3,300.33,98.25,74.9,1074.14,Phone,Public,No,Clear
TN001096,2025-11-02,08:30:00,Pinnacle,4,302.87,133.65,0.0,1345.13,Phone,Public,No,Clear
TN001097,2025-07-12,07:20:00,Monument,3,124.57,92.79,0.0,466.5,Phone,Member,No,Cloudy
TN001098,2025-01-29,07:20:00,Monument,4,301.29,137.52,89.26,1431.94,Online,Public,No,Clear
TN001099,2025-04-25,14:40:00,Pinnacle,3,127.6,85.27,0.0,468.07,Walk-up,Member,No,Clear
TN001100,2025-05-17,07:20:00,Monument,2,148.73,68.64,0.0,366.1,Online,Public,No,Clear
TN001101,2025-11-30,12:40:00,Monument,3,218.47,100.48,0.0,755.89,Online,Public,No,Cloudy
TN001102,2025-11-07,09:00:00,Monument,4,242.15,127.87,0.0,1096.47,Phone,Group,No,Cloudy
TN001103,2025-05-31,12:50:00,Pinnacle,4,104.82,134.8,0.0,554.08,Online,ResortGuest,No,Cloudy
TN001104,2025-08-03,09:00:00,Pinnacle,3,152.95,102.65,160.36,721.86,Concierge,ResortGuest,No,Clear
TN001105,2025-01-26,12:00:00,Monument,4,190.84,125.49,0.0,888.85,Phone,Member,No,Clear
TN001106,2025-06-23,14:20:00,Monument,3,109.46,92.96,133.9,555.24,Phone,Public,No,Clear
TN001107,2025-11-20,08:20:00,Pinnacle,2,327.87,66.68,116.17,838.59,Online,Public,No,Cloudy
TN001108,2025-04-26,13:30:00,Monument,2,173.65,68.24,85.31,500.85,Online,Public,No,Clear
TN001109,2025-11-25,07:10:00,Monument,3,233.58,90.87,151.16,942.77,Phone,Member,No,Cloudy
TN001110,2025-12-13,08:20:00,Pinnacle,3,288.77,102.81,0.0,969.12,Online,Public,No,Clear
TN001111,2025-03-03,08:30:00,Monument,4,283.72,134.41,106.96,1376.25,Phone,Public,No,Clear
TN001112,2025-08-03,10:30:00,Monument,4,114.75,121.22,117.03,697.25,Sales/Events,Group,No,Clear
TN001113,2025-03-19,07:30:00,Pinnacle,2,339.0,66.63,84.92,829.55,Online,Public,No,Cloudy
TN001114,2025-04-13,10:30:00,Monument,3,180.2,95.95,106.73,743.28,Sales/Events,Group,No,Cloudy
TN001115,2025-05-18,07:20:00,Monument,1,155.66,40.0,19.48,215.14,Online,Public,No,Clear
TN001116,2025-03-28,08:00:00,Monument,2,273.64,66.51,0.0,613.79,Online,Public,No,Windy
TN001117,2025-06-12,06:50:00,Monument,3,124.42,97.58,0.0,0.0,Online,Member,Yes,Clear
TN001118,2025-12-28,11:40:00,Monument,2,189.93,60.29,73.64,513.79,Online,Member,No,Clear
TN001119,2025-12-06,08:10:00,Monument,3,298.15,101.07,121.45,1116.97,Phone,Public,No,Cloudy
TN001120,2025-12-27,12:00:00,Pinnacle,3,228.52,91.14,0.0,776.7,Online,Member,No,Clear
TN001121,2025-03-23,15:20:00,Pinnacle,3,172.75,88.89,0.0,607.14,Online,ResortGuest,No,Clear
TN001122,2025-07-26,07:40:00,Monument,3,159.59,100.58,0.0,579.35,Online,Public,No,Cloudy
TN001123,2025-09-14,11:30:00,Pinnacle,3,114.45,91.89,155.23,590.47,Online,Member,No,Clear
TN001124,2025-09-10,11:40:00,Monument,4,127.69,134.9,0.0,645.66,Concierge,ResortGuest,No,Clear
TN001125,2025-09-21,06:40:00,Pinnacle,3,177.08,105.0,0.0,0.0,Online,Public,Yes,Clear
TN001126,2025-02-08,11:40:00,Pinnacle,3,196.58,95.54,0.0,685.28,Phone,Member,No,Clear
TN001127,2025-03-25,07:00:00,Pinnacle,3,252.8,91.32,0.0,849.72,Online,Member,No,Clear
TN001128,2025-11-23,11:10:00,Pinnacle,4,249.87,135.3,0.0,1134.78,Phone,Public,No,Clear
TN001129,2025-05-11,15:50:00,Monument,3,103.95,90.11,133.57,535.53,Online,Public,No,Clear
TN001130,2025-01-09,07:40:00,Pinnacle,4,244.65,126.22,0.0,1104.82,Sales/Events,Group,No,Cloudy
TN001131,2025-08-16,09:30:00,Pinnacle,4,145.17,132.11,0.0,0.0,Online,Public,Yes,Clear
TN001132,2025-01-24,08:00:00,Pinnacle,3,320.24,105.95,0.0,1066.67,Walk-up,Public,No,Clear
TN001133,2025-07-04,09:50:00,Monument,3,135.18,105.16,0.0,510.7,Online,Public,No,Clear
TN001134,2025-11-07,10:20:00,Monument,3,221.17,103.02,116.79,883.32,Phone,ResortGuest,No,Clear
TN001135,2025-12-17,09:20:00,Monument,3,260.12,101.46,121.53,1003.35,Walk-up,Public,No,Clear
TN001136,2025-10-25,06:30:00,Pinnacle,3,182.56,91.91,147.72,787.31,Phone,Member,No,Clear
TN001137,2025-01-19,08:10:00,Monument,4,240.42,123.47,214.35,1299.5,Phone,Member,No,Clear
TN001138,2025-10-25,07:50:00,Pinnacle,3,180.5,95.91,0.0,637.41,Online,Member,No,Clear
TN001139,2025-01-30,07:30:00,Pinnacle,3,326.91,105.4,0.0,1086.13,Phone,Public,No,Clear
TN001140,2025-08-09,08:30:00,Pinnacle,3,135.97,102.72,0.0,510.63,Concierge,ResortGuest,No,Clear
TN001141,2025-01-20,10:00:00,Monument,3,205.05,97.47,188.4,901.02,Phone,Member,No,Cloudy
TN001142,2025-12-17,11:00:00,Pinnacle,4,231.83,121.25,0.0,1048.57,Phone,Group,No,Cloudy
TN001143,2025-05-14,14:00:00,Pinnacle,4,94.12,123.19,0.0,499.67,Online,Group,No,Cloudy
TN001144,2025-10-16,08:50:00,Pinnacle,3,196.58,94.89,153.49,838.12,Phone,Member,No,Clear
TN001145,2025-11-28,06:50:00,Pinnacle,4,308.87,139.51,0.0,1374.99,Online,Public,No,Clear
TN001146,2025-05-12,12:30:00,Monument,4,120.1,140.23,0.0,620.63,Online,Public,No,Clear
TN001147,2025-08-04,09:40:00,Monument,4,111.86,136.02,0.0,583.46,Phone,ResortGuest,No,Cloudy
TN001148,2025-12-13,06:40:00,Pinnacle,3,294.48,101.67,137.97,1123.08,Online,Public,No,Clear
TN001149,2025-09-20,09:00:00,Pinnacle,3,139.61,96.41,82.52,597.76,Walk-up,Member,No,Clear
TN001150,2025-03-05,08:10:00,Pinnacle,4,240.84,123.82,117.35,1204.53,Sales/Events,Group,No,Clear
TN001151,2025-03-14,13:10:00,Pinnacle,3,177.37,95.41,52.42,679.94,Online,Member,No,Cloudy
TN001152,2025-11-03,08:20:00,Monument,4,258.42,120.52,0.0,1154.2,Phone,Group,No,Clear
TN001153,2025-11-08,11:40:00,Pinnacle,2,249.17,66.93,0.0,565.27,Online,Public,No,Clear
TN001154,2025-08-23,09:00:00,Monument,4,131.86,129.03,0.0,656.47,Walk-up,Member,No,Cloudy
TN001155,2025-11-21,09:40:00,Pinnacle,3,221.57,95.63,0.0,0.0,Sales/Events,Group,Yes,Clear
TN001156,2025-08-09,10:30:00,Pinnacle,3,151.35,99.66,0.0,553.71,Walk-up,Public,No,Clear
TN001157,2025-02-05,10:00:00,Pinnacle,4,199.29,128.07,168.04,1093.27,Online,Member,No,Clear
TN001158,2025-12-06,07:10:00,Pinnacle,3,328.86,104.81,171.18,1262.57,Online,Public,No,Clear
TN001159,2025-05-10,12:10:00,Pinnacle,3,95.17,94.67,75.65,455.83,Phone,Member,No,Clear
TN001160,2025-11-25,08:40:00,Monument,4,218.44,128.75,0.0,1002.51,Online,Member,No,Clear
TN001161,2025-11-01,11:20:00,Monument,4,253.25,139.76,172.95,1325.71,Online,Public,No,Clear
TN001162,2025-12-07,07:40:00,Pinnacle,3,308.53,100.18,0.0,1025.77,Online,Public,No,Cloudy
TN001163,2025-03-06,09:20:00,Monument,4,247.08,133.97,0.0,1122.29,Walk-up,Public,No,Clear
TN001164,2025-07-13,07:10:00,Pinnacle,2,152.58,67.78,0.0,372.94,Walk-up,Public,No,Rain
TN001165,2025-03-22,06:50:00,Pinnacle,4,242.69,122.15,234.62,1327.53,Sales/Events,Group,No,Clear
TN001166,2025-07-08,13:10:00,Monument,3,123.35,103.81,0.0,473.86,Walk-up,Public,No,Clear
TN001167,2025-09-14,11:10:00,Pinnacle,4,140.49,132.64,120.2,814.8,Online,Public,No,Cloudy
TN001168,2025-09-14,10:20:00,Pinnacle,3,145.7,104.74,0.0,541.84,Online,Public,No,Windy
TN001169,2025-09-03,09:40:00,Pinnacle,3,113.98,93.48,114.47,549.89,Online,Member,No,Clear
TN001170,2025-03-29,08:50:00,Monument,2,300.59,67.49,0.0,668.67,Walk-up,Public,No,Clear
TN001171,2025-02-23,07:20:00,Pinnacle,4,314.81,133.39,0.0,0.0,Online,Public,Yes,Clear
TN001172,2025-02-16,07:10:00,Monument,3,315.06,105.51,58.38,1109.07,Online,Public,No,Clear
TN001173,2025-12-27,14:00:00,Monument,3,214.35,102.47,100.85,846.37,Walk-up,Public,No,Clear
TN001174,2025-12-05,08:50:00,Monument,4,322.26,135.48,0.0,1424.52,Walk-up,Public,No,Clear
TN001175,2025-12-14,11:40:00,Monument,3,250.71,101.62,0.0,853.75,Online,Public,No,Clear
TN001176,2025-12-07,08:20:00,Pinnacle,4,264.68,136.59,150.46,1345.77,Concierge,ResortGuest,No,Clear
TN001177,2025-03-07,07:10:00,Monument,3,308.79,98.66,152.87,1177.9,Online,Public,No,Clear
TN001178,2025-03-04,12:40:00,Pinnacle,2,229.75,69.43,0.0,528.93,Walk-up,Public,No,Clear
TN001179,2025-01-11,06:30:00,Monument,4,306.23,136.55,66.29,1427.76,Online,Public,No,Clear
TN001180,2025-12-16,09:50:00,Pinnacle,4,219.6,123.7,0.0,1002.1,Walk-up,Member,No,Clear
TN001181,2025-01-21,08:20:00,Pinnacle,3,224.58,90.45,0.0,764.19,Phone,Member,No,Windy
TN001182,2025-02-01,06:40:00,Pinnacle,3,298.18,100.97,0.0,995.51,Phone,Public,No,Clear
TN001183,2025-11-21,10:00:00,Monument,2,195.22,62.83,0.0,453.27,Online,Member,No,Clear
TN001184,2025-03-03,07:40:00,Monument,4,317.89,138.27,0.0,1409.83,Online,Public,No,Clear
TN001185,2025-10-23,06:40:00,Monument,4,247.74,133.47,0.0,1124.43,Walk-up,Public,No,Clear
TN001186,2025-11-04,14:30:00,Monument,2,159.25,57.1,0.0,375.6,Phone,Member,No,Windy
TN001187,2025-08-20,14:10:00,Monument,4,85.0,113.07,244.35,697.42,Walk-up,Member,No,Windy
TN001188,2025-12-07,15:40:00,Monument,3,154.93,85.75,0.0,550.54,Online,Member,No,Clear
TN001189,2025-02-16,11:30:00,Pinnacle,3,230.92,99.43,143.55,935.74,Phone,ResortGuest,No,Cloudy
TN001190,2025-02-01,12:30:00,Pinnacle,3,183.86,92.17,0.0,643.75,Online,Member,No,Clear
TN001191,2025-11-09,10:10:00,Pinnacle,3,286.21,100.2,0.0,958.83,Online,Public,No,Clear
TN001192,2025-08-24,12:30:00,Pinnacle,3,97.35,93.94,0.0,385.99,Online,Member,No,Clear
TN001193,2025-02-02,10:40:00,Monument,3,190.87,94.72,155.94,823.27,Phone,Member,No,Clear
TN001194,2025-12-07,07:00:00,Monument,3,237.65,90.22,149.38,952.55,Online,Member,No,Cloudy
TN001195,2025-02-06,06:40:00,Monument,4,316.76,134.21,0.0,1401.25,Online,Public,No,Clear
TN001196,2025-10-21,06:30:00,Monument,4,233.88,131.93,0.0,1067.45,Online,Public,No,Windy
TN001197,2025-03-24,11:40:00,Pinnacle,1,249.06,40.0,0.0,289.06,Phone,Public,No,Cloudy
TN001198,2025-02-20,07:40:00,Pinnacle,3,282.86,99.75,120.52,1068.85,Phone,ResortGuest,No,Clear
TN001199,2025-01-11,09:10:00,Monument,4,204.25,123.21,0.0,940.21,Online,Member,No,Cloudy
TN001200,2025-12-30,07:50:00,Pinnacle,4,265.97,136.62,0.0,1200.5,Concierge,ResortGuest,No,Clear
TN001201,2025-06-14,08:10:00,Pinnacle,4,170.06,138.65,189.56,1008.45,Online,Public,No,Clear
TN001202,2025-03-16,07:00:00,Monument,4,244.12,123.1,0.0,1099.58,Sales/Events,Group,No,Cloudy
TN001203,2025-07-05,09:50:00,Pinnacle,3,115.92,96.76,100.72,545.24,Online,Member,No,Clear
TN001204,2025-05-24,11:10:00,Pinnacle,3,119.59,93.48,0.0,452.25,Online,Member,No,Windy
TN001205,2025-11-15,06:40:00,Monument,3,238.74,93.64,0.0,809.86,Phone,Member,No,Windy
TN001206,2025-09-28,09:10:00,Monument,3,137.36,102.72,0.0,514.8,Online,Public,No,Windy
TN001207,2025-06-01,10:20:00,Pinnacle,4,118.11,134.92,0.0,607.36,Concierge,ResortGuest,No,Cloudy
TN001208,2025-11-15,10:30:00,Monument,1,239.14,40.0,0.0,279.14,Online,Public,No,Clear
TN001209,2025-06-08,13:20:00,Pinnacle,4,112.38,139.73,62.97,652.22,Online,Public,No,Clear
TN001210,2025-03-16,06:30:00,Pinnacle,3,298.12,103.25,149.7,1147.31,Phone,ResortGuest,No,Clear
TN001211,2025-03-15,10:20:00,Monument,3,199.4,96.16,0.0,694.36,Walk-up,Member,No,Clear
TN001212,2025-02-08,08:30:00,Monument,3,291.01,98.74,0.0,971.77,Phone,Public,No,Clear
TN001213,2025-07-27,12:00:00,Pinnacle,3,123.67,97.5,0.0,468.51,Sales/Events,Group,No,Cloudy
TN001214,2025-02-07,11:50:00,Monument,2,216.52,64.79,0.0,497.83,Walk-up,Member,No,Clear
TN001215,2025-06-22,08:40:00,Monument,4,146.95,141.28,0.0,729.08,Phone,ResortGuest,No,Clear
TN001216,2025-10-31,08:00:00,Pinnacle,3,200.41,96.89,139.21,837.33,Phone,Member,No,Clear
TN001217,2025-09-08,08:20:00,Monument,4,129.45,125.66,175.35,818.81,Online,Member,No,Clear
TN001218,2025-12-19,11:00:00,Pinnacle,4,261.98,134.09,0.0,1182.01,Online,Public,No,Clear
TN001219,2025-08-10,14:00:00,Pinnacle,2,123.65,70.66,124.97,442.93,Phone,Public,No,Clear
TN001220,2025-11-16,09:40:00,Pinnacle,4,256.28,134.87,224.02,1384.01,Walk-up,Public,No,Clear
TN001221,2025-05-18,08:10:00,Pinnacle,2,154.91,67.12,39.15,416.09,Online,Public,No,Clear
TN001222,2025-04-27,08:20:00,Monument,2,196.76,61.42,0.0,454.94,Online,Member,No,Clear
TN001223,2025-09-07,13:40:00,Monument,3,119.7,101.58,182.77,643.45,Online,Public,No,Rain
TN001224,2025-03-22,09:40:00,Pinnacle,3,211.74,92.12,119.12,846.46,Online,Member,No,Clear
TN001225,2025-11-01,06:30:00,Pinnacle,2,298.99,66.24,0.0,664.22,Online,Public,No,Clear
TN001226,2025-12-26,06:30:00,Monument,2,251.67,66.49,84.27,654.1,Phone,ResortGuest,No,Cloudy
TN001227,2025-12-07,10:00:00,Pinnacle,3,263.17,102.95,0.0,0.0,Online,Public,Yes,Clear
TN001228,2025-02-22,06:40:00,Monument,4,264.01,125.14,0.0,1181.18,Online,Group,No,Windy
TN001229,2025-08-02,13:20:00,Pinnacle,2,117.11,67.46,0.0,301.68,Phone,Public,No,Windy
TN001230,2025-10-29,09:00:00,Pinnacle,3,194.67,97.41,160.78,842.2,Sales/Events,Group,No,Cloudy
TN001231,2025-03-08,08:50:00,Pinnacle,4,281.47,132.91,139.39,1398.18,Phone,ResortGuest,No,Clear
TN001232,2025-12-31,10:20:00,Pinnacle,3,269.56,99.45,73.01,981.14,Online,Public,No,Rain
TN001233,2025-07-13,08:20:00,Pinnacle,4,125.98,124.3,188.5,816.72,Phone,Group,No,Clear
TN001234,2025-09-21,07:50:00,Pinnacle,4,134.84,133.98,183.19,856.53,Phone,ResortGuest,No,Rain
TN001235,2025-02-23,09:30:00,Monument,3,239.81,100.67,0.0,820.1,Online,ResortGuest,No,Cloudy
TN001236,2025-01-11,08:10:00,Monument,3,319.37,105.43,0.0,1063.54,Online,Public,No,Clear
TN001237,2025-02-22,13:30:00,Monument,3,204.9,99.04,71.2,784.94,Concierge,ResortGuest,No,Clear
TN001238,2025-09-11,14:10:00,Pinnacle,3,87.13,85.64,173.0,520.03,Online,Member,No,Clear
TN001239,2025-11-06,08:20:00,Pinnacle,4,304.54,135.57,65.3,1419.03,Online,Public,No,Cloudy
TN001240,2025-06-15,06:50:00,Pinnacle,3,167.83,104.99,0.0,0.0,Phone,Public,Yes,Clear
TN001241,2025-09-21,09:30:00,Monument,3,141.95,98.71,0.0,0.0,Online,Public,Yes,Windy
TN001242,2025-07-16,11:50:00,Pinnacle,3,125.95,99.7,116.84,594.39,Concierge,ResortGuest,No,Clear
TN001243,2025-02-09,12:40:00,Pinnacle,4,217.11,131.27,0.0,999.71,Walk-up,Public,No,Clear
TN001244,2025-08-04,07:40:00,Pinnacle,3,170.89,104.7,0.0,617.37,Online,Public,No,Cloudy
TN001245,2025-04-24,07:40:00,Pinnacle,3,233.28,104.79,0.0,804.63,Online,Public,No,Windy
TN001246,2025-04-14,13:10:00,Pinnacle,4,171.28,137.02,0.0,822.14,Phone,Public,No,Clear
TN001247,2025-08-10,07:00:00,Pinnacle,2,156.82,70.45,87.28,471.37,Phone,Public,No,Cloudy
TN001248,2025-02-02,08:30:00,Pinnacle,4,225.42,125.79,174.6,1202.07,Online,Member,No,Cloudy
TN001249,2025-01-26,09:10:00,Monument,3,253.18,99.24,0.0,858.78,Phone,Public,No,Clear
TN001250,2025-01-16,09:10:00,Monument,3,256.89,100.35,0.0,871.02,Online,Public,No,Clear
TN001251,2025-01-31,09:20:00,Monument,3,248.55,103.6,0.0,849.25,Online,Public,No,Clear
TN001252,2025-03-08,08:50:00,Pinnacle,2,229.66,63.74,56.43,579.49,Phone,Member,No,Cloudy
TN001253,2025-01-19,12:20:00,Pinnacle,4,246.15,136.49,268.43,1389.52,Online,Public,No,Cloudy
TN001254,2025-07-03,14:40:00,Pinnacle,3,88.49,88.2,104.81,458.48,Phone,ResortGuest,No,Clear
TN001255,2025-02-28,08:40:00,Monument,4,299.35,140.3,172.3,1510.0,Online,Public,No,Cloudy
TN001256,2025-03-04,09:50:00,Monument,4,260.17,132.82,132.0,1305.5,Walk-up,Public,No,Clear
TN001257,2025-03-30,10:50:00,Monument,1,253.15,40.0,49.85,343.0,Online,Public,No,Clear
TN001258,2025-04-19,10:10:00,Pinnacle,3,219.52,97.92,88.24,844.72,Online,Public,No,Clear
TN001259,2025-01-24,09:00:00,Pinnacle,2,334.42,68.41,108.43,845.68,Online,Public,No,Clear
TN001260,2025-11-01,08:50:00,Pinnacle,3,242.12,94.42,57.58,878.36,Sales/Events,Group,No,Cloudy
TN001261,2025-06-07,11:10:00,Pinnacle,4,114.3,128.21,0.0,0.0,Sales/Events,Group,Yes,Cloudy
TN001262,2025-03-16,11:50:00,Monument,2,274.99,68.41,0.0,618.39,Online,Public,No,Clear
TN001263,2025-11-22,06:40:00,Monument,2,247.82,66.46,0.0,562.1,Phone,ResortGuest,No,Windy
TN001264,2025-02-24,08:00:00,Monument,3,260.67,93.53,68.8,944.34,Sales/Events,Group,No,Cloudy
TN001265,2025-03-22,06:40:00,Pinnacle,3,301.83,105.21,0.0,1010.7,Online,Public,No,Clear
TN001266,2025-04-26,12:30:00,Pinnacle,3,169.42,103.24,153.76,765.26,Online,Public,No,Clear
TN001267,2025-01-18,07:00:00,Pinnacle,3,334.63,104.47,0.0,1108.36,Online,Public,No,Cloudy
TN001268,2025-07-13,07:00:00,Pinnacle,3,143.48,103.62,0.0,0.0,Concierge,ResortGuest,Yes,Windy
TN001269,2025-04-18,07:30:00,Pinnacle,3,228.65,101.57,0.0,787.52,Online,Public,No,Windy
TN001270,2025-01-18,11:00:00,Pinnacle,4,255.07,141.01,0.0,1161.29,Phone,Public,No,Windy
TN001271,2025-01-25,12:30:00,Monument,2,208.54,66.77,0.0,483.85,Phone,Public,No,Clear
TN001272,2025-07-24,13:30:00,Monument,3,97.7,100.7,180.21,574.01,Concierge,ResortGuest,No,Windy
TN001273,2025-08-25,15:50:00,Monument,3,85.0,83.5,0.0,338.5,Phone,Member,No,Rain
TN001274,2025-06-01,14:40:00,Monument,3,99.35,88.4,0.0,0.0,Walk-up,Public,Yes,Clear
TN001275,2025-09-20,09:20:00,Monument,2,99.8,60.25,0.0,259.85,Online,Member,No,Windy
TN001276,2025-03-30,08:30:00,Pinnacle,3,272.17,104.32,0.0,920.83,Phone,ResortGuest,No,Clear
TN001277,2025-02-08,11:40:00,Monument,4,212.89,133.76,144.64,1129.96,Concierge,ResortGuest,No,Windy
TN001278,2025-05-24,06:50:00,Pinnacle,2,141.45,70.26,99.06,452.22,Concierge,ResortGuest,No,Clear
TN001279,2025-04-07,07:30:00,Monument,4,254.05,139.1,0.0,1155.3,Walk-up,Public,No,Clear
TN001280,2025-04-13,11:00:00,Pinnacle,3,208.62,104.51,83.38,813.75,Walk-up,Public,No,Windy
TN001281,2025-02-23,08:10:00,Monument,2,319.86,69.2,97.15,806.07,Phone,Public,No,Windy
TN001282,2025-02-15,08:40:00,Monument,4,275.31,140.5,117.56,1359.3,Concierge,ResortGuest,No,Clear
TN001283,2025-08-23,13:10:00,Monument,4,91.79,130.09,0.0,497.25,Sales/Events,Group,No,Windy
TN001284,2025-12-14,11:30:00,Monument,3,241.77,105.63,59.17,890.11,Concierge,ResortGuest,No,Windy
TN001285,2025-04-03,11:30:00,Pinnacle,4,153.19,121.29,211.8,945.85,Walk-up,Member,No,Clear
TN001286,2025-03-04,08:40:00,Monument,4,241.79,125.76,0.0,1092.92,Sales/Events,Group,No,Clear
TN001287,2025-02-27,08:30:00,Monument,3,314.67,102.82,0.0,1046.83,Online,Public,No,Cloudy
TN001288,2025-01-07,07:40:00,Monument,3,281.07,104.92,0.0,948.13,Concierge,ResortGuest,No,Clear
TN001289,2025-11-23,06:50:00,Pinnacle,3,326.44,103.33,49.91,1132.56,Online,Public,No,Clear
TN001290,2025-01-05,07:50:00,Monument,3,224.27,93.19,116.65,882.65,Phone,Member,No,Clear
TN001291,2025-12-08,06:50:00,Pinnacle,2,333.94,67.92,67.64,803.44,Online,Public,No,Clear
TN001292,2025-11-11,12:50:00,Pinnacle,3,222.25,104.81,0.0,771.56,Online,Public,No,Windy
TN001293,2025-12-14,07:30:00,Pinnacle,4,274.25,137.26,0.0,1234.26,Concierge,ResortGuest,No,Clear
TN001294,2025-03-30,08:10:00,Pinnacle,3,306.39,102.89,0.0,1022.06,Online,Public,No,Clear
TN001295,2025-04-12,06:40:00,Pinnacle,4,248.6,137.29,0.0,1131.69,Online,Public,No,Clear
TN001296,2025-02-09,06:40:00,Pinnacle,4,276.88,138.64,210.33,1456.49,Concierge,ResortGuest,No,Cloudy
TN001297,2025-02-09,10:20:00,Pinnacle,4,272.84,133.04,78.41,1302.81,Online,Public,No,Clear
TN001298,2025-05-08,13:40:00,Monument,3,114.52,101.91,74.09,519.56,Online,Public,No,Clear
TN001299,2025-02-24,07:50:00,Monument,4,296.06,137.29,0.0,1321.53,Walk-up,Public,No,Clear
TN001300,2025-03-27,06:50:00,Monument,3,240.63,104.54,94.71,921.14,Online,ResortGuest,No,Clear
TN001301,2025-12-03,07:20:00,Monument,3,247.48,101.44,0.0,843.88,Concierge,ResortGuest,No,Cloudy
TN001302,2025-08-02,11:00:00,Monument,3,104.43,90.97,0.0,404.26,Sales/Events,Group,No,Cloudy
TN001303,2025-12-21,09:10:00,Pinnacle,3,275.77,103.48,82.75,1013.54,Online,Public,No,Cloudy
TN001304,2025-01-12,08:30:00,Pinnacle,3,288.13,98.72,0.0,963.11,Online,ResortGuest,No,Cloudy
TN001305,2025-10-05,12:20:00,Pinnacle,4,161.15,133.6,0.0,778.2,Phone,ResortGuest,No,Cloudy
TN001306,2025-05-24,08:00:00,Pinnacle,4,157.57,135.96,0.0,766.24,Phone,ResortGuest,No,Clear
TN001307,2025-09-07,06:40:00,Monument,3,116.02,91.35,109.13,548.54,Walk-up,Member,No,Clear
TN001308,2025-10-25,11:40:00,Monument,4,175.06,140.92,0.0,841.16,Phone,ResortGuest,No,Cloudy
TN001309,2025-08-24,07:10:00,Monument,4,131.77,131.29,0.0,658.37,Online,ResortGuest,No,Cloudy
TN001310,2025-07-06,13:30:00,Monument,4,111.05,131.82,226.99,803.01,Online,Public,No,Rain
TN001311,2025-12-14,09:40:00,Pinnacle,2,248.74,67.96,0.0,565.44,Concierge,ResortGuest,No,Clear
TN001312,2025-05-23,07:10:00,Monument,2,133.7,61.83,106.41,435.64,Walk-up,Member,No,Clear
TN001313,2025-08-17,09:10:00,Pinnacle,4,104.89,124.92,129.02,673.5,Walk-up,Member,No,Clear
TN001314,2025-03-23,08:10:00,Pinnacle,3,287.97,104.47,0.0,968.38,Phone,ResortGuest,No,Clear
TN001315,2025-02-21,08:50:00,Pinnacle,2,237.91,61.36,0.0,537.18,Online,Member,No,Clear
TN001316,2025-02-01,09:10:00,Monument,4,267.05,135.92,0.0,1204.12,Phone,Public,No,Clear
TN001317,2025-03-02,15:00:00,Monument,4,177.93,118.42,137.18,967.32,Online,Public,No,Clear
TN001318,2025-07-27,10:50:00,Monument,3,124.23,102.48,0.0,475.17,Concierge,ResortGuest,No,Clear
TN001319,2025-02-01,08:00:00,Monument,4,293.44,137.04,84.28,1395.08,Phone,Public,No,Cloudy
TN001320,2025-11-22,11:10:00,Monument,4,250.75,136.67,73.86,1213.53,Online,Public,No,Clear
TN001321,2025-04-11,12:10:00,Pinnacle,3,172.26,103.04,0.0,0.0,Online,Public,Yes,Clear
TN001322,2025-04-20,13:50:00,Pinnacle,3,191.12,98.59,83.67,755.62,Online,Public,No,Clear
TN001323,2025-02-22,07:00:00,Monument,1,256.81,40.0,0.0,0.0,Phone,ResortGuest,Yes,Clear
TN001324,2025-01-11,09:50:00,Monument,3,242.9,99.97,0.0,0.0,Online,Public,Yes,Clear
TN001325,2025-02-27,06:40:00,Pinnacle,3,262.71,100.39,90.57,979.09,Concierge,ResortGuest,No,Clear
TN001326,2025-11-23,08:30:00,Monument,4,254.04,124.79,0.0,1140.95,Sales/Events,Group,No,Cloudy
TN001327,2025-01-15,08:20:00,Pinnacle,3,259.96,90.24,0.0,870.12,Online,Member,No,Clear
TN001328,2025-01-04,08:30:00,Monument,3,245.09,95.68,0.0,830.95,Walk-up,Member,No,Cloudy
TN001329,2025-06-14,12:50:00,Monument,4,96.39,135.4,165.43,686.39,Phone,ResortGuest,No,Windy
TN001330,2025-02-07,06:30:00,Monument,2,319.28,65.64,0.0,704.2,Phone,Public,No,Clear
TN001331,2025-11-30,06:30:00,Monument,2,322.23,69.44,0.0,713.9,Online,Public,No,Clear
TN001332,2025-09-19,11:50:00,Pinnacle,4,134.89,137.19,0.0,0.0,Online,Public,Yes,Clear
TN001333,2025-12-27,11:00:00,Pinnacle,4,242.88,132.54,0.0,1104.06,Concierge,ResortGuest,No,Clear
TN001334,2025-03-18,11:40:00,Pinnacle,4,219.65,125.39,0.0,1003.99,Phone,Member,No,Rain
TN001335,2025-09-20,13:30:00,Pinnacle,2,104.21,66.84,31.99,307.25,Concierge,ResortGuest,No,Windy
TN001336,2025-08-30,14:30:00,Monument,4,85.0,123.84,218.45,682.29,Concierge,ResortGuest,No,Clear
TN001337,2025-11-04,09:00:00,Monument,4,272.63,136.21,92.4,1319.13,Phone,ResortGuest,No,Clear
TN001338,2025-12-31,07:20:00,Pinnacle,3,337.86,102.69,0.0,1116.27,Online,Public,No,Clear
TN001339,2025-08-27,11:30:00,Monument,3,111.75,94.15,0.0,429.4,Walk-up,Member,No,Clear
TN001340,2025-11-06,12:00:00,Pinnacle,3,274.23,98.36,165.41,1086.46,Online,Public,No,Cloudy
TN001341,2025-02-20,09:00:00,Monument,2,299.12,67.71,0.0,665.95,Phone,Public,No,Clear
TN001342,2025-03-22,07:50:00,Monument,3,297.24,99.1,0.0,0.0,Online,Public,Yes,Clear
TN001343,2025-08-17,09:00:00,Monument,3,131.57,101.25,92.95,588.91,Concierge,ResortGuest,No,Windy
TN001344,2025-05-10,09:30:00,Monument,3,113.97,92.59,94.2,528.7,Walk-up,Member,No,Cloudy
TN001345,2025-09-20,07:40:00,Pinnacle,3,125.93,93.08,0.0,470.87,Phone,Member,No,Clear
TN001346,2025-08-17,07:30:00,Monument,4,145.98,138.42,0.0,722.34,Concierge,ResortGuest,No,Rain
TN001347,2025-12-06,07:50:00,Monument,4,277.78,139.3,276.09,1526.51,Concierge,ResortGuest,No,Clear
TN001348,2025-10-21,11:40:00,Monument,4,217.49,132.85,0.0,0.0,Online,Public,Yes,Clear
TN001349,2025-01-18,10:40:00,Pinnacle,4,275.13,141.39,156.04,1397.95,Online,Public,No,Clear
TN001350,2025-04-21,07:40:00,Monument,3,167.96,91.98,117.3,713.16,Online,Member,No,Clear
TN001351,2025-08-31,07:40:00,Monument,4,161.12,132.51,189.26,966.25,Online,Public,No,Cloudy
TN001352,2025-12-14,08:30:00,Pinnacle,3,334.61,100.52,0.0,1104.35,Online,Public,No,Windy
TN001353,2025-03-20,11:00:00,Monument,1,248.38,40.0,0.0,288.38,Online,Public,No,Cloudy
TN001354,2025-10-02,07:10:00,Monument,3,178.68,91.42,0.0,627.46,Online,Member,No,Clear
TN001355,2025-12-18,08:50:00,Pinnacle,3,334.69,99.9,190.93,1294.9,Online,Public,No,Cloudy
TN001356,2025-01-30,08:20:00,Monument,4,286.52,138.64,121.1,1405.82,Online,Public,No,Clear
TN001357,2025-06-30,13:10:00,Monument,4,103.63,126.13,0.0,540.65,Sales/Events,Group,No,Windy
TN001358,2025-11-15,08:10:00,Monument,3,249.61,93.91,0.0,842.74,Online,Member,No,Clear
TN001359,2025-09-15,06:50:00,Pinnacle,4,140.26,126.87,192.14,880.05,Sales/Events,Group,No,Clear
TN001360,2025-11-23,09:40:00,Monument,3,249.62,102.71,0.0,851.57,Online,Public,No,Windy
TN001361,2025-11-07,07:50:00,Monument,4,221.9,128.77,0.0,1016.37,Phone,Member,No,Windy
TN001362,2025-05-08,12:20:00,Monument,3,85.0,91.54,74.64,421.18,Phone,Member,No,Rain
TN001363,2025-11-17,13:50:00,Pinnacle,3,243.92,99.96,114.43,946.15,Online,Public,No,Windy
TN001364,2025-12-27,11:00:00,Monument,3,227.95,103.74,116.02,903.61,Online,ResortGuest,No,Cloudy
TN001365,2025-03-16,08:20:00,Pinnacle,4,294.88,135.62,137.33,1452.47,Online,Public,No,Clear
TN001366,2025-11-09,08:10:00,Pinnacle,4,306.04,133.37,0.0,0.0,Online,Public,Yes,Windy
TN001367,2025-10-28,08:30:00,Monument,2,221.11,68.83,131.93,642.98,Phone,Public,No,Clear
TN001368,2025-12-18,12:50:00,Pinnacle,3,224.81,101.04,188.67,964.14,Online,Public,No,Clear
TN001369,2025-12-05,08:00:00,Monument,3,299.96,103.32,127.55,1130.75,Phone,Public,No,Clear
TN001370,2025-02-02,08:50:00,Pinnacle,2,305.12,68.16,0.0,678.4,Phone,Public,No,Windy
TN001371,2025-12-21,14:40:00,Monument,4,182.01,125.88,0.0,853.92,Online,Public,No,Clear
TN001372,2025-07-05,08:20:00,Pinnacle,4,179.28,140.58,0.0,857.7,Online,Public,No,Rain
TN001373,2025-03-30,09:50:00,Monument,4,200.85,120.86,0.0,924.26,Walk-up,Member,No,Clear
TN001374,2025-10-04,10:10:00,Monument,3,184.59,100.91,0.0,654.68,Concierge,ResortGuest,No,Clear
TN001375,2025-08-03,12:20:00,Monument,3,117.77,99.32,196.1,648.73,Online,Public,No,Cloudy
TN001376,2025-10-19,11:10:00,Pinnacle,3,204.84,99.97,0.0,714.49,Online,Public,No,Clear
TN001377,2025-08-02,07:50:00,Pinnacle,2,161.58,68.19,135.52,526.87,Online,Public,No,Windy
TN001378,2025-10-04,07:50:00,Monument,4,220.99,138.35,138.47,1160.78,Phone,Public,No,Clear
TN001379,2025-03-03,07:00:00,Pinnacle,3,260.86,92.98,0.0,875.56,Phone,Member,No,Clear
TN001380,2025-03-10,09:40:00,Monument,3,199.84,90.9,0.0,690.42,Online,Member,No,Clear
TN001381,2025-08-23,08:10:00,Monument,4,133.28,130.06,0.0,663.18,Sales/Events,Group,No,Cloudy
TN001382,2025-11-07,07:50:00,Monument,3,228.41,96.67,111.17,893.07,Online,Member,No,Clear
TN001383,2025-01-19,06:40:00,Monument,3,301.89,105.13,111.53,1122.33,Phone,Public,No,Clear
TN001384,2025-06-14,07:20:00,Monument,4,144.78,130.72,126.25,836.09,Concierge,ResortGuest,No,Clear
TN001385,2025-04-26,15:10:00,Pinnacle,3,155.08,95.42,0.0,560.66,Online,Public,No,Clear
TN001386,2025-06-29,06:30:00,Pinnacle,3,141.77,98.78,0.0,524.09,Online,ResortGuest,No,Clear
TN001387,2025-12-20,07:00:00,Monument,3,216.82,92.49,111.35,854.3,Online,Member,No,Clear
TN001388,2025-11-09,06:30:00,Pinnacle,3,337.92,103.15,159.3,1276.21,Phone,Public,No,Cloudy
TN001389,2025-06-21,15:40:00,Pinnacle,3,94.95,93.91,103.54,482.3,Concierge,ResortGuest,No,Clear
TN001390,2025-08-30,09:00:00,Pinnacle,3,157.24,102.0,0.0,573.72,Online,Public,No,Rain
TN001391,2025-12-07,07:50:00,Monument,4,233.89,125.61,105.91,1167.08,Online,Member,No,Clear
TN001392,2025-09-18,14:00:00,Pinnacle,3,113.63,103.36,55.92,500.17,Online,Public,No,Cloudy
TN001393,2025-03-06,13:30:00,Pinnacle,3,207.32,104.59,122.11,848.66,Concierge,ResortGuest,No,Clear
TN001394,2025-01-18,08:40:00,Pinnacle,4,277.97,126.05,0.0,1237.93,Sales/Events,Group,No,Cloudy
TN001395,2025-12-31,10:40:00,Pinnacle,4,205.92,123.64,0.0,947.32,Online,Member,No,Windy
TN001396,2025-11-01,12:00:00,Pinnacle,4,243.19,137.5,252.32,1362.58,Concierge,ResortGuest,No,Windy
TN001397,2025-01-16,06:30:00,Pinnacle,4,337.77,140.56,0.0,0.0,Online,Public,Yes,Clear
TN001398,2025-10-05,15:10:00,Pinnacle,4,159.01,122.48,69.41,827.93,Online,Public,No,Clear
TN001399,2025-11-14,14:50:00,Pinnacle,4,168.65,119.47,181.77,975.84,Phone,ResortGuest,No,Windy
TN001400,2025-09-06,12:30:00,Pinnacle,1,129.33,40.0,37.51,206.84,Online,Public,No,Windy
TN001401,2025-11-01,14:40:00,Monument,3,197.52,92.44,154.84,839.84,Online,Public,No,Clear
TN001402,2025-11-02,11:30:00,Pinnacle,4,256.19,134.36,233.74,1392.86,Phone,ResortGuest,No,Clear
TN001403,2025-02-19,08:50:00,Pinnacle,4,294.73,140.55,0.0,1319.47,Phone,Public,No,Clear
TN001404,2025-05-04,12:10:00,Monument,3,112.03,101.02,181.67,618.78,Online,Public,No,Clear
TN001405,2025-04-20,09:50:00,Pinnacle,2,205.62,69.21,0.0,480.45,Online,Public,No,Clear
TN001406,2025-07-19,10:10:00,Monument,3,145.45,102.83,0.0,539.18,Phone,Public,No,Clear
TN001407,2025-09-27,08:50:00,Monument,4,124.5,123.44,185.19,806.63,Walk-up,Member,No,Clear
TN001408,2025-07-15,14:00:00,Monument,2,122.46,69.48,0.0,314.4,Online,Public,No,Cloudy
TN001409,2025-09-14,14:00:00,Pinnacle,2,122.79,67.99,0.0,0.0,Online,Public,Yes,Clear
TN001410,2025-09-20,08:30:00,Monument,4,158.98,131.52,0.0,0.0,Walk-up,Public,Yes,Clear
TN001411,2025-12-13,10:50:00,Monument,1,263.81,40.0,0.0,303.81,Walk-up,Public,No,Clear
TN001412,2025-03-29,06:30:00,Monument,4,266.15,137.03,0.0,1201.63,Concierge,ResortGuest,No,Clear
TN001413,2025-10-25,06:30:00,Pinnacle,3,212.87,105.87,0.0,744.48,Online,ResortGuest,No,Clear
TN001414,2025-01-05,07:30:00,Pinnacle,3,281.77,99.58,114.83,1059.72,Concierge,ResortGuest,No,Cloudy
TN001415,2025-05-10,07:00:00,Pinnacle,3,166.0,103.35,0.0,601.35,Online,Public,No,Clear
TN001416,2025-03-27,11:00:00,Monument,4,214.41,120.65,0.0,978.29,Sales/Events,Group,No,Clear
TN001417,2025-01-23,07:50:00,Monument,3,293.52,102.74,114.36,1097.66,Online,Public,No,Clear
TN001418,2025-04-20,10:50:00,Pinnacle,3,201.19,104.08,0.0,707.65,Online,Public,No,Clear
TN001419,2025-01-13,10:20:00,Pinnacle,3,218.57,101.49,125.88,883.08,Concierge,ResortGuest,No,Cloudy
TN001420,2025-08-22,11:30:00,Pinnacle,4,125.8,130.71,0.0,633.91,Phone,ResortGuest,No,Clear
TN001421,2025-01-27,14:00:00,Pinnacle,3,226.34,101.63,0.0,780.65,Online,Public,No,Rain
TN001422,2025-11-22,10:20:00,Monument,4,220.41,141.1,0.0,1022.74,Phone,ResortGuest,No,Clear
TN001423,2025-06-08,08:40:00,Pinnacle,4,140.79,137.56,259.42,960.14,Online,ResortGuest,No,Clear
TN001424,2025-01-18,07:20:00,Monument,4,301.15,136.35,0.0,1340.95,Online,Public,No,Clear
TN001425,2025-11-08,15:40:00,Pinnacle,2,180.52,60.02,0.0,421.06,Phone,ResortGuest,No,Cloudy
TN001426,2025-02-08,08:30:00,Monument,3,243.76,92.03,0.0,823.31,Online,Group,No,Clear
TN001427,2025-08-02,09:20:00,Pinnacle,3,113.85,91.27,0.0,432.82,Online,Member,No,Windy
TN001428,2025-05-11,07:00:00,Pinnacle,4,124.51,129.01,108.42,735.47,Walk-up,Member,No,Clear
TN001429,2025-11-16,09:00:00,Monument,4,243.81,134.65,178.5,1288.39,Concierge,ResortGuest,No,Clear
TN001430,2025-02-22,07:00:00,Pinnacle,3,254.23,95.48,87.85,946.02,Online,Member,No,Clear
TN001431,2025-09-16,07:30:00,Monument,3,156.64,101.33,159.34,730.59,Online,Public,No,Clear
TN001432,2025-05-21,12:50:00,Pinnacle,2,131.54,67.7,53.31,384.09,Online,Public,No,Clear
TN001433,2025-01-08,13:30:00,Monument,3,164.43,96.64,144.07,734.0,Online,Member,No,Clear
TN001434,2025-01-26,07:40:00,Monument,3,240.71,102.87,0.0,825.0,Concierge,ResortGuest,No,Clear
TN001435,2025-04-19,08:40:00,Monument,2,227.9,68.12,94.55,618.47,Online,Public,No,Clear
TN001436,2025-03-08,08:00:00,Monument,3,223.02,95.9,169.36,934.32,Phone,Member,No,Clear
TN001437,2025-12-21,09:50:00,Monument,3,242.35,103.74,115.28,946.07,Concierge,ResortGuest,No,Clear
TN001438,2025-11-20,08:50:00,Pinnacle,4,308.23,132.99,186.91,1552.82,Online,Public,No,Clear
TN001439,2025-01-14,09:20:00,Pinnacle,4,275.82,137.71,0.0,1240.99,Online,Public,No,Clear
TN001440,2025-11-08,09:20:00,Monument,4,201.72,125.4,64.84,997.12,Phone,Group,No,Windy
TN001441,2025-12-28,11:00:00,Pinnacle,3,259.33,100.15,210.92,1089.06,Phone,Public,No,Clear
TN001442,2025-03-29,08:10:00,Pinnacle,4,287.84,132.35,0.0,1283.71,Online,Public,No,Clear
TN001443,2025-12-31,09:20:00,Monument,4,188.58,129.37,0.0,883.69,Online,Member,No,Clear
TN001444,2025-02-16,15:40:00,Monument,4,194.99,122.17,127.13,1029.26,Online,Public,No,Cloudy
TN001445,2025-08-15,12:20:00,Monument,3,126.48,105.8,0.0,485.24,Online,Public,No,Clear
TN001446,2025-03-23,13:40:00,Pinnacle,2,175.87,63.95,0.0,415.69,Phone,Member,No,Clear
TN001447,2025-01-26,09:30:00,Pinnacle,3,248.61,99.23,0.0,845.06,Online,Public,No,Clear
TN001448,2025-12-09,09:30:00,Pinnacle,3,248.98,105.26,68.44,920.64,Online,Public,No,Cloudy
TN001449,2025-03-16,08:30:00,Monument,3,231.92,90.68,0.0,786.44,Walk-up,Member,No,Windy
TN001450,2025-04-05,10:40:00,Monument,3,163.39,95.06,0.0,585.23,Sales/Events,Group,No,Clear
TN001451,2025-09-14,10:50:00,Pinnacle,3,137.03,101.34,68.74,581.17,Concierge,ResortGuest,No,Windy
TN001452,2025-11-02,09:10:00,Monument,4,236.93,140.85,79.02,1167.59,Phone,Public,No,Cloudy
TN001453,2025-03-24,07:40:00,Monument,4,278.73,132.35,218.44,1465.71,Online,ResortGuest,No,Windy
TN001454,2025-01-25,08:40:00,Pinnacle,2,226.13,63.41,93.71,609.38,Online,Member,No,Clear
TN001455,2025-10-02,12:20:00,Monument,3,184.82,99.1,0.0,0.0,Online,Public,Yes,Cloudy
TN001456,2025-07-27,12:10:00,Monument,4,110.53,135.57,0.0,577.69,Online,ResortGuest,No,Clear
TN001457,2025-03-23,07:20:00,Pinnacle,3,224.83,97.09,0.0,771.58,Phone,Member,No,Windy
TN001458,2025-07-30,07:30:00,Pinnacle,3,136.2,94.18,115.02,617.8,Phone,Group,No,Clear
TN001459,2025-08-10,14:10:00,Pinnacle,3,90.15,82.76,0.0,0.0,Phone,Group,Yes,Cloudy
TN001460,2025-03-14,09:20:00,Monument,4,215.69,127.11,0.0,989.87,Walk-up,Member,No,Windy
TN001461,2025-03-16,08:00:00,Monument,4,252.57,138.11,116.12,1264.51,Concierge,ResortGuest,No,Clear
TN001462,2025-08-12,07:50:00,Pinnacle,3,143.54,96.14,145.52,672.28,Sales/Events,Group,No,Windy
TN001463,2025-08-10,11:50:00,Monument,2,106.75,61.6,0.0,0.0,Online,Member,Yes,Cloudy
TN001464,2025-11-08,09:00:00,Pinnacle,4,288.68,140.62,0.0,0.0,Online,Public,Yes,Clear
TN001465,2025-02-28,12:30:00,Pinnacle,3,238.37,100.56,0.0,815.67,Phone,Public,No,Clear
TN001466,2025-01-22,08:00:00,Monument,1,298.05,40.0,0.0,338.05,Online,Public,No,Rain
TN001467,2025-02-09,06:50:00,Monument,3,306.11,102.91,128.82,1150.06,Phone,Public,No,Cloudy
TN001468,2025-12-21,08:50:00,Monument,4,258.86,125.78,130.74,1291.96,Phone,Group,No,Clear
TN001469,2025-11-06,07:50:00,Monument,3,295.11,102.01,160.72,1148.06,Online,Public,No,Clear
TN001470,2025-12-14,13:30:00,Pinnacle,2,236.25,70.63,0.0,543.13,Online,Public,No,Cloudy
TN001471,2025-03-06,09:00:00,Pinnacle,4,268.62,137.7,0.0,1212.18,Concierge,ResortGuest,No,Cloudy
TN001472,2025-09-20,11:00:00,Monument,4,126.59,131.76,0.0,638.12,Concierge,ResortGuest,No,Clear
TN001473,2025-10-26,07:20:00,Pinnacle,4,201.6,140.77,0.0,947.17,Concierge,ResortGuest,No,Windy
TN001474,2025-03-21,10:00:00,Pinnacle,3,284.66,102.06,132.85,1088.89,Online,Public,No,Clear
TN001475,2025-06-07,13:10:00,Monument,4,102.07,126.37,0.0,534.65,Sales/Events,Group,No,Clear
TN001476,2025-03-25,12:40:00,Monument,2,212.39,66.98,0.0,491.76,Phone,Public,No,Clear
TN001477,2025-12-08,07:10:00,Pinnacle,3,296.48,105.46,0.0,0.0,Phone,Public,Yes,Clear
TN001478,2025-02-08,13:20:00,Monument,3,214.64,99.68,0.0,743.6,Walk-up,Public,No,Clear
TN001479,2025-02-17,07:30:00,Pinnacle,4,269.64,121.99,101.03,1301.58,Phone,Group,No,Clear
TN001480,2025-09-13,07:40:00,Monument,3,149.38,98.65,0.0,546.79,Walk-up,Public,No,Clear
TN001481,2025-08-09,13:30:00,Monument,3,94.53,103.76,134.32,521.67,Phone,ResortGuest,No,Clear
TN001482,2025-01-05,08:00:00,Monument,3,320.14,99.82,0.0,1060.24,Phone,Public,No,Windy
TN001483,2025-11-20,14:20:00,Pinnacle,3,187.86,90.05,79.0,732.63,Online,Public,No,Clear
TN001484,2025-01-20,10:40:00,Pinnacle,4,263.64,134.15,127.64,1316.35,Online,Public,No,Clear
TN001485,2025-10-26,08:50:00,Pinnacle,4,181.97,127.33,126.08,981.29,Phone,Member,No,Clear
TN001486,2025-06-14,06:40:00,Monument,3,155.49,99.47,80.39,646.33,Phone,Public,No,Clear
TN001487,2025-01-29,07:40:00,Pinnacle,3,257.14,96.18,0.0,867.6,Online,Member,No,Clear
TN001488,2025-04-12,10:40:00,Monument,3,153.62,95.54,0.0,556.4,Walk-up,Member,No,Clear
TN001489,2025-12-01,06:30:00,Monument,3,227.14,92.39,80.16,853.97,Phone,Member,No,Clear
TN001490,2025-11-25,13:30:00,Pinnacle,3,211.16,102.72,43.87,780.07,Phone,Public,No,Clear
TN001491,2025-11-14,11:10:00,Monument,4,210.46,125.01,98.76,1065.61,Sales/Events,Group,No,Clear
TN001492,2025-05-26,06:50:00,Pinnacle,4,141.58,132.94,0.0,699.26,Concierge,ResortGuest,No,Clear
TN001493,2025-03-10,10:50:00,Monument,4,234.69,138.89,115.91,1193.56,Concierge,ResortGuest,No,Cloudy
TN001494,2025-01-13,11:30:00,Monument,3,278.87,105.95,0.0,942.56,Phone,Public,No,Clear
TN001495,2025-10-30,10:00:00,Pinnacle,3,172.67,93.41,0.0,611.42,Phone,Member,No,Windy
TN001496,2025-10-31,14:30:00,Monument,4,138.0,119.97,140.71,812.68,Online,ResortGuest,No,Clear
TN001497,2025-03-16,11:10:00,Pinnacle,3,273.06,105.78,0.0,924.96,Online,Public,No,Clear
TN001498,2025-10-04,15:40:00,Monument,3,123.12,86.13,0.0,455.49,Phone,Member,No,Cloudy
TN001499,2025-03-04,07:50:00,Monument,3,282.94,106.02,0.0,954.84,Online,Public,No,Clear
TN001500,2025-10-05,10:00:00,Monument,3,209.17,98.32,79.19,805.02,Phone,Public,No,Clear
TN001501,2025-03-15,07:40:00,Monument,3,255.19,105.68,52.18,923.43,Online,ResortGuest,No,Clear
TN001502,2025-03-02,12:00:00,Pinnacle,2,268.77,69.23,77.58,684.35,Online,Public,No,Cloudy
TN001503,2025-06-14,11:10:00,Monument,3,129.04,99.17,118.81,605.1,Phone,Public,No,Clear
TN001504,2025-11-22,12:40:00,Pinnacle,4,191.2,128.95,81.37,975.12,Online,Member,No,Clear
TN001505,2025-02-15,11:50:00,Monument,3,277.97,103.2,0.0,937.11,Online,Public,No,Clear
TN001506,2025-06-18,09:20:00,Monument,3,124.84,99.6,0.0,474.12,Phone,ResortGuest,No,Clear
TN001507,2025-02-02,06:50:00,Pinnacle,3,308.62,101.97,67.69,1095.52,Phone,Public,No,Clear
TN001508,2025-01-17,11:00:00,Pinnacle,3,284.08,101.22,119.77,1073.23,Walk-up,Public,No,Clear
TN001509,2025-06-15,13:40:00,Monument,3,109.44,102.66,140.48,571.46,Online,Public,No,Clear
TN001510,2025-12-07,08:50:00,Monument,4,298.76,136.77,0.0,1331.81,Online,Public,No,Clear
TN001511,2025-12-25,10:40:00,Monument,3,256.62,103.45,0.0,873.31,Online,Public,No,Clear
TN001512,2025-10-12,08:40:00,Monument,2,226.49,69.2,46.39,568.57,Online,Public,No,Clear
TN001513,2025-02-09,07:50:00,Pinnacle,4,293.68,136.91,118.82,1430.45,Walk-up,Public,No,Clear
TN001514,2025-02-13,10:30:00,Pinnacle,3,258.63,100.21,115.76,991.86,Online,Public,No,Cloudy
TN001515,2025-02-21,10:50:00,Pinnacle,2,272.09,66.45,0.0,0.0,Online,Public,Yes,Clear
TN001516,2025-08-11,12:50:00,Pinnacle,4,123.21,131.14,187.87,811.85,Walk-up,Public,No,Clear
TN001517,2025-10-07,12:20:00,Monument,4,174.63,135.28,0.0,833.8,Online,Public,No,Clear
TN001518,2025-10-19,07:30:00,Pinnacle,3,266.21,100.16,0.0,898.79,Online,Public,No,Windy
TN001519,2025-03-12,07:40:00,Monument,4,254.98,128.09,0.0,1148.01,Sales/Events,Group,No,Cloudy
TN001520,2025-03-30,09:10:00,Monument,3,252.7,100.83,56.53,915.46,Online,Public,No,Cloudy
TN001521,2025-05-31,11:30:00,Pinnacle,4,138.93,139.37,0.0,695.09,Online,Public,No,Clear
TN001522,2025-07-08,12:30:00,Monument,3,95.05,91.91,135.8,512.86,Walk-up,Member,No,Clear
TN001523,2025-08-02,13:40:00,Monument,4,103.67,137.25,0.0,551.93,Phone,ResortGuest,No,Clear
TN001524,2025-04-23,06:40:00,Pinnacle,3,208.89,99.54,111.46,837.67,Concierge,ResortGuest,No,Clear
TN001525,2025-02-05,08:50:00,Pinnacle,3,334.96,105.5,0.0,1110.38,Online,Public,No,Clear
TN001526,2025-12-21,06:30:00,Pinnacle,4,256.45,120.26,236.19,1382.25,Online,Member,No,Clear
TN001527,2025-08-03,11:10:00,Monument,2,143.01,66.28,0.0,352.3,Online,Public,No,Rain
TN001528,2025-02-17,11:40:00,Pinnacle,4,199.02,123.65,0.0,919.73,Online,Member,No,Clear
TN001529,2025-04-27,09:40:00,Pinnacle,4,223.49,136.59,0.0,1030.55,Online,Public,No,Clear
TN001530,2025-11-15,10:50:00,Pinnacle,2,266.45,65.31,0.0,598.21,Online,Public,No,Clear
TN001531,2025-09-28,06:40:00,Pinnacle,4,162.47,135.77,282.08,1067.73,Online,Public,No,Rain
TN001532,2025-12-24,06:40:00,Monument,3,278.9,98.81,167.32,1102.83,Phone,Public,No,Clear
TN001533,2025-12-07,13:20:00,Pinnacle,3,248.94,105.24,128.92,980.98,Online,Public,No,Clear
TN001534,2025-08-09,06:40:00,Monument,3,169.62,102.87,0.0,0.0,Online,Public,Yes,Clear
TN001535,2025-02-04,13:20:00,Pinnacle,3,215.6,102.44,0.0,749.24,Online,Public,No,Cloudy
TN001536,2025-12-06,07:20:00,Pinnacle,3,325.62,100.9,89.05,1166.81,Online,Public,No,Clear
TN001537,2025-04-12,09:50:00,Monument,2,207.69,69.94,62.4,547.72,Phone,Public,No,Clear
TN001538,2025-10-05,13:00:00,Pinnacle,2,166.8,68.15,0.0,401.75,Phone,Public,No,Clear
TN001539,2025-10-12,08:00:00,Monument,4,196.1,128.12,0.0,912.52,Sales/Events,Group,No,Clear
TN001540,2025-06-06,11:20:00,Pinnacle,3,115.96,93.58,0.0,441.46,Phone,Member,No,Clear
TN001541,2025-09-19,10:00:00,Monument,4,115.77,133.17,0.0,0.0,Phone,ResortGuest,Yes,Cloudy
TN001542,2025-06-20,08:10:00,Monument,4,126.36,121.39,0.0,626.83,Phone,Member,No,Clear
TN001543,2025-12-24,06:30:00,Pinnacle,3,249.36,92.55,75.77,916.4,Phone,Member,No,Windy
TN001544,2025-11-22,07:00:00,Monument,3,246.34,96.81,107.2,943.03,Phone,Member,No,Clear
TN001545,2025-08-31,07:30:00,Monument,3,168.14,101.26,61.38,667.06,Online,Public,No,Clear
TN001546,2025-04-06,08:50:00,Monument,3,242.42,104.83,140.17,972.26,Phone,Public,No,Clear
TN001547,2025-07-08,11:30:00,Pinnacle,3,108.07,95.49,55.15,474.85,Online,Member,No,Clear
TN001548,2025-02-12,12:40:00,Monument,3,214.41,102.58,0.0,745.81,Phone,Public,No,Clear
TN001549,2025-01-29,09:00:00,Monument,3,255.96,104.29,50.68,922.85,Concierge,ResortGuest,No,Clear
TN001550,2025-12-18,09:00:00,Monument,4,236.97,128.91,0.0,1076.79,Online,Member,No,Clear
TN001551,2025-03-04,06:50:00,Monument,4,285.6,140.7,143.9,1427.0,Phone,Public,No,Clear
TN001552,2025-10-26,07:30:00,Monument,3,194.44,105.3,118.61,807.23,Concierge,ResortGuest,No,Clear
TN001553,2025-12-21,06:30:00,Pinnacle,3,254.43,96.18,128.43,987.9,Walk-up,Member,No,Clear
TN001554,2025-11-05,06:30:00,Pinnacle,3,231.68,94.94,0.0,789.98,Online,Member,No,Cloudy
TN001555,2025-01-14,07:10:00,Monument,3,243.75,91.24,0.0,822.49,Online,Member,No,Clear
TN001556,2025-12-15,11:00:00,Monument,3,263.55,104.7,145.28,1040.63,Online,Public,No,Clear
TN001557,2025-03-01,09:00:00,Monument,3,322.65,98.99,0.0,1066.94,Online,Public,No,Clear
TN001558,2025-03-01,13:00:00,Pinnacle,2,245.24,66.37,59.75,616.6,Online,Public,No,Cloudy
TN001559,2025-01-05,08:00:00,Pinnacle,2,296.32,70.51,65.95,729.1,Walk-up,Public,No,Clear
TN001560,2025-02-14,12:10:00,Pinnacle,3,219.3,100.6,0.0,758.5,Phone,Public,No,Clear
TN001561,2025-06-08,15:30:00,Monument,4,85.0,117.01,143.39,600.4,Phone,Member,No,Clear
TN001562,2025-06-07,08:30:00,Pinnacle,3,122.01,92.39,164.51,622.93,Online,Member,No,Clear
TN001563,2025-12-31,08:10:00,Monument,3,214.55,95.84,0.0,739.49,Online,Member,No,Clear
TN001564,2025-12-21,08:40:00,Monument,3,281.19,98.4,79.24,1021.21,Phone,ResortGuest,No,Clear
TN001565,2025-04-13,07:30:00,Pinnacle,3,249.64,105.9,0.0,854.82,Online,Public,No,Clear
TN001566,2025-10-18,06:50:00,Pinnacle,3,235.65,104.98,93.81,905.74,Phone,Public,No,Clear
TN001567,2025-06-07,12:40:00,Monument,3,123.12,98.36,0.0,467.72,Phone,Public,No,Clear
TN001568,2025-03-04,10:00:00,Pinnacle,2,250.0,66.0,0.0,566.0,Walk-up,Public,No,Clear
TN001569,2025-11-29,08:40:00,Pinnacle,2,332.02,65.87,0.0,729.91,Online,Public,No,Clear
TN001570,2025-03-07,07:00:00,Monument,3,260.75,100.58,76.56,959.39,Online,ResortGuest,No,Clear
TN001571,2025-02-23,09:10:00,Monument,3,203.77,90.85,149.47,851.63,Online,Member,No,Clear
TN001572,2025-08-04,08:20:00,Pinnacle,3,139.24,93.33,0.0,511.05,Sales/Events,Group,No,Cloudy
TN001573,2025-01-01,12:10:00,Pinnacle,3,239.92,103.41,0.0,823.17,Walk-up,Public,No,Clear
TN001574,2025-02-01,12:00:00,Pinnacle,3,216.58,97.47,0.0,747.21,Online,Member,No,Clear
TN001575,2025-09-14,11:20:00,Monument,4,124.7,135.7,203.4,837.9,Online,ResortGuest,No,Rain
TN001576,2025-11-30,07:50:00,Monument,4,247.77,125.72,0.0,0.0,Online,Member,Yes,Clear
TN001577,2025-01-18,09:50:00,Pinnacle,3,248.13,101.66,0.0,846.05,Walk-up,Public,No,Clear
TN001578,2025-09-28,15:50:00,Pinnacle,2,98.97,62.77,55.25,315.96,Online,Public,No,Cloudy
TN001579,2025-02-07,11:40:00,Monument,2,185.18,61.47,124.09,555.92,Online,Member,No,Clear
TN001580,2025-08-10,07:10:00,Monument,2,165.65,67.46,0.0,0.0,Online,Public,Yes,Windy
TN001581,2025-03-01,07:50:00,Monument,4,318.7,134.46,103.98,1513.24,Online,Public,No,Clear
TN001582,2025-03-16,08:30:00,Monument,4,253.75,140.08,0.0,0.0,Concierge,ResortGuest,Yes,Clear
TN001583,2025-09-14,10:30:00,Pinnacle,4,140.65,140.86,0.0,703.46,Online,Public,No,Clear
TN001584,2025-05-24,13:20:00,Pinnacle,3,114.3,99.06,0.0,441.96,Online,Public,No,Clear
TN001585,2025-02-16,08:50:00,Pinnacle,3,325.75,99.52,155.65,1232.42,Online,Public,No,Clear
TN001586,2025-04-26,13:00:00,Pinnacle,4,147.15,121.74,210.18,920.52,Phone,Member,No,Clear
TN001587,2025-10-11,06:30:00,Monument,3,251.8,104.02,67.55,926.97,Walk-up,Public,No,Cloudy
TN001588,2025-10-04,10:00:00,Monument,4,199.63,136.95,206.55,1142.02,Online,Public,No,Clear
TN001589,2025-05-10,10:30:00,Monument,3,129.74,104.6,0.0,493.82,Phone,Public,No,Clear
TN001590,2025-06-21,07:20:00,Pinnacle,4,150.91,139.95,0.0,743.59,Phone,ResortGuest,No,Clear
TN001591,2025-07-05,12:30:00,Pinnacle,4,110.32,137.79,218.89,797.96,Online,ResortGuest,No,Clear
TN001592,2025-12-21,07:40:00,Pinnacle,2,273.71,66.57,91.45,705.44,Concierge,ResortGuest,No,Clear
TN001593,2025-10-19,11:50:00,Monument,3,163.75,91.75,0.0,583.0,Online,Member,No,Clear
TN001594,2025-06-26,15:40:00,Pinnacle,4,87.46,125.42,233.62,708.88,Phone,ResortGuest,No,Clear
TN001595,2025-08-30,12:40:00,Pinnacle,3,103.28,97.32,145.06,552.22,Walk-up,Member,No,Rain
TN001596,2025-06-07,12:20:00,Monument,3,88.82,90.9,137.67,495.03,Online,Member,No,Clear
TN001597,2025-10-12,08:30:00,Monument,3,225.53,100.94,0.0,777.53,Online,Public,No,Clear
TN001598,2025-02-10,11:00:00,Pinnacle,4,222.31,125.3,239.25,1253.79,Phone,Member,No,Cloudy
TN001599,2025-02-23,06:30:00,Monument,3,278.61,103.22,198.0,1137.05,Online,Public,No,Windy
TN001600,2025-02-08,10:50:00,Monument,4,236.25,130.57,0.0,1075.57,Online,Public,No,Clear
TN001601,2025-02-15,12:00:00,Monument,2,253.65,68.85,71.69,647.84,Phone,Public,No,Clear
TN001602,2025-01-19,08:20:00,Monument,2,284.94,68.74,0.0,638.62,Phone,Public,No,Cloudy
TN001603,2025-09-21,06:30:00,Pinnacle,4,158.3,133.33,132.76,899.29,Online,Public,No,Clear
TN001604,2025-01-15,11:30:00,Pinnacle,2,252.84,67.27,132.9,705.85,Phone,Public,No,Clear
TN001605,2025-03-27,09:00:00,Pinnacle,3,238.0,91.94,0.0,805.94,Online,Member,No,Windy
TN001606,2025-11-01,08:10:00,Pinnacle,4,332.5,136.86,192.72,1659.58,Online,Public,No,Clear
TN001607,2025-08-09,10:10:00,Pinnacle,3,108.42,97.13,137.55,559.94,Phone,Member,No,Clear
TN001608,2025-03-08,08:50:00,Pinnacle,1,319.77,40.0,0.0,359.77,Phone,Public,No,Clear
TN001609,2025-02-15,08:30:00,Monument,4,263.85,130.73,178.0,1364.13,Concierge,ResortGuest,No,Clear
TN001610,2025-07-19,14:00:00,Pinnacle,3,98.26,97.49,57.28,449.55,Online,Member,No,Clear
TN001611,2025-05-24,10:00:00,Pinnacle,3,145.89,105.34,0.0,543.01,Walk-up,Public,No,Clear
TN001612,2025-07-27,06:50:00,Pinnacle,3,142.1,104.05,82.09,612.44,Phone,ResortGuest,No,Clear
TN001613,2025-02-22,07:50:00,Pinnacle,2,278.8,69.22,40.9,667.72,Concierge,ResortGuest,No,Clear
TN001614,2025-09-21,10:30:00,Monument,4,127.86,136.17,0.0,647.61,Online,Public,No,Rain
TN001615,2025-12-18,07:30:00,Pinnacle,2,326.42,66.24,0.0,719.08,Phone,Public,No,Clear
TN001616,2025-02-07,09:30:00,Pinnacle,4,221.39,126.1,0.0,1011.66,Sales/Events,Group,No,Clear
TN001617,2025-08-28,07:10:00,Monument,3,151.62,105.01,71.22,631.09,Online,Public,No,Clear
TN001618,2025-03-15,06:50:00,Pinnacle,3,260.49,97.59,0.0,879.06,Sales/Events,Group,No,Cloudy
TN001619,2025-10-04,08:30:00,Monument,3,236.79,105.8,134.56,950.73,Online,Public,No,Windy
TN001620,2025-11-12,10:10:00,Pinnacle,3,194.67,93.5,0.0,677.51,Online,Member,No,Clear
TN001621,2025-11-16,15:10:00,Pinnacle,4,173.49,109.96,84.67,888.59,Phone,Group,No,Clear
TN001622,2025-12-22,06:50:00,Pinnacle,4,267.57,131.3,0.0,1201.58,Online,ResortGuest,No,Clear
TN001623,2025-03-12,07:10:00,Pinnacle,4,255.97,139.1,121.71,1284.69,Concierge,ResortGuest,No,Clear
TN001624,2025-11-23,09:10:00,Pinnacle,3,280.01,99.68,136.63,1076.34,Online,Public,No,Windy
TN001625,2025-03-24,06:40:00,Monument,3,273.09,101.93,0.0,921.2,Concierge,ResortGuest,No,Clear
TN001626,2025-08-05,07:20:00,Monument,4,147.55,139.21,96.03,825.44,Online,Public,No,Clear
TN001627,2025-03-12,09:30:00,Pinnacle,4,248.56,131.23,0.0,1125.47,Concierge,ResortGuest,No,Clear
TN001628,2025-06-21,07:00:00,Monument,4,133.32,128.56,0.0,661.84,Sales/Events,Group,No,Clear
TN001629,2025-08-19,11:10:00,Monument,3,126.32,104.24,0.0,483.2,Online,Public,No,Clear
TN001630,2025-02-01,11:20:00,Pinnacle,2,276.26,68.71,0.0,621.23,Online,Public,No,Clear
TN001631,2025-09-24,11:30:00,Pinnacle,2,105.44,63.67,0.0,274.55,Online,Member,No,Clear
TN001632,2025-12-04,15:20:00,Monument,3,198.97,93.68,114.95,805.54,Online,Public,No,Clear
TN001633,2025-12-15,06:50:00,Monument,3,241.84,104.67,0.0,830.19,Phone,ResortGuest,No,Rain
TN001634,2025-07-05,08:10:00,Pinnacle,3,131.21,91.78,189.33,674.74,Walk-up,Member,No,Clear
TN001635,2025-02-03,07:50:00,Monument,3,225.0,93.29,205.95,974.24,Sales/Events,Group,No,Clear
TN001636,2025-02-17,08:40:00,Pinnacle,4,292.91,139.07,0.0,1310.71,Phone,Public,No,Windy
TN001637,2025-10-26,11:30:00,Monument,1,194.98,40.0,56.8,291.78,Online,Public,No,Clear
TN001638,2025-01-20,07:40:00,Pinnacle,3,263.54,90.43,0.0,0.0,Phone,Member,Yes,Windy
TN001639,2025-03-22,09:00:00,Pinnacle,4,262.54,122.01,138.49,1310.66,Online,Member,No,Clear
TN001640,2025-04-30,08:30:00,Pinnacle,4,252.36,138.84,90.72,1239.0,Online,Public,No,Clear
TN001641,2025-10-11,07:20:00,Monument,2,224.34,66.74,75.83,591.25,Online,Public,No,Windy
TN001642,2025-05-17,13:00:00,Pinnacle,3,120.23,99.28,0.0,459.97,Online,Public,No,Clear
TN001643,2025-03-21,08:40:00,Pinnacle,3,295.45,101.93,0.0,988.28,Online,Public,No,Clear
TN001644,2025-03-22,08:50:00,Monument,3,241.56,102.4,105.45,932.53,Phone,ResortGuest,No,Clear
TN001645,2025-02-25,09:00:00,Monument,4,244.49,130.63,136.45,1245.04,Concierge,ResortGuest,No,Clear
TN001646,2025-08-02,07:40:00,Pinnacle,4,144.5,132.1,0.0,710.1,Phone,ResortGuest,No,Clear
TN001647,2025-12-01,06:30:00,Pinnacle,3,236.88,92.48,0.0,0.0,Sales/Events,Group,Yes,Clear
TN001648,2025-03-02,14:30:00,Monument,2,198.61,61.93,114.09,573.24,Phone,Public,No,Clear
TN001649,2025-09-24,10:30:00,Pinnacle,4,150.76,137.84,139.06,879.94,Online,Public,No,Clear
TN001650,2025-11-23,11:40:00,Pinnacle,2,272.51,70.49,82.21,697.72,Online,Public,No,Clear
TN001651,2025-09-06,06:40:00,Monument,2,151.4,68.32,46.31,417.43,Online,Public,No,Clear
TN001652,2025-02-24,14:50:00,Pinnacle,3,215.77,94.29,179.39,920.99,Online,Public,No,Clear
TN001653,2025-10-19,11:50:00,Pinnacle,3,213.27,100.68,59.12,799.61,Walk-up,Public,No,Clear
TN001654,2025-07-09,08:00:00,Monument,3,115.11,94.95,112.16,552.44,Walk-up,Member,No,Clear
TN001655,2025-11-08,06:30:00,Pinnacle,4,229.38,130.03,0.0,1047.55,Walk-up,Member,No,Clear
TN001656,2025-02-15,13:00:00,Monument,3,219.33,100.46,0.0,758.45,Online,Public,No,Clear
TN001657,2025-06-28,11:00:00,Pinnacle,3,120.74,93.22,0.0,455.44,Phone,Member,No,Clear
TN001658,2025-08-16,10:30:00,Pinnacle,2,146.76,69.62,46.65,409.79,Online,Public,No,Windy
TN001659,2025-06-15,07:50:00,Pinnacle,4,174.01,134.86,0.0,830.9,Online,Public,No,Clear
TN001660,2025-09-13,12:20:00,Pinnacle,4,91.34,123.71,169.56,658.63,Online,Member,No,Cloudy
TN001661,2025-11-27,09:30:00,Monument,4,207.27,123.79,0.0,952.87,Sales/Events,Group,No,Clear
TN001662,2025-08-17,10:20:00,Monument,4,133.25,131.59,0.0,664.59,Walk-up,Public,No,Cloudy
TN001663,2025-07-06,06:30:00,Pinnacle,4,154.8,131.17,78.92,829.29,Online,Public,No,Cloudy
TN001664,2025-12-18,06:30:00,Pinnacle,3,263.31,90.68,109.6,990.21,Phone,Member,No,Windy
TN001665,2025-12-13,07:50:00,Pinnacle,2,296.58,66.54,0.0,659.7,Online,Public,No,Clear
TN001666,2025-02-07,09:00:00,Monument,3,309.88,101.78,0.0,1031.42,Online,Public,No,Windy
TN001667,2025-11-30,11:30:00,Pinnacle,4,222.89,132.76,0.0,1024.32,Concierge,ResortGuest,No,Clear
TN001668,2025-06-29,07:00:00,Pinnacle,3,148.86,98.6,0.0,545.18,Online,ResortGuest,No,Clear
TN001669,2025-06-28,10:40:00,Pinnacle,3,126.06,103.78,99.48,581.44,Phone,ResortGuest,No,Clear
TN001670,2025-11-08,11:50:00,Monument,3,272.71,103.23,0.0,921.36,Phone,Public,No,Clear
TN001671,2025-11-03,09:30:00,Monument,2,246.42,66.18,0.0,559.02,Online,Public,No,Clear
TN001672,2025-11-08,13:30:00,Pinnacle,3,215.84,101.78,0.0,749.3,Walk-up,Public,No,Windy
TN001673,2025-12-29,11:30:00,Monument,4,212.57,139.75,83.53,1073.56,Concierge,ResortGuest,No,Clear
TN001674,2025-02-02,06:50:00,Monument,3,253.48,102.07,0.0,0.0,Online,ResortGuest,Yes,Clear
TN001675,2025-02-16,06:50:00,Monument,4,283.67,138.15,103.98,1376.81,Phone,ResortGuest,No,Clear
TN001676,2025-05-03,08:10:00,Monument,3,155.19,104.48,152.44,722.49,Online,Public,No,Clear
TN001677,2025-12-25,09:30:00,Monument,3,266.39,99.98,0.0,899.15,Online,Public,No,Cloudy
TN001678,2025-11-11,06:40:00,Pinnacle,2,243.72,61.61,0.0,549.05,Online,Member,No,Clear
TN001679,2025-12-14,07:30:00,Monument,4,235.0,130.1,96.94,1167.04,Sales/Events,Group,No,Clear
TN001680,2025-02-09,10:20:00,Pinnacle,3,280.78,98.8,0.0,941.14,Online,Public,No,Clear
TN001681,2025-08-09,07:10:00,Pinnacle,3,125.41,95.3,123.02,594.55,Phone,Member,No,Clear
TN001682,2025-11-22,06:30:00,Monument,3,251.27,105.61,0.0,859.42,Phone,ResortGuest,No,Clear
TN001683,2025-02-23,07:00:00,Pinnacle,1,313.64,40.0,0.0,353.64,Online,Public,No,Cloudy
TN001684,2025-01-18,11:20:00,Pinnacle,3,228.24,95.39,136.7,916.81,Online,Member,No,Clear
TN001685,2025-11-29,08:40:00,Monument,3,265.12,102.34,170.36,1068.06,Concierge,ResortGuest,No,Cloudy
TN001686,2025-12-10,08:40:00,Pinnacle,3,266.52,101.04,66.59,967.19,Concierge,ResortGuest,No,Cloudy
TN001687,2025-09-28,13:40:00,Pinnacle,3,129.32,101.77,0.0,489.73,Phone,Public,No,Rain
TN001688,2025-07-12,12:30:00,Monument,2,115.02,70.63,0.0,300.67,Online,Public,No,Windy
TN001689,2025-03-15,10:00:00,Pinnacle,4,233.01,139.2,226.41,1297.65,Phone,ResortGuest,No,Cloudy
TN001690,2025-03-14,08:20:00,Pinnacle,3,251.86,93.82,0.0,849.4,Online,Member,No,Clear
TN001691,2025-11-08,11:10:00,Monument,3,272.42,102.15,0.0,919.41,Phone,Public,No,Clear
TN001692,2025-03-06,06:30:00,Monument,3,315.11,98.13,0.0,1043.46,Online,Public,No,Clear
TN001693,2025-10-25,11:50:00,Pinnacle,4,182.3,134.24,0.0,863.44,Concierge,ResortGuest,No,Clear
TN001694,2025-08-07,13:40:00,Monument,1,110.81,40.0,44.39,195.2,Phone,Public,No,Clear
TN001695,2025-06-30,10:00:00,Monument,4,145.69,139.22,0.0,0.0,Online,Public,Yes,Clear
TN001696,2025-05-10,12:20:00,Monument,3,117.6,100.62,149.34,602.76,Online,Public,No,Clear
TN001697,2025-01-11,06:50:00,Pinnacle,4,299.31,134.96,203.37,1535.57,Online,Public,No,Clear
TN001698,2025-01-26,10:50:00,Pinnacle,3,253.99,97.92,0.0,859.89,Online,Public,No,Clear
TN001699,2025-11-27,08:20:00,Monument,3,309.6,102.8,0.0,1031.6,Phone,Public,No,Clear
TN001700,2025-06-11,07:40:00,Pinnacle,4,156.69,140.65,104.45,871.86,Walk-up,Public,No,Clear
TN001701,2025-02-05,06:30:00,Monument,3,247.99,93.91,107.94,945.82,Walk-up,Member,No,Clear
TN001702,2025-01-15,11:40:00,Monument,3,248.2,106.0,0.0,850.6,Online,Public,No,Clear
TN001703,2025-03-08,08:20:00,Monument,2,283.63,68.62,100.8,736.68,Online,Public,No,Clear
TN001704,2025-04-13,08:30:00,Monument,3,246.25,100.31,0.0,839.06,Online,Public,No,Cloudy
TN001705,2025-04-13,11:30:00,Monument,4,207.77,136.47,0.0,967.55,Online,Public,No,Clear
TN001706,2025-02-01,08:10:00,Monument,4,289.69,140.04,0.0,1298.8,Online,Public,No,Clear
TN001707,2025-01-26,07:40:00,Monument,3,301.95,101.75,70.74,1078.34,Online,Public,No,Clear
TN001708,2025-08-24,07:00:00,Pinnacle,3,169.77,102.6,131.28,743.19,Online,Public,No,Clear
TN001709,2025-07-01,11:00:00,Pinnacle,4,109.77,129.09,0.0,568.17,Sales/Events,Group,No,Cloudy
TN001710,2025-08-09,11:10:00,Monument,3,136.87,103.55,0.0,514.16,Online,Public,No,Clear
TN001711,2025-07-13,10:40:00,Monument,4,109.59,129.46,144.44,712.26,Sales/Events,Group,No,Clear
TN001712,2025-12-14,08:50:00,Monument,3,304.76,105.07,162.5,1181.85,Online,Public,No,Clear
TN001713,2025-10-11,06:40:00,Pinnacle,4,193.6,128.41,103.57,1006.38,Online,Member,No,Clear
TN001714,2025-04-19,13:40:00,Pinnacle,3,194.95,103.99,175.41,864.25,Phone,Public,No,Clear
TN001715,2025-02-01,08:50:00,Pinnacle,4,235.76,128.9,0.0,1071.94,Online,Member,No,Cloudy
TN001716,2025-01-25,12:10:00,Pinnacle,4,246.97,138.95,198.0,1324.83,Online,Public,No,Clear
TN001717,2025-01-18,08:00:00,Pinnacle,2,309.51,65.69,0.0,684.71,Phone,Public,No,Cloudy
TN001718,2025-05-17,11:50:00,Monument,3,129.41,105.41,199.61,693.25,Phone,Public,No,Clear
TN001719,2025-06-28,13:30:00,Pinnacle,4,107.94,120.24,140.37,692.37,Sales/Events,Group,No,Clear
TN001720,2025-03-21,08:50:00,Monument,3,222.67,94.72,134.46,897.19,Phone,Member,No,Clear
TN001721,2025-03-25,07:50:00,Pinnacle,4,251.29,122.17,140.36,1267.69,Phone,Group,No,Windy
TN001722,2025-11-14,13:40:00,Monument,4,192.4,120.24,95.47,985.31,Sales/Events,Group,No,Clear
TN001723,2025-06-11,10:20:00,Pinnacle,2,134.9,67.53,78.73,416.06,Phone,Public,No,Clear
TN001724,2025-05-25,09:00:00,Monument,4,167.3,133.71,0.0,802.91,Online,Public,No,Cloudy
TN001725,2025-08-24,13:50:00,Monument,3,111.58,100.68,98.38,533.8,Online,Public,No,Windy
TN001726,2025-11-29,09:00:00,Monument,4,226.65,129.5,0.0,1036.1,Online,Member,No,Windy
TN001727,2025-08-10,10:10:00,Monument,4,122.85,131.25,63.43,686.08,Phone,ResortGuest,No,Windy
TN001728,2025-09-27,12:00:00,Pinnacle,2,154.56,65.58,0.0,374.7,Online,Public,No,Clear
TN001729,2025-04-12,07:20:00,Pinnacle,4,232.48,136.73,0.0,1066.65,Concierge,ResortGuest,No,Clear
TN001730,2025-07-26,13:00:00,Pinnacle,2,124.18,66.63,87.84,402.83,Walk-up,Public,No,Clear
TN001731,2025-03-13,07:30:00,Pinnacle,4,261.06,126.93,0.0,1171.17,Sales/Events,Group,No,Cloudy
TN001732,2025-02-01,10:40:00,Pinnacle,4,250.62,138.89,78.83,1220.2,Concierge,ResortGuest,No,Clear
TN001733,2025-02-23,11:30:00,Pinnacle,2,292.38,67.46,0.0,0.0,Phone,Public,Yes,Clear
TN001734,2025-01-04,15:40:00,Pinnacle,4,160.81,115.92,181.29,940.45,Phone,Member,No,Clear
TN001735,2025-04-12,13:20:00,Pinnacle,2,155.35,66.72,0.0,377.42,Online,ResortGuest,No,Clear
TN001736,2025-07-12,06:30:00,Pinnacle,3,124.16,90.58,107.21,570.27,Online,Member,No,Clear
TN001737,2025-04-20,07:20:00,Pinnacle,3,235.19,105.13,183.92,994.62,Online,Public,No,Windy
TN001738,2025-06-15,06:50:00,Monument,4,149.11,138.02,0.0,734.46,Concierge,ResortGuest,No,Clear
TN001739,2025-11-29,13:30:00,Monument,2,209.66,68.88,0.0,0.0,Online,Public,Yes,Clear
TN001740,2025-05-04,10:30:00,Pinnacle,4,141.46,140.23,0.0,706.07,Phone,Public,No,Clear
TN001741,2025-09-13,10:10:00,Monument,4,130.29,137.09,68.91,727.16,Online,Public,No,Clear
TN001742,2025-09-14,08:20:00,Pinnacle,4,161.17,136.53,212.84,994.05,Online,Public,No,Clear
TN001743,2025-12-30,07:20:00,Pinnacle,2,290.7,70.11,0.0,651.51,Phone,Public,No,Clear
TN001744,2025-07-27,10:20:00,Pinnacle,2,153.71,66.27,82.78,456.47,Online,Public,No,Cloudy
TN001745,2025-03-31,08:10:00,Monument,3,303.89,98.75,62.0,1072.42,Phone,Public,No,Clear
TN001746,2025-02-23,08:40:00,Pinnacle,4,233.1,120.18,166.8,1219.38,Online,Member,No,Clear
TN001747,2025-08-30,08:40:00,Monument,3,162.21,100.21,0.0,586.84,Online,Public,No,Windy
TN001748,2025-02-13,07:40:00,Monument,3,319.01,103.03,0.0,1060.06,Online,Public,No,Cloudy
TN001749,2025-02-10,07:20:00,Pinnacle,3,294.63,103.33,97.55,1084.77,Walk-up,Public,No,Clear
TN001750,2025-04-05,11:50:00,Pinnacle,4,202.31,130.56,0.0,939.8,Online,Public,No,Clear
TN001751,2025-10-18,08:00:00,Pinnacle,4,217.82,123.69,161.51,1156.48,Sales/Events,Group,No,Windy
TN001752,2025-04-05,11:00:00,Monument,3,210.29,101.72,112.03,844.62,Online,Public,No,Clear
TN001753,2025-01-05,12:20:00,Pinnacle,3,218.32,103.4,113.51,871.87,Online,Public,No,Clear
TN001754,2025-06-01,11:00:00,Monument,4,110.93,122.15,189.37,755.24,Online,Group,No,Clear
TN001755,2025-11-03,07:00:00,Monument,3,301.82,102.5,0.0,1007.96,Online,Public,No,Clear
TN001756,2025-12-18,08:50:00,Pinnacle,4,226.76,123.45,0.0,1030.49,Online,Member,No,Cloudy
TN001757,2025-12-08,11:50:00,Monument,2,206.62,61.69,64.02,538.95,Walk-up,Member,No,Cloudy
TN001758,2025-04-20,09:10:00,Pinnacle,3,224.55,99.61,0.0,773.26,Online,Public,No,Clear
TN001759,2025-11-11,08:30:00,Monument,3,218.04,91.87,0.0,0.0,Online,Member,Yes,Clear
TN001760,2025-12-18,09:10:00,Monument,2,187.9,64.01,89.63,529.44,Online,Member,No,Clear
TN001761,2025-10-27,06:30:00,Pinnacle,4,250.05,136.87,158.04,1295.11,Online,Public,No,Clear
TN001762,2025-02-27,07:10:00,Pinnacle,4,259.19,126.31,111.72,1274.79,Walk-up,Member,No,Clear
TN001763,2025-04-20,09:10:00,Pinnacle,3,183.57,103.66,180.34,834.71,Online,ResortGuest,No,Clear
TN001764,2025-10-22,12:20:00,Pinnacle,4,188.4,131.25,148.43,1033.28,Online,Public,No,Clear
TN001765,2025-07-19,08:20:00,Pinnacle,3,167.47,98.12,96.41,696.94,Online,Public,No,Clear
TN001766,2025-01-11,10:00:00,Pinnacle,4,274.3,135.56,193.05,1425.81,Online,Public,No,Clear
TN001767,2025-08-31,07:20:00,Monument,4,149.0,138.45,90.74,825.19,Online,Public,No,Cloudy
TN001768,2025-07-19,11:10:00,Pinnacle,4,119.03,122.89,0.0,599.01,Online,Member,No,Clear
TN001769,2025-03-01,10:00:00,Pinnacle,3,264.86,98.17,58.34,951.09,Online,Public,No,Cloudy
TN001770,2025-11-19,12:10:00,Monument,3,188.08,104.43,0.0,668.67,Online,ResortGuest,No,Clear
TN001771,2025-01-17,07:50:00,Monument,4,241.35,124.97,86.71,1177.08,Online,Member,No,Clear
TN001772,2025-09-23,14:50:00,Monument,3,90.8,95.2,155.95,523.55,Concierge,ResortGuest,No,Clear
TN001773,2025-12-20,07:50:00,Pinnacle,4,252.24,124.23,72.41,1205.6,Walk-up,Member,No,Clear
TN001774,2025-04-26,12:30:00,Pinnacle,3,182.96,98.14,119.29,766.31,Online,Public,No,Clear
TN001775,2025-08-03,11:00:00,Monument,3,146.18,99.96,152.66,691.16,Online,Public,No,Clear
TN001776,2025-08-24,15:00:00,Pinnacle,3,112.04,90.03,0.0,426.15,Online,Public,No,Windy
TN001777,2025-03-30,07:40:00,Pinnacle,2,300.84,67.44,92.48,761.6,Walk-up,Public,No,Clear
TN001778,2025-02-22,13:10:00,Monument,2,225.74,70.5,0.0,0.0,Phone,Public,Yes,Clear
TN001779,2025-05-31,11:40:00,Monument,4,137.79,131.02,225.05,907.23,Phone,Public,No,Clear
TN001780,2025-04-05,10:30:00,Monument,4,153.14,120.36,147.22,880.14,Online,Group,No,Clear
TN001781,2025-12-10,12:40:00,Pinnacle,2,245.18,68.32,71.85,630.53,Online,Public,No,Clear
TN001782,2025-01-01,08:00:00,Pinnacle,4,261.69,133.42,146.97,1327.15,Concierge,ResortGuest,No,Clear
TN001783,2025-01-03,08:10:00,Pinnacle,4,302.26,131.17,163.97,1504.18,Phone,Public,No,Cloudy
TN001784,2025-02-16,09:30:00,Pinnacle,4,206.62,121.64,0.0,948.12,Phone,Member,No,Clear
TN001785,2025-05-31,08:40:00,Monument,4,162.45,134.84,0.0,784.64,Online,Public,No,Clear
TN001786,2025-01-02,09:20:00,Pinnacle,4,202.18,120.62,135.8,1065.14,Online,Member,No,Cloudy
TN001787,2025-09-21,10:00:00,Pinnacle,4,113.56,129.33,0.0,583.57,Walk-up,Member,No,Windy
TN001788,2025-01-09,11:20:00,Monument,3,264.23,105.55,0.0,898.24,Phone,Public,No,Clear
TN001789,2025-11-02,11:40:00,Monument,2,209.27,66.24,57.25,542.03,Online,ResortGuest,No,Clear
TN001790,2025-03-02,08:40:00,Pinnacle,3,304.21,105.73,0.0,1018.36,Online,Public,No,Clear
TN001791,2025-11-16,11:50:00,Monument,3,213.28,90.92,0.0,730.76,Sales/Events,Group,No,Clear
TN001792,2025-08-24,10:50:00,Pinnacle,3,145.44,102.96,0.0,539.28,Online,Public,No,Cloudy
TN001793,2025-10-11,14:20:00,Monument,3,154.72,94.74,0.0,558.9,Online,Public,No,Cloudy
TN001794,2025-09-25,08:00:00,Pinnacle,3,154.47,99.92,0.0,0.0,Phone,ResortGuest,Yes,Clear
TN001795,2025-02-04,07:30:00,Pinnacle,2,287.6,68.43,86.92,730.55,Concierge,ResortGuest,No,Windy
TN001796,2025-04-27,06:30:00,Pinnacle,3,265.45,103.52,0.0,899.87,Walk-up,Public,No,Clear
TN001797,2025-01-05,08:10:00,Monument,3,315.14,99.86,0.0,1045.28,Phone,Public,No,Clear
TN001798,2025-02-08,11:00:00,Monument,4,190.02,121.98,0.0,882.06,Online,Member,No,Clear
TN001799,2025-02-16,09:30:00,Monument,4,208.54,121.79,0.0,955.95,Phone,Group,No,Clear
TN001800,2025-07-13,10:10:00,Monument,3,112.58,96.06,0.0,0.0,Online,Member,Yes,Windy
TN001801,2025-11-26,09:30:00,Pinnacle,3,219.96,105.54,151.7,917.12,Concierge,ResortGuest,No,Cloudy
TN001802,2025-09-10,13:00:00,Pinnacle,4,116.8,130.64,103.76,701.6,Concierge,ResortGuest,No,Windy
TN001803,2025-02-16,07:30:00,Monument,4,259.46,121.16,0.0,1159.0,Sales/Events,Group,No,Clear
TN001804,2025-11-01,13:20:00,Pinnacle,2,244.86,66.05,80.93,636.7,Online,Public,No,Clear
TN001805,2025-10-12,08:20:00,Pinnacle,3,207.88,92.67,125.03,841.34,Online,Member,No,Clear
TN001806,2025-02-16,06:50:00,Monument,3,264.52,91.01,0.0,884.57,Phone,Group,No,Cloudy
TN001807,2025-10-03,07:10:00,Monument,3,176.36,93.15,0.0,622.23,Phone,Member,No,Clear
TN001808,2025-08-17,09:40:00,Pinnacle,4,137.49,131.14,0.0,681.1,Online,Public,No,Rain
TN001809,2025-11-15,07:20:00,Pinnacle,4,318.82,138.09,0.0,1413.37,Walk-up,Public,No,Clear
TN001810,2025-02-17,10:00:00,Pinnacle,3,254.08,101.54,93.93,957.71,Walk-up,Public,No,Clear
TN001811,2025-05-10,11:30:00,Pinnacle,2,133.02,68.76,103.23,438.03,Phone,Public,No,Clear
TN001812,2025-09-03,08:10:00,Pinnacle,2,162.6,70.27,0.0,395.47,Online,Public,No,Clear
TN001813,2025-01-20,11:30:00,Monument,4,267.41,133.71,0.0,1203.35,Online,Public,No,Clear
TN001814,2025-01-23,07:50:00,Pinnacle,3,270.35,104.53,0.0,915.58,Concierge,ResortGuest,No,Clear
TN001815,2025-04-20,06:30:00,Pinnacle,4,200.22,122.68,113.9,1037.46,Sales/Events,Group,No,Clear
TN001816,2025-09-28,13:50:00,Monument,3,117.96,98.37,0.0,452.25,Online,Public,No,Clear
TN001817,2025-06-29,07:30:00,Pinnacle,4,137.18,124.18,259.08,931.98,Sales/Events,Group,No,Clear
TN001818,2025-12-25,08:30:00,Pinnacle,3,244.8,90.38,0.0,824.78,Walk-up,Member,No,Clear
TN001819,2025-11-21,15:30:00,Pinnacle,1,190.26,40.0,0.0,230.26,Online,Public,No,Clear
TN001820,2025-05-04,14:50:00,Monument,3,97.78,89.51,132.32,515.17,Online,Public,No,Clear
TN001821,2025-10-05,12:50:00,Pinnacle,2,187.68,69.78,0.0,445.14,Online,Public,No,Clear
TN001822,2025-09-28,08:00:00,Pinnacle,4,168.66,139.55,0.0,814.19,Online,Public,No,Clear
TN001823,2025-06-15,09:30:00,Monument,4,119.48,120.57,0.0,598.49,Sales/Events,Group,No,Clear
TN001824,2025-11-23,09:00:00,Pinnacle,3,324.01,103.88,0.0,1075.91,Online,Public,No,Cloudy
TN001825,2025-02-13,06:30:00,Pinnacle,4,252.57,137.77,73.15,1221.2,Phone,ResortGuest,No,Cloudy
TN001826,2025-11-08,07:30:00,Pinnacle,2,291.6,69.01,86.71,738.92,Concierge,ResortGuest,No,Clear
TN001827,2025-03-19,12:50:00,Monument,4,209.06,133.61,111.79,1081.64,Phone,Public,No,Clear
TN001828,2025-03-17,13:30:00,Monument,4,172.11,123.38,0.0,811.82,Phone,Member,No,Clear
TN001829,2025-03-31,07:20:00,Pinnacle,3,281.53,99.77,136.74,1081.1,Concierge,ResortGuest,No,Cloudy
TN001830,2025-03-27,12:00:00,Pinnacle,4,198.96,130.02,0.0,925.86,Phone,Member,No,Clear
TN001831,2025-03-01,09:20:00,Pinnacle,2,248.99,68.52,0.0,566.5,Online,Public,No,Clear
TN001832,2025-09-24,13:20:00,Pinnacle,3,95.4,96.16,0.0,382.36,Walk-up,Member,No,Clear
TN001833,2025-11-24,08:20:00,Pinnacle,3,318.42,105.26,0.0,0.0,Phone,Public,Yes,Cloudy
TN001834,2025-11-30,09:50:00,Pinnacle,2,283.84,70.34,33.45,671.47,Online,Public,No,Clear
TN001835,2025-03-19,07:10:00,Monument,2,309.11,67.73,0.0,685.95,Online,Public,No,Windy
TN001836,2025-10-11,07:00:00,Pinnacle,3,231.37,100.89,118.17,913.17,Phone,Public,No,Clear
TN001837,2025-03-17,10:10:00,Monument,4,245.53,139.85,0.0,1121.97,Concierge,ResortGuest,No,Rain
TN001838,2025-12-06,07:40:00,Pinnacle,2,297.0,66.13,67.19,727.32,Online,Public,No,Clear
TN001839,2025-04-20,07:10:00,Monument,4,177.52,128.72,188.43,1027.23,Online,Member,No,Clear
TN001840,2025-01-23,11:00:00,Monument,2,271.38,65.52,0.0,608.28,Online,Public,No,Clear
TN001841,2025-01-06,11:00:00,Pinnacle,4,196.39,126.55,0.0,912.11,Online,Member,No,Cloudy
TN001842,2025-09-27,12:40:00,Monument,3,107.2,101.88,133.67,557.15,Concierge,ResortGuest,No,Clear
TN001843,2025-04-19,08:30:00,Pinnacle,4,228.21,141.07,0.0,0.0,Phone,Public,Yes,Clear
TN001844,2025-03-07,09:00:00,Pinnacle,2,252.83,60.79,103.12,669.57,Walk-up,Member,No,Clear
TN001845,2025-05-31,09:10:00,Pinnacle,2,147.68,67.72,106.91,469.99,Online,Public,No,Clear
TN001846,2025-11-30,06:50:00,Pinnacle,4,251.22,129.76,138.7,1273.34,Walk-up,Member,No,Clear
TN001847,2025-11-10,14:40:00,Pinnacle,4,166.35,115.5,181.08,961.98,Walk-up,Member,No,Clear
TN001848,2025-03-15,10:50:00,Pinnacle,3,267.46,105.8,0.0,908.18,Online,Public,No,Clear
TN001849,2025-05-08,09:30:00,Pinnacle,4,117.02,140.96,222.15,831.19,Online,ResortGuest,No,Clear
TN001850,2025-10-12,09:10:00,Pinnacle,4,170.69,128.25,0.0,811.01,Walk-up,Member,No,Clear
TN001851,2025-08-03,12:00:00,Monument,4,102.81,120.48,138.77,670.49,Online,Member,No,Cloudy
TN001852,2025-01-19,07:00:00,Pinnacle,1,304.88,40.0,0.0,344.88,Walk-up,Public,No,Clear
TN001853,2025-04-05,13:40:00,Pinnacle,3,169.61,99.09,171.7,779.62,Walk-up,Public,No,Clear
TN001854,2025-01-19,06:50:00,Monument,4,238.96,124.68,0.0,1080.52,Online,Member,No,Cloudy
TN001855,2025-07-05,13:00:00,Monument,2,115.64,66.09,78.86,376.23,Phone,Public,No,Cloudy
TN001856,2025-03-04,07:50:00,Pinnacle,3,320.68,104.51,0.0,1066.55,Online,Public,No,Clear
TN001857,2025-09-07,08:00:00,Pinnacle,3,125.22,91.65,50.65,517.96,Phone,Member,No,Rain
TN001858,2025-05-07,13:00:00,Pinnacle,3,118.21,104.74,113.17,572.54,Online,Public,No,Clear
TN001859,2025-09-21,08:20:00,Pinnacle,3,178.96,103.23,133.86,773.97,Online,Public,No,Cloudy
TN001860,2025-03-28,11:40:00,Monument,4,226.32,135.51,0.0,0.0,Phone,ResortGuest,Yes,Clear
TN001861,2025-03-08,11:50:00,Pinnacle,3,250.0,101.93,0.0,851.93,Online,Public,No,Clear
TN001862,2025-08-03,12:10:00,Pinnacle,3,101.45,103.79,127.14,535.28,Concierge,ResortGuest,No,Rain
TN001863,2025-04-24,06:40:00,Monument,4,231.76,138.51,108.85,1174.4,Online,Public,No,Clear
TN001864,2025-03-17,14:40:00,Monument,2,199.61,58.85,0.0,458.07,Phone,Public,No,Clear
TN001865,2025-11-24,10:20:00,Monument,3,256.32,101.45,0.0,870.41,Phone,Public,No,Windy
TN001866,2025-02-08,14:50:00,Pinnacle,3,209.57,88.97,148.61,866.29,Online,Public,No,Cloudy
TN001867,2025-10-26,10:00:00,Monument,4,154.7,128.29,185.25,932.34,Sales/Events,Group,No,Cloudy
TN001868,2025-03-20,10:40:00,Monument,3,222.04,98.25,109.36,873.73,Concierge,ResortGuest,No,Clear
TN001869,2025-04-26,13:40:00,Monument,2,177.22,66.39,44.86,465.69,Online,Public,No,Clear
TN001870,2025-02-13,15:50:00,Monument,3,176.56,88.27,198.1,816.05,Phone,Public,No,Clear
TN001871,2025-03-16,09:00:00,Monument,2,292.95,69.33,0.0,655.23,Online,Public,No,Clear
TN001872,2025-03-25,07:30:00,Monument,3,318.61,105.95,0.0,1061.78,Online,Public,No,Clear
TN001873,2025-08-31,14:50:00,Monument,3,109.79,92.68,0.0,0.0,Walk-up,Public,Yes,Clear
TN001874,2025-10-25,07:10:00,Monument,3,232.91,98.32,148.7,945.75,Online,Public,No,Cloudy
TN001875,2025-07-26,12:20:00,Pinnacle,4,94.51,124.75,160.78,663.57,Phone,Group,No,Rain
TN001876,2025-01-11,10:20:00,Pinnacle,2,282.66,68.65,119.52,753.49,Phone,Public,No,Clear
TN001877,2025-01-30,10:00:00,Pinnacle,4,222.01,126.45,0.0,1014.49,Phone,Member,No,Cloudy
TN001878,2025-12-19,14:50:00,Pinnacle,4,156.07,112.51,221.7,958.49,Online,Member,No,Cloudy
TN001879,2025-10-26,07:20:00,Monument,4,184.59,128.67,92.13,959.16,Sales/Events,Group,No,Cloudy
TN001880,2025-02-01,08:50:00,Pinnacle,2,318.36,66.9,51.5,755.12,Walk-up,Public,No,Clear
TN001881,2025-09-09,08:10:00,Monument,3,158.0,101.02,0.0,575.02,Online,Public,No,Clear
TN001882,2025-03-22,07:10:00,Monument,3,226.87,91.69,0.0,772.3,Online,Member,No,Clear
TN001883,2025-02-28,09:00:00,Pinnacle,3,318.94,104.66,122.17,1183.65,Online,Public,No,Clear
TN001884,2025-01-18,07:40:00,Pinnacle,4,302.0,135.04,221.3,1564.34,Online,Public,No,Clear
TN001885,2025-02-17,08:00:00,Monument,3,286.17,101.29,108.52,1068.32,Walk-up,Public,No,Clear
TN001886,2025-03-20,07:40:00,Monument,3,311.51,104.57,0.0,1039.1,Online,Public,No,Clear
TN001887,2025-10-11,09:30:00,Pinnacle,4,209.44,138.6,0.0,976.36,Online,Public,No,Clear
TN001888,2025-11-17,09:10:00,Pinnacle,4,263.41,138.9,133.42,1325.96,Walk-up,Public,No,Clear
TN001889,2025-07-26,14:40:00,Monument,4,85.0,125.96,203.85,669.81,Phone,ResortGuest,No,Rain
TN001890,2025-03-01,09:40:00,Pinnacle,3,196.74,96.4,0.0,686.62,Phone,Member,No,Clear
TN001891,2025-12-14,08:10:00,Monument,3,300.83,100.12,0.0,1002.61,Phone,Public,No,Clear
TN001892,2025-02-01,07:50:00,Pinnacle,4,264.98,130.11,0.0,1190.03,Online,Group,No,Clear
TN001893,2025-02-05,11:00:00,Monument,3,212.06,96.57,196.17,928.92,Walk-up,Member,No,Clear
TN001894,2025-10-06,09:30:00,Pinnacle,3,197.87,99.33,0.0,692.94,Online,Public,No,Cloudy
TN001895,2025-03-25,12:00:00,Monument,4,210.17,131.67,0.0,972.35,Phone,ResortGuest,No,Clear
TN001896,2025-12-12,07:40:00,Pinnacle,4,224.09,125.42,0.0,1021.78,Phone,Member,No,Windy
TN001897,2025-09-21,15:00:00,Pinnacle,2,92.96,60.3,0.0,246.22,Online,ResortGuest,No,Cloudy
TN001898,2025-12-02,07:00:00,Pinnacle,3,330.4,98.55,0.0,1089.75,Online,Public,No,Cloudy
TN001899,2025-02-26,09:50:00,Pinnacle,3,194.66,96.2,76.29,756.47,Walk-up,Member,No,Clear
TN001900,2025-01-11,10:30:00,Pinnacle,3,255.49,100.87,0.0,867.34,Online,Public,No,Clear
TN001901,2025-11-28,13:30:00,Pinnacle,4,211.64,140.9,0.0,987.46,Online,Public,No,Clear
TN001902,2025-11-25,08:30:00,Monument,3,310.49,101.99,134.96,1168.42,Online,Public,No,Cloudy
TN001903,2025-11-22,07:00:00,Monument,4,306.02,135.7,208.14,1567.92,Online,Public,No,Clear
TN001904,2025-05-11,07:00:00,Pinnacle,2,137.69,62.53,0.0,0.0,Phone,Member,Yes,Windy
TN001905,2025-08-30,09:00:00,Monument,3,122.38,95.34,143.1,605.58,Online,Member,No,Windy
TN001906,2025-03-02,12:10:00,Pinnacle,3,216.8,103.47,0.0,753.87,Phone,ResortGuest,No,Clear
TN001907,2025-04-17,07:30:00,Pinnacle,1,249.64,40.0,0.0,289.64,Phone,Public,No,Clear
TN001908,2025-04-09,07:50:00,Monument,3,238.21,100.93,0.0,815.56,Online,Public,No,Windy
TN001909,2025-12-01,09:20:00,Monument,1,265.34,40.0,54.49,359.83,Walk-up,Public,No,Clear
TN001910,2025-01-15,06:40:00,Pinnacle,3,289.05,105.29,147.72,1120.16,Phone,ResortGuest,No,Clear
TN001911,2025-12-12,07:50:00,Pinnacle,3,319.47,99.44,0.0,1057.85,Online,Public,No,Clear
TN001912,2025-01-14,06:40:00,Pinnacle,3,240.25,96.22,148.24,965.21,Online,Member,No,Clear
TN001913,2025-09-14,10:50:00,Monument,2,111.74,60.62,0.0,0.0,Sales/Events,Group,Yes,Clear
TN001914,2025-11-25,08:20:00,Pinnacle,4,243.68,128.17,0.0,1102.89,Phone,Group,No,Clear
TN001915,2025-06-14,08:40:00,Pinnacle,3,161.83,103.54,0.0,589.03,Online,Public,No,Windy
TN001916,2025-12-14,13:20:00,Pinnacle,3,205.7,101.58,0.0,718.68,Online,ResortGuest,No,Clear
TN001917,2025-03-16,09:50:00,Pinnacle,3,207.34,97.27,204.41,923.7,Sales/Events,Group,No,Windy
TN001918,2025-05-25,13:30:00,Pinnacle,4,109.73,132.97,0.0,571.89,Concierge,ResortGuest,No,Windy
TN001919,2025-09-20,06:50:00,Monument,4,129.51,133.77,0.0,651.81,Phone,ResortGuest,No,Cloudy
TN001920,2025-06-23,10:30:00,Pinnacle,3,138.65,103.52,0.0,519.47,Online,Public,No,Clear
TN001921,2025-03-22,08:20:00,Monument,2,310.25,67.6,0.0,688.1,Online,Public,No,Clear
TN001922,2025-11-01,08:00:00,Monument,3,296.79,105.86,87.34,1083.57,Online,Public,No,Clear
TN001923,2025-05-24,09:10:00,Monument,3,136.44,104.38,186.83,700.53,Online,Public,No,Clear
TN001924,2025-01-11,11:00:00,Monument,4,261.35,134.7,0.0,1180.1,Online,Public,No,Clear
TN001925,2025-11-29,11:40:00,Monument,3,249.59,105.93,0.0,854.7,Online,Public,No,Clear
TN001926,2025-08-30,06:30:00,Pinnacle,3,151.57,105.53,89.57,649.81,Concierge,ResortGuest,No,Clear
TN001927,2025-12-04,11:30:00,Pinnacle,3,260.4,102.65,0.0,883.85,Online,Public,No,Windy
TN001928,2025-04-26,12:20:00,Pinnacle,4,177.31,130.83,124.66,964.73,Online,Public,No,Clear
TN001929,2025-06-22,10:40:00,Pinnacle,3,152.43,101.99,84.89,644.17,Online,Public,No,Clear
TN001930,2025-06-17,10:10:00,Monument,3,101.44,90.14,62.95,457.41,Online,Member,No,Clear
TN001931,2025-12-29,12:40:00,Pinnacle,4,187.17,122.42,141.22,1012.32,Online,Member,No,Cloudy
TN001932,2025-12-06,07:10:00,Monument,2,312.6,67.49,80.81,773.5,Online,Public,No,Clear
TN001933,2025-06-01,10:30:00,Monument,3,134.71,103.94,0.0,508.07,Online,Public,No,Cloudy
TN001934,2025-12-06,07:50:00,Pinnacle,3,240.77,92.7,177.5,992.51,Walk-up,Member,No,Windy
TN001935,2025-12-14,06:30:00,Pinnacle,2,256.59,62.02,0.0,575.2,Online,Member,No,Clear
TN001936,2025-01-20,11:00:00,Pinnacle,3,214.46,91.73,123.67,858.78,Online,Member,No,Windy
TN001937,2025-05-26,10:30:00,Monument,3,133.02,100.49,0.0,499.55,Online,Public,No,Clear
TN001938,2025-11-30,11:20:00,Pinnacle,3,274.05,101.5,128.51,1052.16,Walk-up,Public,No,Clear
TN001939,2025-04-14,13:50:00,Monument,3,176.37,99.93,0.0,629.04,Online,Public,No,Clear
TN001940,2025-03-23,12:10:00,Monument,3,206.17,103.75,76.46,798.72,Concierge,ResortGuest,No,Clear
TN001941,2025-12-20,07:10:00,Pinnacle,2,291.22,66.45,68.8,717.69,Online,Public,No,Clear
TN001942,2025-02-22,07:30:00,Pinnacle,3,309.68,102.86,0.0,1031.9,Walk-up,Public,No,Clear
TN001943,2025-05-25,12:40:00,Pinnacle,4,129.49,140.33,0.0,658.29,Online,Public,No,Windy
TN001944,2025-06-22,11:50:00,Pinnacle,3,154.25,101.06,53.98,617.79,Phone,Public,No,Cloudy
TN001945,2025-03-31,10:40:00,Pinnacle,3,253.76,105.68,0.0,866.96,Online,Public,No,Clear
TN001946,2025-07-13,09:40:00,Monument,3,128.11,103.49,0.0,487.82,Online,Public,No,Windy
TN001947,2025-12-06,06:40:00,Pinnacle,3,331.38,98.84,0.0,1092.98,Online,Public,No,Clear
TN001948,2025-02-20,08:30:00,Monument,3,289.27,102.37,0.0,970.18,Online,Public,No,Windy
TN001949,2025-09-14,12:10:00,Pinnacle,4,129.58,138.46,0.0,656.78,Online,Public,No,Clear
TN001950,2025-09-14,09:00:00,Pinnacle,3,179.87,98.24,0.0,637.85,Online,Public,No,Cloudy
TN001951,2025-04-13,08:40:00,Pinnacle,4,222.52,140.73,0.0,1030.81,Concierge,ResortGuest,No,Clear
TN001952,2025-02-27,06:40:00,Pinnacle,4,245.21,128.31,0.0,1109.15,Online,Member,No,Clear
TN001953,2025-11-07,10:50:00,Monument,3,238.82,102.14,129.98,948.58,Phone,ResortGuest,No,Clear
TN001954,2025-01-24,08:40:00,Pinnacle,3,226.68,92.36,0.0,772.4,Phone,Member,No,Cloudy
TN001955,2025-08-24,07:30:00,Monument,4,136.63,121.28,154.6,822.4,Sales/Events,Group,No,Windy
TN001956,2025-11-09,08:20:00,Monument,2,275.57,68.83,0.0,0.0,Online,Public,Yes,Clear
TN001957,2025-12-04,08:20:00,Pinnacle,4,257.98,123.21,0.0,0.0,Online,Member,Yes,Clear
TN001958,2025-01-30,08:50:00,Pinnacle,4,322.82,131.8,0.0,0.0,Online,Public,Yes,Windy
TN001959,2025-10-12,08:30:00,Pinnacle,2,229.45,65.69,0.0,524.59,Online,Public,No,Clear
TN001960,2025-06-15,10:50:00,Monument,2,135.49,67.4,0.0,338.38,Online,Public,No,Clear
TN001961,2025-03-01,08:50:00,Pinnacle,2,338.87,66.09,0.0,743.83,Online,Public,No,Windy
TN001962,2025-11-26,07:10:00,Pinnacle,4,244.38,128.8,0.0,1106.32,Sales/Events,Group,No,Clear
TN001963,2025-01-25,13:50:00,Pinnacle,3,225.61,104.14,0.0,780.97,Online,Public,No,Clear
TN001964,2025-12-09,14:00:00,Monument,2,205.41,68.97,0.0,479.79,Online,Public,No,Clear
TN001965,2025-02-01,09:30:00,Pinnacle,2,211.44,60.58,84.01,567.47,Online,Member,No,Cloudy
TN001966,2025-01-16,08:00:00,Pinnacle,4,294.42,140.26,0.0,1317.94,Concierge,ResortGuest,No,Clear
TN001967,2025-01-05,09:50:00,Pinnacle,3,204.43,96.72,0.0,710.01,Online,Member,No,Clear
TN001968,2025-03-08,07:00:00,Monument,4,255.1,134.73,205.8,1360.93,Phone,ResortGuest,No,Clear
TN001969,2025-02-15,07:40:00,Pinnacle,3,314.17,104.91,103.5,1150.92,Phone,Public,No,Clear
TN001970,2025-06-22,09:40:00,Monument,4,114.91,133.39,76.41,669.44,Concierge,ResortGuest,No,Cloudy
TN001971,2025-10-05,07:00:00,Monument,2,241.9,69.26,0.0,553.06,Phone,Public,No,Clear
TN001972,2025-01-03,12:10:00,Monument,4,236.36,132.77,0.0,1078.21,Online,Public,No,Clear
TN001973,2025-04-26,06:40:00,Pinnacle,3,209.66,98.12,0.0,727.1,Phone,ResortGuest,No,Windy
TN001974,2025-12-28,06:30:00,Monument,3,262.67,98.92,0.0,886.93,Concierge,ResortGuest,No,Cloudy
TN001975,2025-01-28,10:00:00,Monument,3,239.63,103.27,0.0,822.16,Concierge,ResortGuest,No,Clear
TN001976,2025-01-30,11:00:00,Pinnacle,3,218.26,91.29,146.02,892.09,Walk-up,Member,No,Clear
TN001977,2025-11-06,14:20:00,Pinnacle,3,184.81,88.22,0.0,642.65,Phone,Public,No,Clear
TN001978,2025-04-16,08:50:00,Monument,3,192.74,90.68,122.48,791.38,Walk-up,Member,No,Cloudy
TN001979,2025-03-17,08:00:00,Pinnacle,4,296.43,135.4,0.0,1321.12,Online,ResortGuest,No,Windy
TN001980,2025-09-21,08:20:00,Pinnacle,2,156.54,66.43,76.65,456.16,Phone,Public,No,Clear
TN001981,2025-03-15,09:20:00,Monument,4,206.71,127.23,85.14,1039.21,Sales/Events,Group,No,Clear
TN001982,2025-01-26,07:30:00,Monument,4,313.11,140.8,0.0,0.0,Walk-up,Public,Yes,Cloudy
TN001983,2025-02-02,08:40:00,Pinnacle,4,309.87,138.69,203.34,1581.51,Online,Public,No,Clear
TN001984,2025-06-04,07:40:00,Pinnacle,4,156.31,134.61,0.0,759.85,Phone,Public,No,Clear
TN001985,2025-02-16,07:10:00,Monument,3,293.69,105.64,122.72,1109.43,Phone,Public,No,Clear
TN001986,2025-02-14,07:20:00,Pinnacle,2,295.05,69.2,0.0,659.3,Online,Public,No,Clear
TN001987,2025-11-01,09:20:00,Pinnacle,3,213.71,95.88,125.85,862.86,Phone,Member,No,Clear
TN001988,2025-10-12,10:30:00,Pinnacle,3,208.2,103.73,0.0,0.0,Online,Public,Yes,Windy
TN001989,2025-09-13,07:10:00,Pinnacle,1,165.63,40.0,0.0,205.63,Walk-up,Public,No,Clear
TN001990,2025-11-23,09:20:00,Pinnacle,4,223.39,133.96,144.42,1171.94,Online,ResortGuest,No,Windy
TN001991,2025-11-16,09:00:00,Monument,3,299.77,104.06,152.45,1155.82,Online,Public,No,Clear
TN001992,2025-09-02,12:00:00,Monument,4,136.62,139.85,0.0,686.33,Online,Public,No,Windy
TN001993,2025-01-18,10:50:00,Pinnacle,2,284.38,68.38,86.42,723.56,Phone,Public,No,Clear
TN001994,2025-06-28,12:50:00,Pinnacle,4,99.27,121.93,97.63,616.64,Phone,Member,No,Clear
TN001995,2025-02-16,07:40:00,Pinnacle,4,293.33,133.77,61.4,1368.49,Walk-up,Public,No,Clear
TN001996,2025-11-18,07:40:00,Monument,3,253.38,102.15,0.0,862.29,Phone,ResortGuest,No,Cloudy
TN001997,2025-02-20,09:20:00,Pinnacle,3,203.49,93.31,0.0,703.78,Phone,Member,No,Clear
TN001998,2025-12-30,07:20:00,Pinnacle,3,244.85,93.38,62.61,890.54,Walk-up,Member,No,Clear
TN001999,2025-12-17,07:10:00,Pinnacle,3,309.88,103.54,168.83,1202.01,Online,Public,No,Cloudy
TN002000,2025-08-20,13:30:00,Monument,3,101.45,100.34,0.0,404.69,Online,ResortGuest,No,Clear
TN002001,2025-04-23,14:10:00,Pinnacle,2,116.34,56.72,0.0,289.4,Walk-up,Member,No,Clear
TN002002,2025-08-30,09:10:00,Pinnacle,3,106.62,92.09,0.0,411.95,Online,Member,No,Clear
TN002003,2025-11-24,11:50:00,Monument,4,223.34,134.2,256.21,1283.77,Concierge,ResortGuest,No,Clear
TN002004,2025-03-06,09:00:00,Pinnacle,2,302.16,68.72,35.94,708.98,Online,Public,No,Clear
TN002005,2025-03-30,08:30:00,Pinnacle,3,310.85,104.58,0.0,0.0,Online,Public,Yes,Windy
TN002006,2025-12-27,08:30:00,Pinnacle,3,338.14,98.48,191.67,1304.57,Phone,Public,No,Clear
TN002007,2025-05-31,06:30:00,Pinnacle,4,165.14,138.52,0.0,799.08,Online,Public,No,Clear
TN002008,2025-07-11,08:30:00,Monument,2,171.82,65.61,0.0,409.25,Online,Public,No,Cloudy
TN002009,2025-11-09,12:50:00,Pinnacle,4,196.5,125.6,131.39,1042.99,Sales/Events,Group,No,Clear
TN002010,2025-07-26,15:40:00,Monument,4,96.68,118.56,0.0,505.28,Concierge,ResortGuest,No,Cloudy
TN002011,2025-10-17,08:30:00,Monument,3,235.12,100.58,0.0,805.94,Online,Public,No,Clear
TN002012,2025-01-25,08:40:00,Monument,2,217.51,64.27,116.12,615.41,Walk-up,Member,No,Clear
TN002013,2025-03-29,07:50:00,Monument,4,242.91,123.79,0.0,1095.43,Sales/Events,Group,No,Clear
TN002014,2025-09-28,09:50:00,Pinnacle,2,139.42,66.95,0.0,0.0,Online,Public,Yes,Windy
TN002015,2025-02-01,06:30:00,Pinnacle,4,288.24,135.9,0.0,1288.86,Online,ResortGuest,No,Clear
TN002016,2025-01-05,10:10:00,Pinnacle,4,251.45,132.23,0.0,1138.03,Phone,ResortGuest,No,Clear
TN002017,2025-10-24,11:10:00,Monument,4,209.26,131.51,0.0,968.55,Phone,Public,No,Clear
TN002018,2025-01-19,06:50:00,Pinnacle,2,277.56,68.99,48.08,672.19,Concierge,ResortGuest,No,Cloudy
TN002019,2025-12-28,07:20:00,Monument,3,300.64,104.54,0.0,1006.46,Online,Public,No,Clear
TN002020,2025-03-16,11:30:00,Monument,3,266.57,99.53,0.0,899.24,Online,Public,No,Clear
TN002021,2025-09-28,07:20:00,Pinnacle,4,137.02,133.55,0.0,681.63,Phone,ResortGuest,No,Cloudy
TN002022,2025-08-24,06:30:00,Monument,4,169.59,130.69,0.0,809.05,Online,Public,No,Rain
TN002023,2025-02-19,10:10:00,Pinnacle,3,205.1,92.05,157.87,865.22,Online,Member,No,Clear
TN002024,2025-11-15,09:40:00,Pinnacle,4,210.26,129.19,213.17,1183.4,Sales/Events,Group,No,Clear
TN002025,2025-12-04,07:30:00,Monument,3,229.53,92.11,67.21,847.91,Phone,Member,No,Clear
TN002026,2025-07-13,07:30:00,Pinnacle,3,175.47,99.03,83.95,709.39,Phone,Public,No,Clear
TN002027,2025-02-16,07:50:00,Monument,3,248.58,93.18,0.0,838.92,Online,Member,No,Cloudy
TN002028,2025-03-17,10:10:00,Monument,4,255.78,139.61,0.0,1162.73,Online,Public,No,Cloudy
TN002029,2025-03-16,11:50:00,Pinnacle,3,293.08,103.62,92.78,1075.64,Online,Public,No,Windy
TN002030,2025-03-03,11:30:00,Monument,4,256.8,139.32,0.0,1166.52,Online,Public,No,Clear
TN002031,2025-09-11,12:50:00,Monument,2,98.24,67.87,0.0,0.0,Concierge,ResortGuest,Yes,Clear
TN002032,2025-02-19,11:30:00,Pinnacle,2,204.14,60.7,55.15,524.13,Online,Member,No,Clear
TN002033,2025-07-30,12:10:00,Monument,3,116.23,98.71,0.0,447.4,Online,Public,No,Clear
TN002034,2025-02-01,07:50:00,Pinnacle,4,290.7,134.65,216.03,1513.48,Phone,ResortGuest,No,Clear
TN002035,2025-05-17,11:30:00,Monument,1,138.72,40.0,20.06,198.78,Online,Public,No,Clear
TN002036,2025-01-02,12:50:00,Monument,2,220.5,70.7,73.01,584.71,Phone,Public,No,Clear
TN002037,2025-06-28,09:00:00,Pinnacle,3,139.82,104.77,207.69,731.92,Online,ResortGuest,No,Clear
TN002038,2025-03-13,07:30:00,Monument,1,277.88,40.0,0.0,317.88,Online,Public,No,Cloudy
TN002039,2025-11-29,08:30:00,Monument,4,237.08,126.85,133.87,1209.04,Phone,Member,No,Clear
TN002040,2025-03-15,12:00:00,Pinnacle,3,254.91,102.28,0.0,867.01,Phone,ResortGuest,No,Clear
TN002041,2025-11-23,09:10:00,Monument,3,251.76,99.15,0.0,854.43,Phone,Public,No,Clear
TN002042,2025-09-27,14:10:00,Pinnacle,3,110.25,95.08,0.0,425.83,Online,Public,No,Clear
TN002043,2025-01-10,11:50:00,Monument,3,260.72,105.7,0.0,887.86,Walk-up,Public,No,Clear
TN002044,2025-08-09,13:40:00,Pinnacle,4,122.32,130.69,208.9,828.87,Online,Public,No,Windy
TN002045,2025-03-04,10:30:00,Monument,4,193.54,129.21,0.0,903.37,Online,Member,No,Windy
TN002046,2025-03-12,09:50:00,Monument,2,244.87,70.22,113.01,672.97,Online,Public,No,Clear
TN002047,2025-12-14,09:50:00,Pinnacle,2,261.4,69.92,0.0,592.72,Online,Public,No,Windy
TN002048,2025-02-06,06:50:00,Pinnacle,3,259.73,91.29,132.59,1003.07,Online,Member,No,Clear
TN002049,2025-02-18,07:30:00,Monument,3,300.61,102.1,0.0,1003.93,Phone,Public,No,Cloudy
TN002050,2025-11-22,08:10:00,Pinnacle,2,298.57,66.98,0.0,664.12,Online,Public,No,Clear
TN002051,2025-08-30,09:20:00,Pinnacle,3,142.83,100.71,0.0,529.2,Phone,Public,No,Clear
TN002052,2025-09-07,13:30:00,Pinnacle,3,88.38,94.66,0.0,359.8,Online,Member,No,Clear
TN002053,2025-02-22,09:30:00,Monument,4,242.58,136.28,80.93,1187.53,Online,Public,No,Clear
TN002054,2025-11-26,11:40:00,Monument,3,189.82,94.06,58.68,722.2,Phone,Member,No,Clear
TN002055,2025-03-03,11:50:00,Pinnacle,3,288.82,101.49,45.79,1013.74,Phone,Public,No,Clear
TN002056,2025-06-22,07:30:00,Monument,4,132.92,126.97,0.0,658.65,Online,Member,No,Clear
TN002057,2025-02-10,06:50:00,Monument,1,318.96,40.0,0.0,0.0,Online,Public,Yes,Windy
TN002058,2025-03-18,06:40:00,Pinnacle,3,260.99,91.37,79.33,953.67,Phone,Member,No,Clear
TN002059,2025-07-12,07:40:00,Monument,2,169.02,68.2,0.0,406.24,Online,Public,No,Clear
TN002060,2025-08-10,08:50:00,Monument,3,131.46,105.73,142.35,642.46,Phone,ResortGuest,No,Windy
TN002061,2025-02-13,08:50:00,Monument,3,245.53,96.54,0.0,833.13,Phone,Member,No,Clear
TN002062,2025-03-23,13:20:00,Monument,2,208.04,68.8,51.14,536.02,Online,Public,No,Clear
TN002063,2025-02-15,10:30:00,Pinnacle,4,256.22,136.7,133.33,1294.91,Concierge,ResortGuest,No,Clear
TN002064,2025-04-06,07:40:00,Pinnacle,4,253.13,138.04,0.0,1150.56,Phone,Public,No,Clear
TN002065,2025-05-19,07:40:00,Pinnacle,3,167.11,105.72,0.0,607.05,Online,Public,No,Clear
TN002066,2025-09-13,08:20:00,Pinnacle,4,119.08,120.16,158.42,754.9,Phone,Member,No,Rain
TN002067,2025-12-27,07:40:00,Monument,4,294.98,140.6,181.7,1502.22,Online,Public,No,Clear
TN002068,2025-03-30,12:30:00,Monument,2,227.08,70.36,61.18,585.7,Online,Public,No,Clear
TN002069,2025-08-27,08:20:00,Pinnacle,3,120.64,90.81,0.0,0.0,Online,Member,Yes,Clear
TN002070,2025-12-14,12:40:00,Pinnacle,3,178.35,96.5,198.83,830.38,Online,Member,No,Clear
TN002071,2025-04-17,07:40:00,Pinnacle,3,257.67,98.14,75.5,946.65,Walk-up,Public,No,Clear
TN002072,2025-07-05,08:10:00,Pinnacle,3,155.87,101.07,89.13,657.81,Concierge,ResortGuest,No,Cloudy
TN002073,2025-02-19,07:50:00,Monument,2,241.72,69.82,0.0,553.26,Concierge,ResortGuest,No,Clear
TN002074,2025-12-17,07:50:00,Pinnacle,1,335.31,40.0,0.0,375.31,Online,Public,No,Clear
TN002075,2025-09-28,12:00:00,Pinnacle,3,155.12,104.8,0.0,0.0,Online,Public,Yes,Clear
TN002076,2025-02-24,08:00:00,Pinnacle,3,330.57,98.94,94.38,1185.03,Online,Public,No,Clear
TN002077,2025-02-22,09:10:00,Pinnacle,4,230.13,125.98,0.0,1046.5,Phone,Group,No,Cloudy
TN002078,2025-04-27,11:40:00,Pinnacle,4,202.33,130.88,176.19,1116.39,Online,Public,No,Clear
TN002079,2025-06-21,08:40:00,Pinnacle,4,137.3,138.58,0.0,687.78,Phone,ResortGuest,No,Clear
TN002080,2025-08-03,11:20:00,Pinnacle,4,115.92,122.04,108.28,694.0,Sales/Events,Group,No,Windy
TN002081,2025-11-01,15:10:00,Monument,4,185.01,119.38,175.69,1035.11,Walk-up,Public,No,Clear
TN002082,2025-02-02,10:20:00,Monument,3,213.04,101.61,78.77,819.5,Phone,ResortGuest,No,Cloudy
TN002083,2025-02-19,07:30:00,Monument,3,312.82,100.72,76.43,1115.61,Walk-up,Public,No,Clear
TN002084,2025-10-11,11:20:00,Monument,4,154.69,120.86,185.95,925.57,Phone,Group,No,Clear
TN002085,2025-09-13,11:10:00,Monument,4,141.48,138.92,0.0,704.84,Online,Public,No,Rain
TN002086,2025-02-10,11:50:00,Pinnacle,3,230.29,100.05,0.0,790.92,Concierge,ResortGuest,No,Clear
TN002087,2025-02-05,07:50:00,Pinnacle,4,275.18,123.51,0.0,1224.23,Sales/Events,Group,No,Clear
TN002088,2025-06-15,07:00:00,Monument,4,126.42,125.78,105.43,736.89,Sales/Events,Group,No,Clear
TN002089,2025-01-19,10:00:00,Pinnacle,2,226.66,62.92,0.0,516.24,Walk-up,Member,No,Cloudy
TN002090,2025-02-25,10:50:00,Pinnacle,4,195.07,123.29,0.0,0.0,Online,Member,Yes,Cloudy
TN002091,2025-03-23,13:30:00,Pinnacle,4,204.41,121.32,0.0,938.96,Sales/Events,Group,No,Cloudy
TN002092,2025-10-25,07:00:00,Pinnacle,4,203.52,130.0,169.46,1113.54,Sales/Events,Group,No,Clear
TN002093,2025-11-22,09:00:00,Pinnacle,3,303.16,104.95,0.0,1014.43,Phone,Public,No,Cloudy
TN002094,2025-12-14,07:10:00,Monument,3,251.37,91.33,0.0,0.0,Phone,Member,Yes,Clear
TN002095,2025-04-13,14:30:00,Monument,2,161.92,59.8,29.32,412.96,Online,Public,No,Clear
TN002096,2025-04-26,07:00:00,Pinnacle,2,228.23,66.78,83.81,607.05,Phone,ResortGuest,No,Clear
TN002097,2025-03-16,08:40:00,Pinnacle,3,329.47,100.88,0.0,1089.29,Online,Public,No,Clear
TN002098,2025-12-07,10:10:00,Monument,3,257.95,98.09,94.19,966.13,Online,Public,No,Clear
TN002099,2025-08-10,14:20:00,Pinnacle,3,106.35,92.81,157.39,569.25,Online,Public,No,Rain
TN002100,2025-02-01,08:30:00,Pinnacle,4,251.53,126.01,0.0,1132.13,Phone,Member,No,Cloudy
TN002101,2025-11-10,08:40:00,Pinnacle,2,336.93,65.37,0.0,739.23,Online,Public,No,Clear
TN002102,2025-05-14,09:20:00,Pinnacle,3,113.3,93.74,0.0,433.64,Online,Member,No,Clear
TN002103,2025-06-21,07:40:00,Pinnacle,3,137.82,105.64,0.0,519.1,Online,ResortGuest,No,Clear
TN002104,2025-04-20,08:20:00,Monument,4,226.58,140.85,225.43,1272.6,Online,Public,No,Clear
TN002105,2025-01-24,09:10:00,Pinnacle,4,253.33,141.29,0.0,1154.61,Concierge,ResortGuest,No,Clear
TN002106,2025-02-01,08:40:00,Pinnacle,3,239.68,91.49,0.0,810.53,Online,Member,No,Clear
TN002107,2025-03-08,06:50:00,Pinnacle,3,309.03,99.87,0.0,1026.96,Online,Public,No,Cloudy
TN002108,2025-01-04,08:50:00,Monument,4,262.48,137.18,0.0,1187.1,Online,ResortGuest,No,Cloudy
TN002109,2025-02-28,12:40:00,Pinnacle,2,206.37,66.08,83.85,562.67,Concierge,ResortGuest,No,Clear
TN002110,2025-11-02,07:20:00,Monument,4,285.46,139.19,180.98,1462.01,Online,Public,No,Cloudy
TN002111,2025-12-27,07:50:00,Monument,3,263.41,105.03,0.0,895.26,Phone,ResortGuest,No,Clear
TN002112,2025-12-07,11:50:00,Monument,4,205.16,127.64,229.41,1177.69,Phone,Member,No,Clear
TN002113,2025-11-24,10:20:00,Monument,4,247.6,140.85,0.0,1131.25,Phone,Public,No,Clear
TN002114,2025-04-06,14:10:00,Monument,3,138.69,94.45,55.26,565.78,Online,Public,No,Clear
TN002115,2025-01-11,07:40:00,Pinnacle,3,265.24,105.93,63.09,964.74,Concierge,ResortGuest,No,Clear
TN002116,2025-01-18,13:40:00,Pinnacle,2,224.42,68.93,47.06,564.83,Phone,Public,No,Clear
TN002117,2025-06-22,11:10:00,Monument,4,140.04,140.63,0.0,700.79,Walk-up,Public,No,Clear
TN002118,2025-05-19,08:20:00,Pinnacle,3,148.59,105.68,82.87,634.32,Phone,ResortGuest,No,Clear
TN002119,2025-02-19,10:50:00,Monument,4,205.31,124.08,152.23,1097.55,Online,Group,No,Clear
TN002120,2025-12-07,10:50:00,Monument,4,240.04,132.16,0.0,1092.32,Online,ResortGuest,No,Clear
TN002121,2025-03-07,13:50:00,Monument,4,236.0,131.68,149.86,1225.54,Online,Public,No,Clear
TN002122,2025-03-05,09:10:00,Pinnacle,3,283.18,105.71,135.65,1090.9,Online,Public,No,Clear
TN002123,2025-04-03,07:00:00,Pinnacle,2,265.67,65.43,86.97,683.74,Walk-up,Public,No,Clear
TN002124,2025-03-09,08:30:00,Monument,3,245.46,92.58,0.0,0.0,Online,Member,Yes,Clear
TN002125,2025-05-17,08:30:00,Monument,4,137.83,141.3,0.0,692.62,Concierge,ResortGuest,No,Clear
TN002126,2025-11-27,15:30:00,Pinnacle,2,168.23,57.54,0.0,0.0,Phone,Member,Yes,Clear
TN002127,2025-03-13,09:30:00,Monument,2,267.67,70.0,0.0,605.34,Phone,Public,No,Clear
TN002128,2025-02-23,15:00:00,Monument,3,191.73,89.19,95.53,759.91,Online,Public,No,Clear
TN002129,2025-01-18,08:50:00,Pinnacle,2,262.3,60.9,0.0,585.5,Online,Member,No,Clear
TN002130,2025-12-19,09:00:00,Monument,3,218.47,93.5,0.0,748.91,Phone,Member,No,Cloudy
TN002131,2025-06-28,09:30:00,Pinnacle,3,137.9,104.39,60.09,578.18,Online,Public,No,Clear
TN002132,2025-01-21,09:20:00,Monument,3,239.54,105.95,63.54,888.11,Online,Public,No,Clear
TN002133,2025-03-08,10:40:00,Monument,3,275.06,98.61,74.27,998.06,Phone,Public,No,Clear
TN002134,2025-02-06,07:00:00,Pinnacle,3,339.08,98.4,0.0,1115.64,Online,Public,No,Clear
TN002135,2025-02-26,06:50:00,Monument,4,277.0,138.99,180.78,1427.77,Online,ResortGuest,No,Clear
TN002136,2025-03-29,14:10:00,Pinnacle,3,146.61,87.01,59.13,585.97,Online,Member,No,Cloudy
TN002137,2025-09-29,10:40:00,Pinnacle,3,135.8,100.64,126.28,634.32,Online,Public,No,Clear
TN002138,2025-11-23,08:50:00,Pinnacle,4,263.08,137.92,0.0,1190.24,Concierge,ResortGuest,No,Clear
TN002139,2025-12-27,09:30:00,Pinnacle,4,292.74,131.28,0.0,1302.24,Walk-up,Public,No,Clear
TN002140,2025-11-22,07:20:00,Monument,3,284.91,98.78,0.0,953.51,Online,Public,No,Clear
TN002141,2025-12-09,07:20:00,Pinnacle,3,248.09,91.73,113.89,949.89,Walk-up,Member,No,Clear
TN002142,2025-05-18,13:40:00,Monument,3,122.89,102.26,126.65,597.58,Online,Public,No,Clear
TN002143,2025-09-14,11:50:00,Monument,3,117.95,103.0,84.28,541.13,Concierge,ResortGuest,No,Clear
TN002144,2025-12-16,07:00:00,Monument,4,293.03,138.55,208.4,1519.07,Walk-up,Public,No,Cloudy
TN002145,2025-12-25,06:40:00,Monument,3,301.78,101.96,142.93,1150.23,Online,Public,No,Clear
TN002146,2025-12-15,06:40:00,Monument,3,293.26,101.34,0.0,981.12,Online,Public,No,Clear
TN002147,2025-02-26,06:40:00,Monument,3,222.85,93.41,0.0,761.96,Online,Member,No,Clear
TN002148,2025-11-05,08:00:00,Monument,4,228.19,126.61,0.0,1039.37,Phone,Group,No,Clear
TN002149,2025-08-16,09:00:00,Pinnacle,4,119.35,128.97,206.13,812.5,Walk-up,Member,No,Cloudy
TN002150,2025-06-22,12:10:00,Pinnacle,2,132.42,67.2,0.0,332.04,Online,Public,No,Cloudy
TN002151,2025-12-05,10:00:00,Pinnacle,2,275.89,67.52,0.0,0.0,Walk-up,Public,Yes,Clear
TN002152,2025-07-20,12:50:00,Monument,2,113.59,68.3,0.0,295.48,Online,Public,No,Cloudy
TN002153,2025-07-07,14:00:00,Monument,1,118.88,40.0,36.91,195.79,Online,Public,No,Cloudy
TN002154,2025-11-01,08:30:00,Monument,3,233.69,95.98,0.0,797.05,Online,Member,No,Clear
TN002155,2025-01-15,07:20:00,Monument,4,248.68,141.14,201.93,1337.79,Phone,ResortGuest,No,Cloudy
TN002156,2025-07-06,08:30:00,Pinnacle,2,179.68,65.8,0.0,425.16,Online,Public,No,Cloudy
TN002157,2025-09-27,08:10:00,Monument,3,159.74,101.28,81.89,662.39,Walk-up,Public,No,Clear
TN002158,2025-08-03,10:00:00,Monument,3,140.99,101.49,0.0,524.46,Walk-up,Public,No,Rain
TN002159,2025-08-09,12:30:00,Pinnacle,3,119.29,105.85,0.0,463.72,Online,Public,No,Clear
TN002160,2025-05-24,07:10:00,Pinnacle,3,135.23,91.13,0.0,496.82,Walk-up,Member,No,Clear
TN002161,2025-01-30,07:10:00,Monument,3,299.32,98.39,186.0,1182.35,Phone,Public,No,Clear
TN002162,2025-12-28,08:20:00,Monument,2,304.96,67.8,0.0,677.72,Online,Public,No,Clear
TN002163,2025-04-20,07:40:00,Pinnacle,3,232.52,101.74,51.4,850.7,Online,Public,No,Cloudy
TN002164,2025-06-21,13:20:00,Pinnacle,3,118.33,102.62,133.41,591.02,Phone,Public,No,Clear
TN002165,2025-01-05,08:30:00,Monument,4,255.19,133.69,0.0,1154.45,Concierge,ResortGuest,No,Clear
TN002166,2025-12-21,09:40:00,Pinnacle,3,279.25,102.68,155.28,1095.71,Online,Public,No,Clear
TN002167,2025-01-31,08:20:00,Monument,3,311.61,105.82,0.0,1040.65,Phone,Public,No,Cloudy
TN002168,2025-09-21,08:40:00,Pinnacle,4,139.68,124.35,128.68,811.75,Sales/Events,Group,No,Clear
TN002169,2025-08-29,09:10:00,Pinnacle,3,144.14,102.42,0.0,534.84,Online,Public,No,Rain
TN002170,2025-12-21,08:10:00,Pinnacle,3,237.28,97.44,131.19,940.47,Online,Member,No,Clear
TN002171,2025-03-12,08:50:00,Monument,4,234.16,120.62,89.18,1146.44,Online,Member,No,Clear
TN002172,2025-03-03,11:20:00,Pinnacle,3,248.5,100.27,159.03,1004.8,Walk-up,Public,No,Clear
TN002173,2025-01-25,10:50:00,Monument,3,224.94,101.98,77.21,854.01,Concierge,ResortGuest,No,Clear
TN002174,2025-04-04,11:40:00,Monument,4,171.35,122.7,0.0,808.1,Walk-up,Member,No,Clear
TN002175,2025-10-12,06:40:00,Pinnacle,3,265.76,99.9,113.85,1011.03,Online,Public,No,Clear
TN002176,2025-11-22,08:30:00,Monument,3,236.38,90.31,0.0,799.45,Walk-up,Member,No,Clear
TN002177,2025-01-04,09:00:00,Monument,2,292.47,66.01,65.42,716.37,Online,Public,No,Clear
TN002178,2025-05-25,12:40:00,Pinnacle,4,97.83,128.21,120.68,640.21,Sales/Events,Group,No,Clear
TN002179,2025-03-26,08:30:00,Pinnacle,4,239.86,126.78,0.0,1086.22,Walk-up,Member,No,Clear
TN002180,2025-07-20,09:10:00,Pinnacle,4,115.19,127.89,130.81,719.46,Online,Member,No,Clear
TN002181,2025-10-25,14:00:00,Pinnacle,4,189.06,140.82,136.52,1033.58,Phone,Public,No,Windy
TN002182,2025-08-27,11:50:00,Pinnacle,3,151.71,102.48,0.0,557.61,Walk-up,Public,No,Cloudy
TN002183,2025-08-16,12:30:00,Pinnacle,4,130.63,139.11,0.0,661.63,Walk-up,Public,No,Clear
TN002184,2025-11-15,08:40:00,Pinnacle,3,335.03,104.13,0.0,1109.22,Online,Public,No,Clear
TN002185,2025-09-27,11:50:00,Monument,2,138.53,68.63,44.53,390.22,Online,Public,No,Cloudy
TN002186,2025-02-23,10:30:00,Monument,4,219.24,123.14,56.62,1056.72,Sales/Events,Group,No,Clear
TN002187,2025-10-13,11:30:00,Monument,3,171.1,101.35,103.04,717.69,Phone,ResortGuest,No,Clear
TN002188,2025-06-15,10:40:00,Monument,3,134.95,101.23,0.0,506.08,Online,Public,No,Clear
TN002189,2025-08-03,09:20:00,Pinnacle,4,151.56,130.95,0.0,737.19,Walk-up,Public,No,Cloudy
TN002190,2025-08-03,10:50:00,Monument,2,143.56,70.35,0.0,357.47,Online,Public,No,Clear
TN002191,2025-10-19,09:00:00,Monument,4,204.4,128.57,0.0,946.17,Sales/Events,Group,No,Cloudy
TN002192,2025-06-01,10:40:00,Pinnacle,3,125.17,105.53,0.0,481.04,Concierge,ResortGuest,No,Cloudy
TN002193,2025-05-03,13:10:00,Monument,2,124.83,66.21,89.0,404.87,Online,Public,No,Clear
TN002194,2025-02-03,11:50:00,Pinnacle,3,250.1,105.29,95.12,950.71,Online,Public,No,Clear
TN002195,2025-12-20,13:30:00,Monument,4,212.93,140.3,216.6,1208.62,Phone,Public,No,Cloudy
TN002196,2025-07-27,11:20:00,Pinnacle,4,136.09,137.1,0.0,681.46,Online,Public,No,Rain
TN002197,2025-01-18,09:00:00,Pinnacle,4,260.11,120.34,0.0,1160.78,Phone,Group,No,Clear
TN002198,2025-01-10,08:20:00,Pinnacle,3,306.18,101.76,59.45,1079.75,Phone,Public,No,Clear
TN002199,2025-01-09,11:50:00,Monument,2,257.47,68.11,0.0,583.05,Online,Public,No,Clear
TN002200,2025-02-22,11:00:00,Pinnacle,4,226.67,128.68,0.0,1035.36,Sales/Events,Group,No,Cloudy
TN002201,2025-04-10,06:30:00,Monument,4,248.37,133.99,0.0,1127.47,Online,Public,No,Clear
TN002202,2025-12-09,08:00:00,Pinnacle,3,247.38,93.57,60.26,895.97,Online,Member,No,Clear
TN002203,2025-01-16,12:00:00,Monument,4,256.72,134.04,205.85,1366.77,Online,Public,No,Clear
TN002204,2025-02-15,12:40:00,Pinnacle,4,185.15,123.83,72.2,936.63,Sales/Events,Group,No,Clear
TN002205,2025-12-13,15:10:00,Pinnacle,2,197.81,60.95,0.0,456.57,Online,Public,No,Clear
TN002206,2025-07-26,11:50:00,Pinnacle,2,142.21,65.34,0.0,349.76,Online,Public,No,Clear
TN002207,2025-09-11,07:10:00,Monument,4,166.83,137.82,0.0,805.14,Walk-up,Public,No,Cloudy
TN002208,2025-12-01,10:40:00,Pinnacle,1,257.85,40.0,47.52,345.37,Phone,Public,No,Clear
TN002209,2025-12-27,06:30:00,Pinnacle,4,237.42,128.13,181.15,1258.96,Phone,Member,No,Clear
TN002210,2025-07-26,11:40:00,Pinnacle,3,132.89,98.0,177.82,674.49,Online,Public,No,Rain
TN002211,2025-11-27,11:00:00,Monument,2,271.75,67.25,0.0,610.75,Online,Public,No,Windy
TN002212,2025-04-19,11:20:00,Pinnacle,3,187.95,99.77,129.59,793.21,Phone,ResortGuest,No,Cloudy
TN002213,2025-12-13,08:00:00,Monument,4,260.8,127.93,190.55,1361.68,Phone,Group,No,Cloudy
TN002214,2025-05-15,07:40:00,Monument,3,138.06,91.42,0.0,505.6,Phone,Group,No,Clear
TN002215,2025-01-26,11:30:00,Monument,4,220.88,131.4,0.0,1014.92,Concierge,ResortGuest,No,Clear
TN002216,2025-03-15,07:10:00,Monument,3,282.18,98.66,197.49,1142.69,Phone,Public,No,Clear
TN002217,2025-12-05,08:10:00,Monument,3,304.03,100.99,83.62,1096.7,Online,Public,No,Clear
TN002218,2025-11-01,11:10:00,Pinnacle,2,226.29,62.51,102.28,617.37,Online,Member,No,Clear
TN002219,2025-09-27,11:10:00,Pinnacle,4,115.52,129.63,68.19,659.9,Phone,Member,No,Clear
TN002220,2025-02-22,08:10:00,Pinnacle,4,293.29,134.43,0.0,1307.59,Online,Public,No,Clear
TN002221,2025-06-21,11:30:00,Monument,3,147.16,105.4,108.72,655.6,Walk-up,Public,No,Clear
TN002222,2025-12-05,08:50:00,Pinnacle,4,308.87,140.85,0.0,1376.33,Phone,Public,No,Clear
TN002223,2025-11-29,08:50:00,Monument,2,296.37,66.6,43.47,702.81,Phone,Public,No,Clear
TN002224,2025-07-13,06:50:00,Pinnacle,3,123.02,94.9,0.0,463.96,Online,Member,No,Clear
TN002225,2025-04-13,15:50:00,Pinnacle,4,161.22,119.29,0.0,764.17,Online,Public,No,Windy
TN002226,2025-03-01,12:10:00,Pinnacle,4,212.85,132.22,185.53,1169.15,Online,Public,No,Clear
TN002227,2025-11-13,07:10:00,Monument,2,308.14,67.05,78.05,761.38,Phone,Public,No,Windy
TN002228,2025-01-01,07:00:00,Pinnacle,4,291.35,132.22,0.0,0.0,Walk-up,Public,Yes,Clear
TN002229,2025-07-13,07:20:00,Pinnacle,4,136.21,134.6,0.0,679.44,Concierge,ResortGuest,No,Clear
TN002230,2025-02-02,08:20:00,Pinnacle,4,246.85,129.66,104.98,1222.04,Phone,Member,No,Clear
TN002231,2025-08-04,09:00:00,Monument,4,124.13,125.75,0.0,622.27,Online,Group,No,Rain
TN002232,2025-12-25,09:10:00,Monument,2,243.46,70.43,0.0,557.35,Online,Public,No,Clear
TN002233,2025-11-07,10:00:00,Pinnacle,4,279.58,140.38,0.0,1258.7,Walk-up,Public,No,Clear
TN002234,2025-11-09,06:30:00,Pinnacle,3,290.67,105.64,0.0,977.65,Walk-up,Public,No,Clear
TN002235,2025-05-11,11:00:00,Monument,3,148.46,101.89,103.12,650.39,Walk-up,Public,No,Clear
TN002236,2025-11-08,09:40:00,Pinnacle,4,194.33,123.94,0.0,901.26,Online,Member,No,Windy
TN002237,2025-08-05,08:20:00,Monument,3,163.37,100.56,0.0,0.0,Phone,Public,Yes,Cloudy
TN002238,2025-10-12,13:10:00,Pinnacle,2,193.0,65.6,0.0,451.6,Online,Public,No,Windy
TN002239,2025-01-31,08:40:00,Monument,2,251.42,70.09,0.0,572.93,Phone,ResortGuest,No,Clear
TN002240,2025-11-18,07:20:00,Monument,3,282.72,101.67,0.0,949.83,Online,Public,No,Clear
TN002241,2025-06-02,08:00:00,Pinnacle,3,171.8,102.75,0.0,618.15,Online,Public,No,Cloudy
TN002242,2025-01-25,08:20:00,Pinnacle,4,310.76,133.7,233.84,1610.58,Phone,Public,No,Clear
TN002243,2025-05-31,06:30:00,Pinnacle,4,143.3,122.42,0.0,0.0,Phone,Group,Yes,Windy
TN002244,2025-02-01,08:40:00,Pinnacle,4,298.9,136.7,105.8,1438.1,Online,Public,No,Clear
TN002245,2025-11-20,09:40:00,Pinnacle,2,244.22,70.64,105.08,664.16,Phone,ResortGuest,No,Windy
TN002246,2025-04-26,09:20:00,Monument,4,166.69,122.29,0.0,789.05,Sales/Events,Group,No,Clear
TN002247,2025-12-06,12:00:00,Monument,2,231.11,66.06,87.79,616.07,Concierge,ResortGuest,No,Clear
TN002248,2025-02-27,07:40:00,Pinnacle,3,249.34,90.34,0.0,838.36,Phone,Member,No,Clear
TN002249,2025-02-16,07:00:00,Pinnacle,3,289.2,105.23,80.81,1053.64,Phone,ResortGuest,No,Clear
TN002250,2025-09-14,11:00:00,Pinnacle,3,132.02,99.55,92.09,587.7,Online,Public,No,Windy
TN002251,2025-07-08,10:40:00,Pinnacle,3,133.76,104.22,176.15,681.65,Walk-up,Public,No,Clear
TN002252,2025-11-17,12:20:00,Pinnacle,3,173.76,93.36,0.0,614.64,Phone,Member,No,Windy
TN002253,2025-01-04,07:00:00,Pinnacle,3,333.42,102.27,0.0,1102.53,Online,Public,No,Clear
TN002254,2025-03-08,11:30:00,Pinnacle,3,289.42,102.1,0.0,970.36,Online,Public,No,Clear
TN002255,2025-01-04,07:50:00,Pinnacle,2,288.59,65.74,63.38,706.3,Phone,Public,No,Cloudy
TN002256,2025-06-30,15:10:00,Pinnacle,2,99.75,61.83,0.0,261.33,Online,Public,No,Clear
TN002257,2025-01-20,07:30:00,Monument,4,227.44,129.04,264.51,1303.31,Online,Member,No,Clear
TN002258,2025-11-25,08:10:00,Monument,3,244.55,93.65,116.63,943.93,Phone,Member,No,Cloudy
TN002259,2025-06-14,13:00:00,Pinnacle,3,128.55,98.78,0.0,484.43,Phone,Public,No,Cloudy
TN002260,2025-10-12,10:00:00,Monument,3,167.03,91.88,0.0,592.97,Online,Member,No,Cloudy
TN002261,2025-11-01,10:50:00,Pinnacle,2,278.09,69.74,75.49,701.41,Online,Public,No,Clear
TN002262,2025-11-07,06:40:00,Monument,4,239.8,124.58,204.86,1288.64,Sales/Events,Group,No,Clear
TN002263,2025-03-22,12:10:00,Monument,2,208.53,70.66,50.49,538.21,Online,Public,No,Clear
TN002264,2025-12-24,08:30:00,Monument,3,235.46,92.05,0.0,798.43,Walk-up,Member,No,Clear
TN002265,2025-02-23,08:10:00,Monument,4,239.09,120.84,248.75,1325.95,Phone,Member,No,Clear
TN002266,2025-03-03,14:40:00,Pinnacle,3,192.68,94.33,0.0,672.37,Online,Public,No,Cloudy
TN002267,2025-06-01,06:40:00,Pinnacle,4,166.91,132.22,0.0,799.86,Online,Public,No,Clear
TN002268,2025-03-05,13:10:00,Monument,4,188.86,130.84,95.62,981.9,Online,ResortGuest,No,Clear
TN002269,2025-03-30,09:50:00,Pinnacle,3,221.18,95.85,92.67,852.06,Online,Member,No,Clear
TN002270,2025-11-24,15:50:00,Monument,4,184.87,121.18,175.83,1036.49,Online,Public,No,Clear
TN002271,2025-12-06,08:00:00,Pinnacle,4,305.56,131.68,0.0,1353.92,Walk-up,Public,No,Clear
TN002272,2025-09-21,10:20:00,Pinnacle,3,126.39,103.83,0.0,483.0,Phone,ResortGuest,No,Windy
TN002273,2025-02-17,08:40:00,Monument,4,264.52,124.86,0.0,1182.94,Sales/Events,Group,No,Clear
TN002274,2025-12-15,09:40:00,Pinnacle,3,275.24,101.0,0.0,926.72,Online,Public,No,Clear
TN002275,2025-03-23,09:10:00,Pinnacle,4,218.89,124.63,0.0,1000.19,Online,Member,No,Clear
TN002276,2025-02-02,07:20:00,Pinnacle,3,288.35,103.9,0.0,968.95,Online,Public,No,Clear
TN002277,2025-07-05,11:50:00,Pinnacle,4,126.74,139.33,0.0,646.29,Concierge,ResortGuest,No,Clear
TN002278,2025-05-24,13:50:00,Pinnacle,3,116.04,105.41,0.0,453.53,Online,Public,No,Windy
TN002279,2025-05-10,08:10:00,Monument,2,129.29,60.27,43.96,362.81,Phone,Member,No,Clear
TN002280,2025-11-11,15:10:00,Pinnacle,3,173.55,91.16,0.0,0.0,Concierge,ResortGuest,Yes,Clear
TN002281,2025-02-08,07:50:00,Monument,4,305.5,140.52,190.87,1553.39,Online,Public,No,Clear
TN002282,2025-08-30,08:00:00,Monument,4,139.4,137.02,0.0,0.0,Concierge,ResortGuest,Yes,Rain
TN002283,2025-01-10,10:30:00,Monument,3,252.75,98.74,158.08,1015.07,Online,Public,No,Clear
TN002284,2025-07-19,14:00:00,Pinnacle,4,131.15,136.43,0.0,661.03,Online,Public,No,Rain
TN002285,2025-04-05,08:10:00,Pinnacle,3,229.12,98.11,0.0,785.47,Online,Public,No,Clear
TN002286,2025-04-16,07:50:00,Monument,2,168.54,64.74,98.86,500.68,Walk-up,Member,No,Clear
TN002287,2025-02-15,10:00:00,Monument,4,222.83,134.19,93.88,1119.39,Online,ResortGuest,No,Clear
TN002288,2025-05-24,08:20:00,Monument,3,146.7,101.44,0.0,541.54,Online,Public,No,Clear
TN002289,2025-06-23,10:20:00,Monument,3,146.82,100.57,116.87,657.9,Phone,Public,No,Clear
TN002290,2025-09-14,12:10:00,Monument,3,116.88,103.87,139.54,594.05,Online,Public,No,Clear
TN002291,2025-10-18,11:20:00,Monument,2,206.53,70.59,57.6,541.25,Phone,Public,No,Windy
TN002292,2025-01-19,11:10:00,Pinnacle,4,214.09,126.93,0.0,983.29,Online,Member,No,Cloudy
TN002293,2025-06-14,08:50:00,Monument,2,124.73,60.39,72.89,382.74,Phone,Member,No,Clear
TN002294,2025-08-10,10:20:00,Pinnacle,3,123.11,96.85,0.0,466.18,Sales/Events,Group,No,Clear
TN002295,2025-08-01,10:20:00,Monument,3,141.74,99.21,57.78,582.21,Phone,Public,No,Cloudy
TN002296,2025-09-07,08:30:00,Pinnacle,3,170.78,101.59,0.0,613.93,Online,Public,No,Windy
TN002297,2025-11-22,08:40:00,Monument,3,249.34,98.06,0.0,846.08,Concierge,ResortGuest,No,Clear
TN002298,2025-01-06,07:00:00,Pinnacle,4,335.81,131.12,0.0,1474.36,Online,Public,No,Clear
TN002299,2025-03-02,15:20:00,Monument,3,188.34,89.16,161.34,815.52,Online,Public,No,Clear
TN002300,2025-01-31,12:30:00,Pinnacle,3,198.75,105.32,57.88,759.45,Online,ResortGuest,No,Clear
TN002301,2025-06-19,12:00:00,Monument,4,104.74,122.35,0.0,541.31,Online,Group,No,Clear
TN002302,2025-04-19,12:30:00,Monument,3,148.34,102.41,158.49,705.92,Phone,ResortGuest,No,Rain
TN002303,2025-02-08,08:10:00,Monument,3,259.78,95.54,0.0,874.88,Phone,Group,No,Clear
TN002304,2025-09-06,07:30:00,Pinnacle,3,167.23,98.23,0.0,599.92,Online,Public,No,Clear
TN002305,2025-01-18,13:00:00,Monument,2,232.99,69.61,0.0,535.59,Online,Public,No,Clear
TN002306,2025-01-05,11:20:00,Monument,3,265.56,100.06,153.07,1049.81,Online,Public,No,Clear
TN002307,2025-12-06,07:50:00,Pinnacle,2,299.66,65.56,0.0,664.88,Phone,Public,No,Cloudy
TN002308,2025-10-04,07:20:00,Monument,3,237.54,102.34,69.76,884.72,Online,Public,No,Clear
TN002309,2025-10-19,08:00:00,Monument,3,240.05,99.71,49.34,869.2,Phone,Public,No,Clear
TN002310,2025-11-27,09:40:00,Pinnacle,3,229.37,96.36,53.68,838.15,Phone,Group,No,Windy
TN002311,2025-07-30,09:10:00,Monument,3,109.8,96.4,0.0,425.8,Phone,Member,No,Cloudy
TN002312,2025-02-15,11:20:00,Monument,4,234.51,133.33,207.28,1278.65,Concierge,ResortGuest,No,Rain
TN002313,2025-07-20,15:40:00,Pinnacle,4,111.77,120.41,145.01,712.5,Online,Public,No,Clear
TN002314,2025-11-05,07:40:00,Pinnacle,3,256.49,96.17,57.85,923.49,Online,Member,No,Clear
TN002315,2025-11-08,11:10:00,Monument,2,197.98,64.19,0.0,460.15,Phone,Member,No,Clear
TN002316,2025-02-23,06:50:00,Monument,3,246.57,91.0,187.93,1018.64,Phone,Member,No,Clear
TN002317,2025-09-20,08:50:00,Pinnacle,3,148.89,103.22,0.0,549.89,Concierge,ResortGuest,No,Clear
TN002318,2025-03-26,09:40:00,Pinnacle,3,271.94,104.87,0.0,0.0,Walk-up,Public,Yes,Clear
TN002319,2025-11-17,11:50:00,Monument,3,222.82,102.91,0.0,771.37,Phone,ResortGuest,No,Windy
TN002320,2025-10-19,09:00:00,Pinnacle,3,182.47,92.44,102.61,742.46,Online,Member,No,Clear
TN002321,2025-04-26,11:20:00,Pinnacle,2,227.44,66.42,94.71,616.01,Walk-up,Public,No,Clear
TN002322,2025-05-03,06:30:00,Monument,3,156.41,99.0,145.1,713.33,Online,Public,No,Cloudy
TN002323,2025-11-22,06:40:00,Monument,4,304.54,139.31,117.13,1474.6,Online,Public,No,Clear
TN002324,2025-10-25,06:40:00,Pinnacle,2,248.09,66.08,93.92,656.18,Online,Public,No,Cloudy
TN002325,2025-02-13,08:30:00,Pinnacle,3,228.58,92.37,0.0,778.11,Online,Member,No,Clear
TN002326,2025-02-08,08:20:00,Monument,3,269.1,97.94,173.7,1078.94,Concierge,ResortGuest,No,Clear
TN002327,2025-03-19,08:20:00,Pinnacle,4,313.87,139.8,0.0,1395.28,Online,Public,No,Clear
TN002328,2025-02-22,08:30:00,Pinnacle,2,330.77,68.01,73.26,802.81,Online,Public,No,Clear
TN002329,2025-11-30,09:10:00,Pinnacle,4,244.41,135.33,168.49,1281.46,Concierge,ResortGuest,No,Clear
TN002330,2025-11-23,13:10:00,Pinnacle,2,219.09,65.66,81.08,584.92,Phone,ResortGuest,No,Clear
TN002331,2025-03-11,09:50:00,Pinnacle,2,276.18,65.65,0.0,618.01,Online,Public,No,Windy
TN002332,2025-03-31,06:30:00,Monument,4,242.32,129.69,116.39,1215.36,Online,Member,No,Clear
TN002333,2025-02-17,08:20:00,Pinnacle,3,246.77,95.61,0.0,0.0,Phone,Member,Yes,Clear
TN002334,2025-09-21,12:30:00,Pinnacle,4,130.56,141.33,0.0,663.57,Online,Public,No,Clear
TN002335,2025-10-04,10:40:00,Monument,4,189.77,136.02,0.0,895.1,Online,Public,No,Clear
TN002336,2025-06-28,07:30:00,Pinnacle,4,153.76,132.0,0.0,747.04,Online,ResortGuest,No,Cloudy
TN002337,2025-06-18,14:30:00,Monument,3,97.85,94.24,0.0,387.79,Phone,Public,No,Clear
TN002338,2025-11-03,08:40:00,Monument,4,244.18,137.25,0.0,1113.97,Concierge,ResortGuest,No,Cloudy
TN002339,2025-01-15,12:20:00,Pinnacle,3,171.57,92.76,0.0,607.47,Walk-up,Member,No,Clear
TN002340,2025-08-16,10:20:00,Pinnacle,3,140.13,101.09,56.39,577.87,Online,Public,No,Cloudy
TN002341,2025-06-08,11:40:00,Pinnacle,3,138.32,105.44,0.0,0.0,Online,Public,Yes,Clear
TN002342,2025-07-19,07:50:00,Pinnacle,3,156.11,103.84,0.0,572.17,Online,ResortGuest,No,Windy
TN002343,2025-04-22,11:00:00,Pinnacle,3,175.16,92.09,0.0,617.57,Phone,Member,No,Clear
TN002344,2025-11-02,12:30:00,Monument,3,180.94,91.37,121.12,755.31,Online,Member,No,Clear
TN002345,2025-09-08,14:40:00,Pinnacle,4,94.05,119.22,142.43,637.85,Phone,ResortGuest,No,Rain
TN002346,2025-11-11,13:30:00,Pinnacle,3,214.66,101.92,204.58,950.48,Online,Public,No,Clear
TN002347,2025-12-06,07:00:00,Pinnacle,3,226.06,91.94,0.0,770.12,Online,Member,No,Clear
TN002348,2025-01-25,06:30:00,Pinnacle,3,307.42,102.29,0.0,1024.55,Phone,Public,No,Clear
TN002349,2025-01-03,13:20:00,Pinnacle,4,219.07,139.21,0.0,1015.49,Phone,ResortGuest,No,Clear
TN002350,2025-02-23,09:10:00,Monument,4,265.62,130.76,0.0,1193.24,Online,Public,No,Cloudy
TN002351,2025-11-18,08:40:00,Monument,4,234.65,129.44,116.98,1185.02,Online,Member,No,Clear
TN002352,2025-02-19,07:00:00,Pinnacle,2,317.6,66.78,0.0,701.98,Online,Public,No,Clear
TN002353,2025-08-07,08:00:00,Monument,3,122.09,96.52,0.0,462.79,Sales/Events,Group,No,Clear
TN002354,2025-11-13,07:30:00,Monument,3,221.42,90.84,0.0,755.1,Online,Member,No,Clear
TN002355,2025-11-13,06:50:00,Monument,3,223.5,95.34,0.0,765.84,Walk-up,Member,No,Clear
TN002356,2025-03-05,07:20:00,Pinnacle,3,268.18,90.28,0.0,894.82,Phone,Group,No,Clear
TN002357,2025-08-09,12:50:00,Monument,4,106.23,133.49,203.11,761.52,Concierge,ResortGuest,No,Clear
TN002358,2025-12-08,08:50:00,Pinnacle,4,266.48,132.6,130.39,1328.91,Concierge,ResortGuest,No,Clear
TN002359,2025-03-30,08:10:00,Monument,3,227.2,92.47,173.53,947.6,Walk-up,Member,No,Cloudy
TN002360,2025-05-27,12:00:00,Monument,3,113.91,95.53,0.0,437.26,Online,Member,No,Clear
TN002361,2025-01-04,11:40:00,Pinnacle,3,266.39,101.56,0.0,900.73,Online,Public,No,Clear
TN002362,2025-04-12,15:50:00,Monument,3,156.47,91.72,182.91,744.04,Online,Public,No,Clear
TN002363,2025-03-09,06:40:00,Monument,4,291.22,137.26,57.64,1359.78,Walk-up,Public,No,Cloudy
TN002364,2025-11-30,11:50:00,Pinnacle,3,257.68,98.7,146.61,1018.35,Concierge,ResortGuest,No,Cloudy
TN002365,2025-11-08,08:20:00,Pinnacle,3,328.19,103.52,0.0,1088.09,Online,Public,No,Cloudy
TN002366,2025-05-11,13:50:00,Pinnacle,3,123.25,98.31,130.71,598.77,Online,Public,No,Clear
TN002367,2025-11-25,06:40:00,Monument,3,243.53,90.32,78.26,899.17,Sales/Events,Group,No,Clear
TN002368,2025-11-29,08:50:00,Pinnacle,3,328.44,103.92,0.0,1089.24,Phone,Public,No,Cloudy
TN002369,2025-12-06,08:30:00,Pinnacle,3,333.18,98.09,135.84,1233.47,Walk-up,Public,No,Clear
TN002370,2025-06-22,09:40:00,Monument,4,132.27,131.96,147.2,808.24,Online,Public,No,Clear
TN002371,2025-12-06,08:00:00,Monument,4,239.91,120.87,0.0,1080.51,Sales/Events,Group,No,Clear
TN002372,2025-03-07,07:20:00,Monument,3,320.35,103.82,0.0,1064.87,Online,Public,No,Clear
TN002373,2025-11-13,08:30:00,Pinnacle,3,328.14,101.27,171.97,1257.66,Online,Public,No,Clear
TN002374,2025-12-31,09:00:00,Monument,2,293.48,68.51,105.11,760.58,Phone,Public,No,Clear
TN002375,2025-12-28,10:00:00,Pinnacle,3,242.2,98.08,0.0,824.68,Concierge,ResortGuest,No,Clear
TN002376,2025-10-15,06:30:00,Pinnacle,3,244.98,105.06,142.88,982.88,Phone,Public,No,Clear
TN002377,2025-03-27,07:50:00,Monument,3,228.95,90.95,54.98,832.78,Online,Member,No,Clear
TN002378,2025-03-03,09:00:00,Monument,3,311.44,104.95,0.0,1039.27,Online,Public,No,Clear
TN002379,2025-08-09,15:20:00,Monument,2,104.7,59.05,0.0,0.0,Walk-up,Public,Yes,Clear
TN002380,2025-06-01,10:20:00,Pinnacle,2,144.48,66.84,44.11,399.91,Online,Public,No,Clear
TN002381,2025-11-08,07:00:00,Monument,2,311.72,68.45,61.26,753.15,Online,Public,No,Windy
TN002382,2025-01-12,07:20:00,Monument,4,229.7,125.9,0.0,1044.7,Phone,Group,No,Clear
TN002383,2025-06-15,08:10:00,Pinnacle,3,132.15,94.69,0.0,491.14,Online,Member,No,Clear
TN002384,2025-12-02,11:50:00,Pinnacle,4,203.89,121.74,210.32,1147.62,Sales/Events,Group,No,Cloudy
TN002385,2025-06-05,14:00:00,Monument,3,116.84,101.76,0.0,452.28,Online,Public,No,Cloudy
TN002386,2025-01-12,15:30:00,Pinnacle,2,151.69,56.43,0.0,0.0,Phone,Member,Yes,Clear
TN002387,2025-01-27,09:00:00,Pinnacle,4,264.23,124.47,147.69,1329.08,Online,Member,No,Clear
TN002388,2025-01-11,10:20:00,Pinnacle,2,257.04,66.34,0.0,580.42,Concierge,ResortGuest,No,Cloudy
TN002389,2025-01-27,13:10:00,Monument,3,209.26,100.49,0.0,728.27,Walk-up,Public,No,Clear
TN002390,2025-08-10,07:40:00,Monument,2,151.05,69.49,63.19,434.78,Walk-up,Public,No,Cloudy
TN002391,2025-05-31,09:10:00,Pinnacle,4,131.23,134.09,251.91,910.92,Concierge,ResortGuest,No,Clear
TN002392,2025-12-06,13:50:00,Monument,3,237.58,105.49,0.0,0.0,Online,Public,Yes,Clear
TN002393,2025-01-28,15:10:00,Monument,4,171.25,123.34,136.67,945.01,Online,ResortGuest,No,Cloudy
TN002394,2025-06-01,14:00:00,Pinnacle,4,114.5,139.44,0.0,597.44,Walk-up,Public,No,Clear
TN002395,2025-09-14,14:00:00,Monument,3,126.27,101.63,0.0,0.0,Online,Public,Yes,Clear
TN002396,2025-02-16,11:50:00,Monument,2,266.2,69.87,0.0,602.27,Online,Public,No,Cloudy
TN002397,2025-11-22,08:40:00,Pinnacle,3,326.65,104.43,160.87,1245.25,Walk-up,Public,No,Clear
TN002398,2025-11-26,11:40:00,Pinnacle,3,198.07,97.57,0.0,691.78,Online,Member,No,Clear
TN002399,2025-06-15,08:20:00,Monument,4,169.55,134.1,0.0,812.3,Online,Public,No,Clear
TN002400,2025-03-14,07:40:00,Pinnacle,3,307.53,103.32,103.66,1129.57,Phone,Public,No,Clear
TN002401,2025-02-03,11:00:00,Pinnacle,3,267.71,99.02,0.0,902.15,Online,Public,No,Cloudy
TN002402,2025-12-28,06:50:00,Monument,4,239.58,125.65,143.1,1227.07,Online,Member,No,Cloudy
TN002403,2025-05-09,10:10:00,Monument,4,110.96,140.49,0.0,584.33,Concierge,ResortGuest,No,Cloudy
TN002404,2025-03-18,10:20:00,Monument,1,224.41,40.0,17.71,282.12,Online,ResortGuest,No,Clear
TN002405,2025-03-01,09:20:00,Pinnacle,4,206.0,121.45,0.0,945.45,Phone,Member,No,Clear
TN002406,2025-06-03,12:00:00,Monument,2,103.4,63.01,0.0,269.81,Online,Member,No,Clear
TN002407,2025-02-10,08:00:00,Monument,2,228.53,62.93,0.0,519.99,Walk-up,Member,No,Clear
TN002408,2025-09-01,10:20:00,Monument,4,107.01,129.29,153.55,710.88,Online,Member,No,Clear
TN002409,2025-02-22,09:30:00,Pinnacle,2,248.32,68.34,104.84,669.82,Online,Public,No,Clear
TN002410,2025-09-12,10:00:00,Pinnacle,3,152.28,102.06,0.0,558.9,Phone,Public,No,Cloudy
TN002411,2025-01-07,10:40:00,Pinnacle,4,229.31,134.11,0.0,1051.35,Concierge,ResortGuest,No,Cloudy
TN002412,2025-02-24,08:30:00,Monument,3,300.1,100.56,0.0,1000.86,Online,Public,No,Clear
TN002413,2025-11-12,09:20:00,Monument,1,277.81,40.0,0.0,317.81,Online,Public,No,Clear
TN002414,2025-10-01,13:40:00,Pinnacle,3,182.5,100.13,89.0,736.63,Phone,Public,No,Clear
TN002415,2025-03-15,10:00:00,Pinnacle,2,252.68,68.14,0.0,573.5,Online,Public,No,Cloudy
TN002416,2025-01-24,10:40:00,Monument,3,276.36,98.44,0.0,927.52,Online,Public,No,Clear
TN002417,2025-02-23,11:30:00,Pinnacle,2,287.8,69.12,109.4,754.12,Online,Public,No,Cloudy
TN002418,2025-01-14,11:50:00,Monument,4,211.03,121.05,216.42,1181.59,Walk-up,Member,No,Rain
TN002419,2025-06-28,06:30:00,Monument,3,152.17,97.93,73.22,627.66,Online,Public,No,Cloudy
TN002420,2025-11-06,08:20:00,Pinnacle,4,257.26,140.54,148.92,1318.5,Phone,ResortGuest,No,Windy
TN002421,2025-08-10,09:00:00,Monument,3,147.58,104.27,0.0,547.01,Phone,Public,No,Clear
TN002422,2025-05-04,12:30:00,Monument,4,94.42,127.98,101.05,606.71,Online,Member,No,Clear
TN002423,2025-01-27,08:10:00,Pinnacle,3,259.47,93.36,0.0,871.77,Sales/Events,Group,No,Clear
TN002424,2025-01-07,15:50:00,Pinnacle,4,205.35,124.8,0.0,0.0,Phone,Public,Yes,Clear
TN002425,2025-07-13,10:00:00,Pinnacle,4,154.78,133.21,0.0,752.33,Online,Public,No,Clear
TN002426,2025-02-10,12:00:00,Pinnacle,1,207.51,40.0,0.0,247.51,Phone,Member,No,Clear
TN002427,2025-03-22,08:00:00,Monument,3,313.6,105.4,0.0,1046.2,Online,Public,No,Clear
TN002428,2025-12-27,08:00:00,Monument,2,317.03,70.7,75.62,780.38,Online,Public,No,Clear
TN002429,2025-12-18,07:40:00,Monument,4,225.64,121.02,232.29,1255.87,Online,Member,No,Clear
TN002430,2025-07-08,08:00:00,Monument,3,114.29,93.91,48.96,485.74,Walk-up,Member,No,Clear
TN002431,2025-03-15,11:50:00,Monument,4,213.49,121.38,0.0,975.34,Online,Member,No,Clear
TN002432,2025-08-17,11:20:00,Pinnacle,3,133.07,98.93,0.0,498.14,Concierge,ResortGuest,No,Clear
TN002433,2025-02-08,07:50:00,Pinnacle,2,224.82,61.08,0.0,510.72,Online,Member,No,Cloudy
TN002434,2025-03-11,10:10:00,Pinnacle,4,228.18,128.35,0.0,1041.07,Online,Member,No,Clear
TN002435,2025-02-15,06:40:00,Monument,3,299.93,105.95,142.63,1148.37,Phone,Public,No,Clear
TN002436,2025-09-13,07:50:00,Pinnacle,3,135.12,96.23,0.0,501.59,Phone,Group,No,Clear
TN002437,2025-12-27,11:00:00,Monument,4,264.77,139.09,92.22,1290.39,Online,Public,No,Clear
TN002438,2025-08-26,08:20:00,Monument,4,147.42,140.07,0.0,729.75,Online,Public,No,Rain
TN002439,2025-01-15,12:50:00,Pinnacle,4,196.1,139.86,0.0,924.26,Phone,ResortGuest,No,Clear
TN002440,2025-11-21,07:50:00,Pinnacle,3,328.58,103.34,130.0,1219.08,Phone,Public,No,Clear
TN002441,2025-11-23,06:40:00,Monument,3,239.94,95.22,0.0,815.04,Online,Member,No,Windy
TN002442,2025-06-12,15:20:00,Monument,3,100.77,88.34,0.0,390.65,Walk-up,Public,No,Clear
TN002443,2025-12-21,09:50:00,Pinnacle,3,221.29,90.63,0.0,754.5,Online,Member,No,Clear
TN002444,2025-02-01,08:30:00,Pinnacle,4,277.46,127.96,0.0,1237.8,Sales/Events,Group,No,Clear
TN002445,2025-06-28,11:30:00,Monument,4,99.9,120.79,0.0,520.39,Walk-up,Member,No,Clear
TN002446,2025-11-28,09:00:00,Monument,4,290.52,137.82,118.63,1418.53,Online,Public,No,Cloudy
TN002447,2025-06-28,11:50:00,Monument,3,130.11,102.75,119.25,612.33,Online,Public,No,Clear
TN002448,2025-07-25,13:40:00,Pinnacle,2,90.19,62.76,0.0,0.0,Phone,Member,Yes,Clear
TN002449,2025-12-27,07:50:00,Pinnacle,4,285.95,135.94,160.07,1439.81,Concierge,ResortGuest,No,Clear
TN002450,2025-06-29,11:30:00,Monument,2,139.22,66.57,107.91,452.92,Online,Public,No,Clear
TN002451,2025-04-13,12:50:00,Pinnacle,4,158.14,138.89,56.26,827.71,Concierge,ResortGuest,No,Clear
TN002452,2025-02-23,08:00:00,Monument,4,216.09,122.37,0.0,986.73,Online,Member,No,Clear
TN002453,2025-02-16,11:00:00,Monument,4,250.0,139.11,0.0,0.0,Online,Public,Yes,Cloudy
TN002454,2025-03-01,12:30:00,Pinnacle,4,186.87,123.35,241.54,1112.37,Online,Member,No,Clear
TN002455,2025-02-19,08:50:00,Monument,3,247.29,97.26,0.0,839.13,Online,Member,No,Clear
TN002456,2025-12-07,07:20:00,Monument,4,264.03,120.72,0.0,1176.84,Sales/Events,Group,No,Clear
TN002457,2025-10-05,08:50:00,Monument,3,238.32,105.1,0.0,820.06,Phone,Public,No,Windy
TN002458,2025-12-27,07:30:00,Pinnacle,3,321.13,103.85,91.19,1158.43,Online,Public,No,Cloudy
TN002459,2025-04-20,07:30:00,Monument,3,239.1,100.14,203.14,1020.58,Online,Public,No,Clear
TN002460,2025-05-31,12:20:00,Monument,2,111.71,67.28,62.77,353.47,Online,Public,No,Windy
TN002461,2025-11-08,10:30:00,Pinnacle,3,231.89,102.19,0.0,797.86,Concierge,ResortGuest,No,Windy
TN002462,2025-12-10,13:20:00,Monument,4,185.85,128.55,166.71,1038.66,Phone,Group,No,Clear
TN002463,2025-11-01,13:30:00,Monument,3,231.36,101.4,177.56,973.04,Online,Public,No,Windy
TN002464,2025-01-17,13:20:00,Pinnacle,4,165.65,126.32,0.0,788.92,Online,Member,No,Windy
TN002465,2025-04-26,07:40:00,Monument,2,250.15,66.69,74.93,641.92,Online,Public,No,Clear
TN002466,2025-10-11,13:10:00,Pinnacle,4,178.93,134.72,0.0,850.44,Walk-up,Public,No,Clear
TN002467,2025-11-16,07:30:00,Pinnacle,3,227.31,93.76,170.76,946.45,Online,Member,No,Clear
TN002468,2025-09-07,07:40:00,Pinnacle,4,139.23,127.13,87.72,771.77,Sales/Events,Group,No,Clear
TN002469,2025-05-17,10:00:00,Monument,2,132.13,66.47,0.0,330.73,Walk-up,Public,No,Clear
TN002470,2025-04-06,10:00:00,Pinnacle,4,209.34,131.35,271.15,1239.86,Online,Public,No,Clear
TN002471,2025-05-18,09:20:00,Pinnacle,3,148.0,101.87,88.1,633.97,Online,Public,No,Clear
TN002472,2025-09-02,08:00:00,Pinnacle,4,137.29,126.61,0.0,675.77,Walk-up,Member,No,Clear
TN002473,2025-12-02,08:40:00,Pinnacle,3,307.33,102.02,53.88,1077.89,Walk-up,Public,No,Windy
TN002474,2025-10-25,11:10:00,Pinnacle,3,177.71,92.33,131.1,756.56,Sales/Events,Group,No,Windy
TN002475,2025-08-23,15:20:00,Pinnacle,3,87.71,84.2,0.0,347.33,Online,Member,No,Clear
TN002476,2025-05-20,08:20:00,Pinnacle,3,153.33,103.71,0.0,563.7,Phone,Public,No,Clear
TN002477,2025-03-22,10:10:00,Pinnacle,3,249.09,102.43,0.0,0.0,Phone,ResortGuest,Yes,Clear
TN002478,2025-02-10,08:10:00,Monument,3,278.97,104.87,0.0,941.78,Phone,ResortGuest,No,Clear
TN002479,2025-12-13,10:40:00,Pinnacle,3,225.38,96.73,172.76,945.63,Phone,Member,No,Clear
TN002480,2025-04-08,14:00:00,Pinnacle,2,168.07,67.85,68.67,472.66,Concierge,ResortGuest,No,Clear
TN002481,2025-11-08,12:10:00,Monument,2,202.11,70.69,93.66,568.57,Phone,Public,No,Clear
TN002482,2025-04-13,12:10:00,Monument,2,160.33,68.47,0.0,389.13,Online,Public,No,Clear
TN002483,2025-01-18,09:10:00,Monument,3,232.34,102.07,110.53,909.62,Phone,ResortGuest,No,Clear
TN002484,2025-12-30,11:30:00,Pinnacle,4,233.02,140.47,0.0,1072.55,Concierge,ResortGuest,No,Clear
TN002485,2025-07-30,07:10:00,Pinnacle,2,170.83,65.67,0.0,407.33,Phone,Public,No,Cloudy
TN002486,2025-11-08,12:00:00,Monument,3,265.53,100.23,84.6,981.42,Online,Public,No,Clear
TN002487,2025-04-20,14:50:00,Pinnacle,4,170.73,119.34,240.43,1042.69,Online,Public,No,Cloudy
TN002488,2025-11-16,07:00:00,Pinnacle,3,333.98,102.23,106.74,1210.91,Phone,Public,No,Clear
TN002489,2025-12-10,08:40:00,Pinnacle,4,307.14,140.69,148.75,1518.0,Walk-up,Public,No,Cloudy
TN002490,2025-08-17,06:30:00,Pinnacle,4,170.62,138.09,0.0,820.57,Walk-up,Public,No,Clear
TN002491,2025-09-17,13:40:00,Pinnacle,3,97.3,91.37,0.0,383.27,Walk-up,Member,No,Cloudy
TN002492,2025-09-03,13:50:00,Monument,1,117.19,40.0,0.0,0.0,Online,Public,Yes,Windy
TN002493,2025-11-08,07:50:00,Monument,4,275.11,139.79,0.0,1240.23,Concierge,ResortGuest,No,Clear
TN002494,2025-05-10,13:00:00,Pinnacle,3,128.62,99.01,88.19,573.06,Online,Public,No,Cloudy
TN002495,2025-11-04,09:00:00,Pinnacle,3,234.04,96.1,117.68,915.9,Phone,Member,No,Clear
TN002496,2025-03-30,12:20:00,Monument,4,162.38,124.04,117.19,890.75,Phone,Member,No,Clear
TN002497,2025-08-24,12:30:00,Monument,3,99.61,105.84,0.0,404.67,Online,ResortGuest,No,Clear
TN002498,2025-07-20,10:30:00,Monument,2,127.82,69.48,0.0,325.12,Online,Public,No,Clear
TN002499,2025-10-05,12:20:00,Pinnacle,3,189.31,105.56,0.0,673.49,Phone,Public,No,Cloudy
TN002500,2025-08-23,11:00:00,Pinnacle,3,118.57,95.98,0.0,451.69,Sales/Events,Group,No,Cloudy
TN002501,2025-12-05,11:30:00,Monument,4,195.94,127.53,209.48,1120.77,Online,Member,No,Clear
TN002502,2025-03-31,08:50:00,Pinnacle,3,224.41,96.89,0.0,0.0,Phone,Member,Yes,Clear
TN002503,2025-06-03,11:40:00,Pinnacle,3,143.16,105.12,0.0,0.0,Walk-up,Public,Yes,Windy
TN002504,2025-02-07,13:00:00,Monument,4,174.97,130.07,201.07,1031.02,Sales/Events,Group,No,Clear
TN002505,2025-06-08,09:50:00,Pinnacle,4,140.2,133.64,0.0,694.44,Online,Public,No,Cloudy
TN002506,2025-10-25,12:50:00,Monument,3,177.75,105.3,0.0,638.55,Phone,Public,No,Cloudy
TN002507,2025-09-22,07:20:00,Monument,3,166.14,101.45,0.0,599.87,Online,Public,No,Clear
TN002508,2025-03-15,13:50:00,Monument,3,187.4,95.88,101.15,759.23,Sales/Events,Group,No,Clear
TN002509,2025-08-31,08:40:00,Monument,4,163.7,140.29,0.0,795.09,Online,Public,No,Clear
TN002510,2025-10-27,06:30:00,Pinnacle,4,203.88,123.59,0.0,939.11,Walk-up,Member,No,Cloudy
TN002511,2025-12-14,12:50:00,Pinnacle,4,241.48,136.85,181.35,1284.12,Online,Public,No,Clear
TN002512,2025-12-27,12:00:00,Monument,3,232.51,100.39,114.71,912.63,Concierge,ResortGuest,No,Clear
TN002513,2025-12-01,08:50:00,Pinnacle,4,318.64,134.68,0.0,1409.24,Online,Public,No,Clear
TN002514,2025-10-05,08:00:00,Pinnacle,2,234.08,69.04,0.0,537.2,Online,Public,No,Clear
TN002515,2025-05-14,13:00:00,Pinnacle,4,100.92,133.99,0.0,537.67,Phone,ResortGuest,No,Clear
TN002516,2025-03-01,09:00:00,Monument,3,240.41,95.21,0.0,816.44,Phone,Member,No,Clear
TN002517,2025-12-20,08:00:00,Monument,4,284.22,139.09,132.3,1408.27,Phone,Public,No,Cloudy
TN002518,2025-02-08,07:50:00,Monument,3,273.27,99.68,0.0,0.0,Walk-up,Public,Yes,Clear
TN002519,2025-11-08,11:50:00,Monument,4,209.16,129.6,136.22,1102.46,Online,Member,No,Rain
TN002520,2025-02-26,08:20:00,Pinnacle,4,333.69,131.55,0.0,1466.31,Walk-up,Public,No,Clear
TN002521,2025-12-20,06:50:00,Pinnacle,4,306.78,140.48,0.0,0.0,Phone,Public,Yes,Rain
TN002522,2025-01-14,07:00:00,Monument,4,249.31,120.69,106.73,1224.66,Sales/Events,Group,No,Clear
TN002523,2025-10-11,15:40:00,Pinnacle,2,136.75,59.07,0.0,332.57,Online,ResortGuest,No,Clear
TN002524,2025-12-21,12:20:00,Monument,4,215.86,133.47,0.0,996.91,Online,Public,No,Clear
TN002525,2025-10-06,10:30:00,Pinnacle,3,173.43,95.69,191.05,807.03,Phone,Member,No,Windy
TN002526,2025-06-27,11:50:00,Pinnacle,4,111.43,122.82,195.79,764.33,Sales/Events,Group,No,Cloudy
TN002527,2025-06-08,07:30:00,Pinnacle,3,176.49,105.21,0.0,634.68,Online,Public,No,Clear
TN002528,2025-01-17,08:00:00,Pinnacle,4,324.46,136.81,0.0,1434.65,Walk-up,Public,No,Cloudy
TN002529,2025-02-08,08:00:00,Pinnacle,3,250.53,95.74,177.47,1024.8,Sales/Events,Group,No,Clear
TN002530,2025-01-15,09:30:00,Pinnacle,4,256.29,140.52,0.0,1165.68,Online,ResortGuest,No,Clear
TN002531,2025-06-14,08:10:00,Pinnacle,3,166.46,99.92,0.0,599.3,Online,Public,No,Clear
TN002532,2025-02-15,06:30:00,Pinnacle,3,311.1,101.81,0.0,1035.11,Online,Public,No,Clear
TN002533,2025-02-08,08:50:00,Pinnacle,4,246.26,122.07,0.0,1107.11,Online,Member,No,Clear
TN002534,2025-01-09,08:40:00,Monument,3,290.27,100.61,166.15,1137.57,Phone,Public,No,Clear
TN002535,2025-03-24,15:20:00,Monument,4,175.38,125.42,0.0,826.94,Online,ResortGuest,No,Clear
TN002536,2025-02-22,08:10:00,Pinnacle,3,300.67,103.04,0.0,1005.05,Online,Public,No,Clear
TN002537,2025-04-01,09:10:00,Monument,2,163.7,62.38,0.0,389.78,Walk-up,Member,No,Clear
TN002538,2025-03-01,09:00:00,Monument,3,229.94,95.9,209.32,995.04,Phone,Group,No,Cloudy
TN002539,2025-12-07,09:30:00,Pinnacle,2,273.0,69.55,33.59,649.14,Online,Public,No,Clear
TN002540,2025-03-22,10:20:00,Pinnacle,4,280.7,134.08,0.0,0.0,Online,Public,Yes,Cloudy
TN002541,2025-02-25,12:00:00,Pinnacle,3,279.76,104.33,0.0,943.61,Online,Public,No,Clear
TN002542,2025-01-20,07:50:00,Monument,4,320.91,131.74,0.0,1415.38,Online,Public,No,Clear
TN002543,2025-10-19,11:50:00,Pinnacle,2,200.21,65.96,0.0,466.38,Concierge,ResortGuest,No,Windy
TN002544,2025-02-15,07:40:00,Monument,4,238.42,122.82,74.24,1150.74,Phone,Group,No,Cloudy
TN002545,2025-11-13,12:40:00,Pinnacle,3,245.09,100.32,86.37,921.96,Online,Public,No,Clear
TN002546,2025-12-26,06:40:00,Pinnacle,4,236.41,125.95,0.0,1071.59,Online,Member,No,Clear
TN002547,2025-01-03,07:10:00,Monument,3,227.72,91.7,0.0,774.86,Online,Member,No,Cloudy
TN002548,2025-12-20,07:30:00,Monument,3,304.9,101.94,0.0,1016.64,Online,Public,No,Clear
TN002549,2025-03-23,09:50:00,Monument,3,196.67,92.34,95.87,778.22,Online,Group,No,Rain
TN002550,2025-08-10,11:30:00,Pinnacle,3,103.94,91.7,0.0,403.52,Walk-up,Member,No,Clear
TN002551,2025-07-12,08:00:00,Monument,2,155.77,69.15,53.16,433.85,Online,Public,No,Clear
TN002552,2025-02-06,07:30:00,Pinnacle,3,332.11,105.42,0.0,1101.75,Online,Public,No,Cloudy
TN002553,2025-11-02,12:10:00,Monument,3,181.09,98.8,159.36,801.43,Phone,ResortGuest,No,Clear
TN002554,2025-02-04,07:30:00,Monument,3,254.15,103.41,0.0,865.86,Online,ResortGuest,No,Clear
TN002555,2025-12-21,12:00:00,Pinnacle,3,249.38,98.28,0.0,0.0,Online,Public,Yes,Clear
TN002556,2025-12-06,11:20:00,Pinnacle,3,282.18,100.16,135.69,1082.39,Online,Public,No,Clear
TN002557,2025-10-26,09:00:00,Monument,3,219.47,101.55,174.8,934.76,Online,ResortGuest,No,Clear
TN002558,2025-02-10,09:40:00,Monument,3,226.48,93.12,47.68,820.24,Sales/Events,Group,No,Windy
TN002559,2025-03-22,10:20:00,Monument,3,214.59,95.64,0.0,739.41,Online,Member,No,Clear
TN002560,2025-01-04,07:50:00,Pinnacle,3,260.89,92.36,128.73,1003.76,Online,Member,No,Cloudy
TN002561,2025-01-22,06:30:00,Pinnacle,4,271.44,129.89,0.0,1215.65,Phone,Group,No,Clear
TN002562,2025-11-11,13:30:00,Monument,4,187.74,136.92,67.83,955.71,Online,ResortGuest,No,Clear
TN002563,2025-08-17,08:50:00,Pinnacle,4,124.4,126.22,0.0,623.82,Phone,Member,No,Clear
TN002564,2025-11-09,06:40:00,Pinnacle,4,246.68,123.95,114.43,1225.1,Online,Member,No,Clear
TN002565,2025-12-18,08:50:00,Pinnacle,4,328.85,139.65,0.0,1455.05,Walk-up,Public,No,Clear
TN002566,2025-12-04,11:30:00,Pinnacle,3,229.54,96.28,0.0,784.9,Phone,Group,No,Clear
TN002567,2025-01-01,07:20:00,Pinnacle,2,286.6,70.15,77.12,720.47,Concierge,ResortGuest,No,Cloudy
TN002568,2025-06-13,13:30:00,Pinnacle,4,112.61,135.16,0.0,585.6,Phone,ResortGuest,No,Clear
TN002569,2025-09-28,09:50:00,Pinnacle,3,126.4,98.35,149.08,626.63,Concierge,ResortGuest,No,Clear
TN002570,2025-03-15,09:30:00,Pinnacle,4,248.8,131.79,0.0,1126.99,Online,Public,No,Clear
TN002571,2025-12-20,11:40:00,Monument,4,212.57,140.63,216.81,1207.72,Concierge,ResortGuest,No,Clear
TN002572,2025-10-12,07:40:00,Monument,3,176.45,90.81,81.84,702.0,Online,Member,No,Clear
TN002573,2025-05-10,09:10:00,Monument,3,107.48,95.31,153.31,571.06,Phone,Member,No,Cloudy
TN002574,2025-09-27,10:10:00,Monument,3,146.48,101.69,142.3,683.43,Online,Public,No,Cloudy
TN002575,2025-02-12,07:50:00,Monument,3,274.55,102.87,0.0,926.52,Phone,Public,No,Clear
TN002576,2025-04-26,07:20:00,Monument,3,222.36,98.6,129.12,894.8,Online,Public,No,Clear
TN002577,2025-12-29,08:40:00,Monument,3,224.88,96.22,96.71,867.57,Online,Member,No,Clear
TN002578,2025-11-06,09:00:00,Pinnacle,3,294.39,100.46,98.85,1082.48,Phone,ResortGuest,No,Cloudy
TN002579,2025-11-07,07:20:00,Monument,3,315.6,103.41,0.0,1050.21,Online,Public,No,Clear
TN002580,2025-02-13,08:40:00,Monument,2,246.15,61.5,0.0,553.8,Phone,Member,No,Cloudy
TN002581,2025-02-11,11:30:00,Monument,3,272.73,99.12,0.0,917.31,Online,Public,No,Clear
TN002582,2025-10-20,08:10:00,Pinnacle,2,236.66,70.04,0.0,543.36,Online,Public,No,Cloudy
TN002583,2025-12-27,11:30:00,Monument,4,204.69,128.74,0.0,947.5,Phone,Member,No,Clear
TN002584,2025-11-17,07:30:00,Pinnacle,4,286.57,137.4,61.82,1345.5,Concierge,ResortGuest,No,Clear
TN002585,2025-07-06,07:50:00,Pinnacle,2,165.73,66.8,104.47,502.73,Online,Public,No,Windy
TN002586,2025-07-06,09:00:00,Pinnacle,2,174.89,68.55,137.1,555.43,Walk-up,Public,No,Windy
TN002587,2025-07-30,12:00:00,Monument,3,112.05,91.78,0.0,427.93,Phone,Member,No,Clear
TN002588,2025-02-05,09:50:00,Pinnacle,4,224.57,129.19,0.0,1027.47,Online,Member,No,Cloudy
TN002589,2025-12-30,09:10:00,Monument,4,197.88,127.74,232.34,1151.6,Online,Member,No,Clear
TN002590,2025-11-02,12:00:00,Pinnacle,3,277.53,102.13,0.0,934.72,Online,Public,No,Cloudy
TN002591,2025-03-30,07:50:00,Monument,3,300.69,101.79,117.23,1121.09,Online,Public,No,Clear
TN002592,2025-10-22,13:00:00,Monument,4,172.29,134.59,0.0,823.75,Online,Public,No,Clear
TN002593,2025-08-03,13:30:00,Pinnacle,3,104.86,105.38,0.0,419.96,Online,ResortGuest,No,Cloudy
TN002594,2025-11-19,11:20:00,Pinnacle,3,220.44,102.26,0.0,763.58,Phone,ResortGuest,No,Clear
TN002595,2025-11-30,07:10:00,Monument,4,251.33,134.01,168.56,1307.89,Phone,ResortGuest,No,Clear
TN002596,2025-03-16,07:40:00,Monument,2,295.97,66.68,47.29,705.91,Walk-up,Public,No,Clear
TN002597,2025-02-08,07:50:00,Pinnacle,3,294.14,103.69,144.39,1130.5,Phone,ResortGuest,No,Clear
TN002598,2025-09-14,12:50:00,Pinnacle,4,105.98,138.02,0.0,561.94,Phone,ResortGuest,No,Cloudy
TN002599,2025-11-09,08:10:00,Monument,2,322.15,68.07,78.78,791.15,Online,Public,No,Clear
TN002600,2025-05-20,07:00:00,Monument,3,156.57,98.61,103.46,671.78,Walk-up,Public,No,Clear
TN002601,2025-11-23,07:40:00,Pinnacle,3,312.37,102.39,105.81,1145.31,Online,Public,No,Clear
TN002602,2025-03-01,07:30:00,Pinnacle,4,233.19,129.0,0.0,1061.76,Walk-up,Member,No,Clear
TN002603,2025-11-21,07:40:00,Monument,2,302.07,70.12,0.0,674.26,Online,Public,No,Clear
TN002604,2025-09-28,08:00:00,Pinnacle,4,176.81,131.83,0.0,839.07,Walk-up,Public,No,Windy
TN002605,2025-01-23,08:30:00,Pinnacle,3,260.46,93.42,0.0,874.8,Online,Member,No,Rain
TN002606,2025-04-13,13:30:00,Pinnacle,4,174.63,133.93,0.0,832.45,Online,Public,No,Clear
TN002607,2025-01-12,08:20:00,Monument,3,319.98,98.33,0.0,1058.27,Online,Public,No,Clear
TN002608,2025-01-16,07:20:00,Pinnacle,3,301.72,101.77,186.08,1193.01,Online,Public,No,Clear
TN002609,2025-12-07,06:30:00,Monument,4,235.23,126.13,0.0,1067.05,Sales/Events,Group,No,Clear
TN002610,2025-03-01,07:30:00,Monument,2,282.06,68.72,70.96,703.8,Online,Public,No,Cloudy
TN002611,2025-02-09,08:50:00,Pinnacle,3,288.36,100.08,0.0,965.16,Online,Public,No,Clear
TN002612,2025-08-17,12:30:00,Monument,3,93.25,93.3,109.0,482.05,Walk-up,Member,No,Rain
TN002613,2025-01-23,07:20:00,Monument,3,301.04,98.5,0.0,1001.62,Online,Public,No,Windy
TN002614,2025-04-26,08:40:00,Pinnacle,3,186.16,95.11,159.51,813.1,Sales/Events,Group,No,Clear
TN002615,2025-03-05,12:50:00,Monument,3,222.5,103.14,54.65,825.29,Phone,Public,No,Clear
TN002616,2025-11-01,06:30:00,Monument,3,249.62,100.41,59.81,909.08,Concierge,ResortGuest,No,Clear
TN002617,2025-12-15,08:20:00,Monument,3,284.0,102.01,134.33,1088.34,Concierge,ResortGuest,No,Clear
TN002618,2025-06-01,06:40:00,Pinnacle,4,162.4,139.83,0.0,789.43,Walk-up,Public,No,Clear
TN002619,2025-12-22,08:20:00,Pinnacle,4,241.6,124.11,0.0,1090.51,Walk-up,Member,No,Rain
TN002620,2025-11-02,14:20:00,Pinnacle,3,209.89,93.51,164.79,887.97,Online,Public,No,Clear
TN002621,2025-06-01,09:30:00,Pinnacle,3,148.45,103.12,164.06,712.53,Online,Public,No,Clear
TN002622,2025-12-24,08:00:00,Monument,3,306.26,104.94,168.92,1192.64,Online,Public,No,Clear
TN002623,2025-08-09,06:30:00,Pinnacle,3,150.91,103.73,0.0,556.46,Online,ResortGuest,No,Clear
TN002624,2025-09-28,10:20:00,Monument,4,112.67,135.58,214.24,800.5,Concierge,ResortGuest,No,Cloudy
TN002625,2025-07-12,08:50:00,Pinnacle,3,123.75,90.35,0.0,461.6,Walk-up,Member,No,Rain
TN002626,2025-11-16,07:30:00,Monument,4,276.18,136.01,66.17,1306.9,Online,Public,No,Clear
TN002627,2025-08-17,11:40:00,Monument,2,126.32,67.55,74.84,395.03,Online,Public,No,Clear
TN002628,2025-07-11,14:30:00,Monument,3,92.47,94.17,126.29,497.87,Phone,ResortGuest,No,Clear
TN002629,2025-11-16,07:20:00,Pinnacle,2,288.14,69.35,0.0,645.63,Online,Public,No,Windy
TN002630,2025-11-23,07:40:00,Pinnacle,2,323.94,70.04,70.01,787.93,Online,Public,No,Clear
TN002631,2025-01-17,08:30:00,Monument,3,271.48,102.66,0.0,917.1,Online,ResortGuest,No,Clear
TN002632,2025-11-14,07:00:00,Pinnacle,4,227.96,125.3,114.56,1151.7,Online,Member,No,Clear
TN002633,2025-01-19,06:40:00,Monument,1,298.54,40.0,0.0,338.54,Phone,Public,No,Clear
TN002634,2025-11-14,10:30:00,Pinnacle,3,267.86,103.24,0.0,906.82,Walk-up,Public,No,Clear
TN002635,2025-08-03,11:10:00,Monument,4,138.33,133.26,193.93,880.51,Online,Public,No,Clear
TN002636,2025-03-26,07:40:00,Pinnacle,2,269.8,66.51,107.5,713.61,Online,ResortGuest,No,Windy
TN002637,2025-09-27,07:30:00,Pinnacle,3,179.95,99.72,132.94,772.51,Walk-up,Public,No,Clear
TN002638,2025-02-23,06:40:00,Pinnacle,4,304.42,130.7,0.0,1348.38,Online,Public,No,Clear
TN002639,2025-01-19,12:30:00,Pinnacle,4,176.84,127.02,244.69,1079.07,Online,Member,No,Clear
TN002640,2025-07-19,11:30:00,Pinnacle,3,118.36,95.03,72.28,522.39,Online,Member,No,Rain
TN002641,2025-05-18,12:00:00,Monument,3,143.05,98.32,145.83,673.3,Online,Public,No,Windy
TN002642,2025-07-03,08:10:00,Monument,4,162.7,133.09,0.0,783.89,Phone,Public,No,Windy
TN002643,2025-05-10,12:00:00,Monument,4,116.76,128.74,197.94,793.72,Sales/Events,Group,No,Clear
TN002644,2025-09-28,11:00:00,Pinnacle,2,139.49,69.28,73.67,421.93,Online,Public,No,Rain
TN002645,2025-04-27,09:10:00,Monument,3,169.72,95.64,156.61,761.41,Walk-up,Member,No,Clear
TN002646,2025-12-27,07:00:00,Pinnacle,4,227.72,120.84,0.0,1031.72,Online,Member,No,Cloudy
TN002647,2025-02-25,08:00:00,Pinnacle,3,314.07,105.99,59.47,1107.67,Online,Public,No,Cloudy
TN002648,2025-09-14,12:50:00,Pinnacle,4,104.11,131.0,0.0,547.44,Phone,ResortGuest,No,Windy
TN002649,2025-03-13,13:10:00,Monument,3,209.2,101.86,50.6,780.06,Phone,ResortGuest,No,Windy
TN002650,2025-11-03,08:10:00,Monument,3,296.5,104.52,0.0,994.02,Online,Public,No,Clear
TN002651,2025-03-09,07:10:00,Pinnacle,3,295.4,99.45,89.15,1074.8,Online,Public,No,Windy
TN002652,2025-08-16,06:40:00,Pinnacle,3,172.21,98.9,0.0,615.53,Phone,Public,No,Clear
TN002653,2025-12-14,10:10:00,Monument,4,238.68,141.22,175.44,1271.38,Phone,ResortGuest,No,Clear
TN002654,2025-10-25,10:30:00,Monument,4,170.0,129.03,112.95,921.98,Phone,Group,No,Clear
TN002655,2025-12-28,08:50:00,Pinnacle,3,321.13,99.3,0.0,1062.69,Online,Public,No,Clear
TN002656,2025-11-03,11:20:00,Monument,4,255.75,135.51,206.84,1365.35,Online,Public,No,Cloudy
TN002657,2025-08-10,13:50:00,Monument,4,91.43,124.21,0.0,489.93,Online,Member,No,Cloudy
TN002658,2025-04-26,13:50:00,Pinnacle,3,146.61,95.24,127.1,662.17,Online,Member,No,Cloudy
TN002659,2025-04-27,14:00:00,Monument,4,165.4,140.23,197.38,999.21,Online,Public,No,Cloudy
TN002660,2025-02-15,11:10:00,Pinnacle,3,273.28,103.89,81.45,1005.18,Online,Public,No,Clear
TN002661,2025-03-22,07:40:00,Monument,4,223.95,120.18,0.0,1015.98,Online,Member,No,Clear
TN002662,2025-12-26,07:00:00,Monument,2,296.08,68.66,81.34,742.16,Online,Public,No,Clear
TN002663,2025-10-04,12:00:00,Pinnacle,3,177.81,94.78,61.29,689.5,Online,Member,No,Clear
TN002664,2025-03-31,08:30:00,Monument,3,259.75,96.47,70.54,946.26,Phone,Group,No,Clear
TN002665,2025-01-08,14:30:00,Monument,3,181.0,92.81,88.56,724.37,Online,Public,No,Clear
TN002666,2025-11-22,11:40:00,Monument,2,240.07,67.07,71.94,619.15,Concierge,ResortGuest,No,Clear
TN002667,2025-10-11,08:40:00,Monument,3,218.98,104.25,92.56,853.75,Online,Public,No,Clear
TN002668,2025-02-26,06:50:00,Pinnacle,3,232.23,93.16,118.63,908.48,Online,Member,No,Clear
TN002669,2025-11-13,07:00:00,Monument,2,241.65,63.86,0.0,547.16,Online,Member,No,Cloudy
TN002670,2025-12-06,08:20:00,Monument,3,282.47,105.72,0.0,953.13,Online,Public,No,Cloudy
TN002671,2025-02-22,08:40:00,Monument,3,280.21,98.72,0.0,939.35,Phone,Public,No,Windy
TN002672,2025-10-08,11:40:00,Pinnacle,3,171.78,96.73,0.0,612.07,Phone,Member,No,Clear
TN002673,2025-02-06,13:10:00,Monument,4,226.3,140.47,0.0,0.0,Walk-up,Public,Yes,Clear
TN002674,2025-03-01,11:40:00,Pinnacle,2,264.64,69.3,0.0,598.58,Online,Public,No,Windy
TN002675,2025-02-18,08:50:00,Pinnacle,4,240.22,126.29,0.0,1087.17,Online,Member,No,Cloudy
TN002676,2025-10-26,08:40:00,Pinnacle,4,205.03,138.76,0.0,958.88,Phone,ResortGuest,No,Clear
TN002677,2025-09-20,15:10:00,Pinnacle,4,102.97,126.06,0.0,537.94,Online,Public,No,Clear
TN002678,2025-10-19,12:40:00,Monument,4,148.4,138.57,211.95,944.12,Online,ResortGuest,No,Cloudy
TN002679,2025-03-19,06:50:00,Pinnacle,3,258.75,91.74,0.0,867.99,Phone,Member,No,Cloudy
TN002680,2025-06-18,08:10:00,Monument,1,127.97,40.0,0.0,167.97,Online,ResortGuest,No,Clear
TN002681,2025-09-28,13:10:00,Pinnacle,3,108.54,100.64,0.0,426.26,Phone,ResortGuest,No,Clear
TN002682,2025-01-19,11:10:00,Monument,3,262.06,104.7,0.0,890.88,Online,Public,No,Clear
TN002683,2025-07-27,10:30:00,Monument,4,98.43,128.44,0.0,522.16,Walk-up,Member,No,Cloudy
TN002684,2025-11-25,12:00:00,Pinnacle,4,220.33,132.65,0.0,1013.97,Concierge,ResortGuest,No,Cloudy
TN002685,2025-05-31,09:50:00,Pinnacle,3,135.33,103.39,0.0,509.38,Phone,Public,No,Clear
TN002686,2025-12-01,11:00:00,Monument,4,248.2,135.43,0.0,0.0,Online,Public,Yes,Clear
TN002687,2025-09-29,10:00:00,Pinnacle,4,124.15,138.03,0.0,634.63,Concierge,ResortGuest,No,Clear
TN002688,2025-07-06,15:20:00,Monument,3,95.34,94.03,0.0,0.0,Walk-up,Public,Yes,Rain
TN002689,2025-01-24,08:50:00,Monument,4,239.83,123.86,161.21,1244.39,Sales/Events,Group,No,Cloudy
TN002690,2025-04-20,10:00:00,Pinnacle,4,219.91,139.39,0.0,1019.03,Online,Public,No,Clear
TN002691,2025-01-25,12:20:00,Pinnacle,3,230.5,100.32,55.17,846.99,Phone,Public,No,Clear
TN002692,2025-02-16,09:10:00,Pinnacle,4,241.36,134.64,0.0,1100.08,Concierge,ResortGuest,No,Clear
TN002693,2025-03-22,08:20:00,Monument,3,267.25,105.1,174.12,1080.97,Concierge,ResortGuest,No,Clear
TN002694,2025-03-20,10:10:00,Pinnacle,4,209.93,121.66,0.0,961.38,Sales/Events,Group,No,Clear
TN002695,2025-03-12,08:30:00,Monument,3,316.7,102.67,75.59,1128.36,Phone,Public,No,Clear
TN002696,2025-05-24,08:10:00,Pinnacle,2,158.86,70.15,0.0,387.87,Phone,Public,No,Clear
TN002697,2025-07-28,10:40:00,Pinnacle,3,130.01,103.98,0.0,494.01,Online,ResortGuest,No,Clear
TN002698,2025-01-05,09:20:00,Monument,3,208.23,93.21,0.0,717.9,Online,Member,No,Clear
TN002699,2025-11-24,12:00:00,Pinnacle,4,228.96,126.53,98.42,1140.79,Online,Group,No,Cloudy
TN002700,2025-01-12,08:50:00,Pinnacle,4,322.62,131.84,0.0,1422.32,Walk-up,Public,No,Cloudy
TN002701,2025-02-23,08:00:00,Pinnacle,2,329.78,65.41,62.43,787.4,Online,Public,No,Cloudy
TN002702,2025-07-11,11:20:00,Pinnacle,4,116.51,136.63,155.53,758.2,Phone,ResortGuest,No,Cloudy
TN002703,2025-12-28,11:30:00,Monument,3,210.75,103.23,0.0,735.48,Concierge,ResortGuest,No,Clear
TN002704,2025-12-25,08:00:00,Pinnacle,3,291.21,98.61,123.49,1095.73,Concierge,ResortGuest,No,Cloudy
TN002705,2025-03-09,06:50:00,Pinnacle,4,284.64,133.27,0.0,1271.83,Phone,ResortGuest,No,Windy
TN002706,2025-11-20,12:40:00,Pinnacle,1,220.55,40.0,27.77,288.32,Online,Public,No,Clear
TN002707,2025-08-30,07:20:00,Pinnacle,3,142.14,99.25,0.0,525.67,Online,ResortGuest,No,Cloudy
TN002708,2025-03-08,06:40:00,Monument,3,275.32,104.95,0.0,930.91,Online,Public,No,Clear
TN002709,2025-07-12,09:00:00,Monument,4,150.36,139.14,225.28,965.86,Concierge,ResortGuest,No,Clear
TN002710,2025-07-07,11:40:00,Monument,4,130.42,134.42,0.0,0.0,Phone,Public,Yes,Windy
TN002711,2025-08-24,07:10:00,Pinnacle,3,139.06,96.27,138.18,651.63,Online,Member,No,Rain
TN002712,2025-07-29,13:10:00,Monument,2,115.23,65.49,85.01,380.96,Walk-up,Public,No,Clear
TN002713,2025-03-19,12:00:00,Pinnacle,4,203.35,121.19,0.0,934.59,Phone,Group,No,Clear
TN002714,2025-08-23,08:20:00,Pinnacle,3,154.69,101.38,207.9,773.35,Online,Public,No,Clear
TN002715,2025-03-15,06:30:00,Pinnacle,4,334.93,131.08,0.0,1470.8,Online,Public,No,Clear
TN002716,2025-05-12,07:20:00,Pinnacle,3,132.55,92.97,0.0,490.62,Walk-up,Member,No,Clear
TN002717,2025-11-01,07:00:00,Monument,4,306.93,135.32,0.0,0.0,Online,Public,Yes,Windy
TN002718,2025-11-29,10:00:00,Monument,4,220.94,128.85,0.0,1012.61,Sales/Events,Group,No,Cloudy
TN002719,2025-12-13,06:50:00,Monument,3,283.21,104.14,93.67,1047.44,Online,Public,No,Clear
TN002720,2025-03-24,14:50:00,Monument,3,150.82,87.13,158.12,697.71,Phone,Member,No,Clear
TN002721,2025-04-06,10:50:00,Pinnacle,3,160.32,93.24,0.0,574.2,Phone,Member,No,Clear
TN002722,2025-06-28,10:50:00,Pinnacle,2,119.65,61.18,103.1,403.58,Online,Member,No,Windy
TN002723,2025-03-23,07:50:00,Pinnacle,3,288.29,104.12,62.36,1031.35,Walk-up,Public,No,Clear
TN002724,2025-05-11,08:40:00,Pinnacle,3,177.43,100.64,136.61,769.54,Online,Public,No,Clear
TN002725,2025-05-24,11:20:00,Pinnacle,4,142.34,133.58,182.3,885.24,Online,Public,No,Clear
TN002726,2025-12-29,08:50:00,Monument,3,280.66,99.86,0.0,941.84,Online,Public,No,Rain
TN002727,2025-07-12,14:00:00,Pinnacle,4,112.48,130.76,125.13,705.81,Online,Public,No,Rain
TN002728,2025-02-23,07:40:00,Monument,3,291.62,98.87,0.0,973.73,Online,Public,No,Clear
TN002729,2025-01-11,08:20:00,Monument,3,235.46,94.39,0.0,800.77,Online,Member,No,Clear
TN002730,2025-08-09,12:30:00,Pinnacle,3,114.81,104.77,0.0,0.0,Online,Public,Yes,Clear
TN002731,2025-03-04,07:10:00,Pinnacle,1,333.09,40.0,26.81,399.9,Online,Public,No,Clear
TN002732,2025-11-24,11:30:00,Monument,2,197.79,63.58,109.42,568.58,Online,Member,No,Clear
TN002733,2025-05-24,07:20:00,Pinnacle,2,168.72,67.07,0.0,0.0,Phone,Public,Yes,Clear
TN002734,2025-03-30,07:10:00,Monument,4,292.58,137.57,229.67,1537.56,Online,Public,No,Clear
TN002735,2025-03-02,08:30:00,Monument,3,302.7,101.64,0.0,1009.74,Online,Public,No,Clear
TN002736,2025-03-30,12:30:00,Monument,3,236.46,98.61,166.86,974.85,Online,Public,No,Clear
TN002737,2025-12-24,06:40:00,Monument,4,313.48,136.56,0.0,1390.48,Online,Public,No,Clear
TN002738,2025-03-16,12:10:00,Monument,4,213.17,133.87,0.0,986.55,Online,Public,No,Clear
TN002739,2025-02-03,09:50:00,Pinnacle,3,220.82,105.11,0.0,767.57,Concierge,ResortGuest,No,Clear
TN002740,2025-08-31,12:20:00,Monument,4,94.1,123.34,196.2,695.94,Phone,Member,No,Clear
TN002741,2025-11-30,07:00:00,Monument,4,287.1,140.53,0.0,1288.93,Online,Public,No,Clear
TN002742,2025-12-15,09:10:00,Pinnacle,4,248.98,135.34,0.0,1131.26,Online,Public,No,Windy
TN002743,2025-09-28,09:50:00,Pinnacle,4,137.86,138.38,0.0,689.82,Online,Public,No,Cloudy
TN002744,2025-09-27,08:40:00,Monument,4,137.64,124.42,202.67,877.65,Phone,Group,No,Rain
TN002745,2025-11-22,10:50:00,Pinnacle,4,214.81,124.41,0.0,983.65,Walk-up,Member,No,Cloudy
TN002746,2025-01-29,08:30:00,Pinnacle,1,321.49,40.0,36.25,397.74,Online,Public,No,Clear
TN002747,2025-03-09,08:50:00,Pinnacle,3,290.47,100.31,0.0,0.0,Online,Public,Yes,Clear
TN002748,2025-05-03,08:50:00,Monument,3,129.25,91.82,0.0,479.57,Phone,Member,No,Clear
TN002749,2025-01-31,15:30:00,Pinnacle,3,199.18,93.08,0.0,690.62,Phone,Public,No,Clear
TN002750,2025-12-28,06:30:00,Monument,3,288.33,102.54,147.91,1115.44,Online,Public,No,Clear
TN002751,2025-01-01,08:50:00,Pinnacle,4,263.25,135.31,0.0,1188.31,Concierge,ResortGuest,No,Clear
TN002752,2025-10-08,10:30:00,Pinnacle,3,176.03,92.48,62.72,683.29,Sales/Events,Group,No,Windy
TN002753,2025-03-10,07:30:00,Monument,3,245.51,96.85,84.81,918.19,Phone,Member,No,Clear
TN002754,2025-11-27,08:40:00,Monument,2,308.15,69.94,76.84,763.08,Online,Public,No,Clear
TN002755,2025-03-05,07:40:00,Pinnacle,4,223.92,122.61,0.0,1018.29,Online,Member,No,Cloudy
TN002756,2025-01-25,08:00:00,Monument,4,229.24,127.08,60.01,1104.05,Walk-up,Member,No,Clear
TN002757,2025-12-18,13:00:00,Monument,4,180.08,122.37,0.0,842.69,Phone,Group,No,Cloudy
TN002758,2025-12-23,06:30:00,Pinnacle,3,224.64,92.42,178.11,944.45,Online,Member,No,Clear
TN002759,2025-05-04,10:00:00,Pinnacle,3,121.51,98.18,150.73,613.44,Phone,ResortGuest,No,Clear
TN002760,2025-10-05,09:40:00,Monument,3,164.51,91.93,91.37,676.83,Online,Member,No,Clear
TN002761,2025-11-09,07:20:00,Pinnacle,4,317.83,141.15,0.0,0.0,Phone,Public,Yes,Clear
TN002762,2025-03-08,07:50:00,Monument,4,307.59,130.95,0.0,1361.31,Walk-up,Public,No,Clear
TN002763,2025-06-01,12:20:00,Pinnacle,3,95.63,94.2,0.0,381.09,Walk-up,Member,No,Cloudy
TN002764,2025-03-06,08:40:00,Pinnacle,3,301.41,100.59,79.14,1083.96,Walk-up,Public,No,Clear
TN002765,2025-02-07,07:30:00,Pinnacle,3,224.81,94.15,0.0,768.58,Walk-up,Member,No,Clear
TN002766,2025-01-06,07:30:00,Pinnacle,4,264.79,124.04,173.01,1356.21,Sales/Events,Group,No,Clear
TN002767,2025-12-21,07:20:00,Monument,4,227.2,124.46,137.39,1170.65,Online,Member,No,Clear
TN002768,2025-08-03,13:30:00,Pinnacle,3,117.08,99.21,85.54,535.99,Online,Public,No,Cloudy
TN002769,2025-02-22,07:30:00,Monument,4,315.29,139.84,220.53,1621.53,Walk-up,Public,No,Clear
TN002770,2025-03-22,08:50:00,Monument,2,302.7,68.08,0.0,673.48,Online,Public,No,Clear
TN002771,2025-02-24,08:10:00,Pinnacle,3,269.39,101.24,136.54,1045.95,Concierge,ResortGuest,No,Cloudy
TN002772,2025-06-21,07:50:00,Monument,4,145.48,139.72,0.0,721.64,Walk-up,Public,No,Clear
TN002773,2025-04-26,12:20:00,Monument,3,166.35,99.89,0.0,598.94,Phone,Public,No,Clear
TN002774,2025-01-19,10:00:00,Pinnacle,4,223.81,120.63,0.0,1015.87,Sales/Events,Group,No,Cloudy
TN002775,2025-03-15,10:30:00,Monument,4,184.55,123.27,0.0,861.47,Online,Member,No,Windy
TN002776,2025-03-08,07:00:00,Pinnacle,4,261.84,137.14,212.05,1396.55,Phone,ResortGuest,No,Clear
TN002777,2025-02-04,08:10:00,Pinnacle,3,293.99,100.62,90.27,1072.86,Online,Public,No,Clear
TN002778,2025-03-30,10:10:00,Pinnacle,3,248.81,101.24,54.89,902.56,Online,Public,No,Clear
TN002779,2025-03-23,10:40:00,Monument,4,196.49,123.61,0.0,909.57,Online,Member,No,Cloudy
TN002780,2025-03-15,12:30:00,Pinnacle,4,188.26,137.62,0.0,890.66,Phone,ResortGuest,No,Cloudy
TN002781,2025-12-13,11:50:00,Monument,2,203.83,64.36,107.37,579.39,Walk-up,Member,No,Clear
TN002782,2025-06-11,09:30:00,Monument,3,118.38,105.53,85.57,546.24,Phone,ResortGuest,No,Cloudy
TN002783,2025-09-27,08:50:00,Monument,4,129.89,125.94,162.92,808.42,Walk-up,Member,No,Rain
TN002784,2025-08-17,08:10:00,Monument,3,159.19,101.17,0.0,578.74,Online,Public,No,Clear
TN002785,2025-02-23,08:40:00,Pinnacle,3,337.79,101.22,148.96,1263.55,Online,Public,No,Clear
TN002786,2025-01-03,09:20:00,Pinnacle,3,249.76,103.65,0.0,852.93,Online,ResortGuest,No,Cloudy
TN002787,2025-11-09,11:50:00,Pinnacle,3,257.15,105.96,0.0,877.41,Online,Public,No,Windy
TN002788,2025-07-26,13:50:00,Monument,3,118.86,102.08,70.43,529.09,Online,Public,No,Clear
TN002789,2025-01-12,12:20:00,Pinnacle,3,241.54,105.22,0.0,829.84,Online,Public,No,Clear
TN002790,2025-12-17,14:20:00,Pinnacle,3,208.78,89.28,101.79,817.41,Walk-up,Public,No,Cloudy
TN002791,2025-11-26,09:20:00,Monument,4,265.81,134.09,0.0,1197.33,Online,Public,No,Clear
TN002792,2025-04-01,09:50:00,Monument,3,197.01,106.07,125.23,822.33,Phone,Public,No,Windy
TN002793,2025-11-24,08:10:00,Pinnacle,2,297.83,69.59,0.0,665.25,Online,Public,No,Windy
TN002794,2025-11-08,07:40:00,Pinnacle,3,295.44,105.2,141.57,1133.09,Phone,ResortGuest,No,Clear
TN002795,2025-11-20,07:50:00,Pinnacle,3,294.48,104.39,0.0,987.83,Phone,Public,No,Clear
TN002796,2025-12-13,06:40:00,Pinnacle,3,256.28,90.15,0.0,858.99,Online,Member,No,Clear
TN002797,2025-08-14,09:20:00,Pinnacle,4,113.54,121.24,77.59,652.99,Online,Member,No,Rain
TN002798,2025-12-20,08:10:00,Monument,3,274.82,101.74,46.77,972.97,Walk-up,Public,No,Clear
TN002799,2025-05-17,07:30:00,Pinnacle,2,171.94,66.08,0.0,409.96,Online,Public,No,Clear
TN002800,2025-03-22,08:20:00,Monument,3,240.12,96.51,65.03,881.9,Online,Member,No,Clear
TN002801,2025-09-01,11:10:00,Pinnacle,2,140.74,65.65,0.0,0.0,Online,Public,Yes,Clear
TN002802,2025-08-17,14:40:00,Monument,3,85.0,81.64,0.0,336.64,Online,Member,No,Clear
TN002803,2025-01-05,06:50:00,Pinnacle,1,336.63,40.0,0.0,376.63,Phone,Public,No,Clear
TN002804,2025-02-21,08:50:00,Pinnacle,4,248.58,128.92,0.0,1123.24,Online,Member,No,Clear
TN002805,2025-11-10,13:40:00,Monument,2,226.76,65.68,109.28,628.48,Walk-up,Public,No,Clear
TN002806,2025-03-19,14:00:00,Monument,3,233.11,105.36,0.0,0.0,Walk-up,Public,Yes,Clear
TN002807,2025-12-14,11:40:00,Pinnacle,3,264.62,103.12,73.1,970.08,Online,Public,No,Clear
TN002808,2025-07-20,14:40:00,Pinnacle,2,114.82,61.3,77.08,368.02,Walk-up,Public,No,Clear
TN002809,2025-05-24,09:00:00,Monument,3,171.26,100.07,110.42,724.27,Walk-up,Public,No,Clear
TN002810,2025-11-16,10:20:00,Monument,3,194.12,92.62,0.0,674.98,Online,Member,No,Clear
TN002811,2025-06-07,12:40:00,Monument,4,111.16,139.65,0.0,584.29,Online,Public,No,Clear
TN002812,2025-10-19,10:40:00,Monument,1,219.26,40.0,0.0,259.26,Online,Public,No,Clear
TN002813,2025-11-22,13:20:00,Monument,4,172.01,128.95,0.0,816.99,Sales/Events,Group,No,Clear
TN002814,2025-02-06,07:50:00,Monument,4,290.85,131.19,86.21,1380.8,Online,Public,No,Clear
TN002815,2025-07-06,09:00:00,Pinnacle,4,140.59,133.89,0.0,0.0,Online,ResortGuest,Yes,Windy
TN002816,2025-03-02,11:50:00,Pinnacle,3,292.49,104.27,0.0,981.74,Phone,Public,No,Clear
TN002817,2025-02-09,06:30:00,Pinnacle,2,330.07,69.93,0.0,730.07,Online,Public,No,Clear
TN002818,2025-12-01,07:20:00,Monument,4,281.57,137.01,117.35,1380.64,Online,Public,No,Windy
TN002819,2025-02-27,07:50:00,Pinnacle,2,230.0,60.92,0.0,520.92,Online,Member,No,Cloudy
TN002820,2025-07-17,12:30:00,Pinnacle,3,131.92,104.58,0.0,0.0,Online,Public,Yes,Clear
TN002821,2025-04-27,08:50:00,Pinnacle,3,254.92,98.05,0.0,862.81,Online,Public,No,Clear
TN002822,2025-02-02,09:10:00,Pinnacle,4,264.2,140.21,200.13,1397.14,Online,Public,No,Cloudy
TN002823,2025-06-01,13:40:00,Monument,3,108.54,103.24,67.72,496.58,Concierge,ResortGuest,No,Windy
TN002824,2025-03-27,07:10:00,Monument,4,245.3,121.31,155.44,1257.95,Sales/Events,Group,No,Clear
TN002825,2025-01-24,07:20:00,Pinnacle,3,333.5,100.29,0.0,1100.79,Walk-up,Public,No,Cloudy
TN002826,2025-05-18,13:10:00,Monument,3,98.04,101.74,59.02,454.88,Online,ResortGuest,No,Clear
TN002827,2025-06-14,15:40:00,Pinnacle,4,104.75,119.79,154.74,693.53,Walk-up,Public,No,Clear
TN002828,2025-11-17,07:30:00,Pinnacle,4,290.23,135.16,0.0,1296.08,Concierge,ResortGuest,No,Clear
TN002829,2025-03-11,13:40:00,Monument,4,233.75,139.0,0.0,1074.0,Walk-up,Public,No,Clear
TN002830,2025-02-18,11:50:00,Pinnacle,4,246.52,133.88,0.0,1119.96,Phone,ResortGuest,No,Clear
TN002831,2025-03-02,12:20:00,Pinnacle,3,240.87,105.68,0.0,0.0,Online,Public,Yes,Clear
TN002832,2025-09-29,13:10:00,Pinnacle,4,95.89,125.14,0.0,508.7,Online,Member,No,Cloudy
TN002833,2025-08-30,12:50:00,Monument,3,90.01,95.29,96.09,461.41,Online,Member,No,Windy
TN002834,2025-06-20,06:30:00,Pinnacle,3,139.93,93.34,0.0,513.13,Online,Member,No,Clear
TN002835,2025-11-03,06:30:00,Pinnacle,2,249.84,63.55,0.0,563.23,Phone,Member,No,Cloudy
TN002836,2025-12-28,08:30:00,Pinnacle,3,264.31,101.56,0.0,894.49,Phone,ResortGuest,No,Windy
TN002837,2025-01-12,09:00:00,Monument,2,300.44,69.13,0.0,670.01,Walk-up,Public,No,Clear
TN002838,2025-07-15,10:20:00,Pinnacle,4,118.44,134.28,0.0,608.04,Phone,ResortGuest,No,Cloudy
TN002839,2025-02-28,10:00:00,Pinnacle,3,209.9,93.01,0.0,722.71,Phone,Member,No,Clear
TN002840,2025-12-02,07:40:00,Pinnacle,4,253.08,125.16,0.0,0.0,Sales/Events,Group,Yes,Cloudy
TN002841,2025-02-16,06:40:00,Monument,3,322.49,103.28,0.0,1070.75,Online,Public,No,Clear
TN002842,2025-01-25,08:10:00,Monument,4,279.23,131.5,78.78,1327.2,Concierge,ResortGuest,No,Clear
TN002843,2025-01-16,12:20:00,Pinnacle,2,232.85,69.52,0.0,535.22,Online,Public,No,Clear
TN002844,2025-11-17,09:10:00,Pinnacle,3,193.46,93.42,0.0,673.8,Online,Member,No,Clear
TN002845,2025-07-26,11:50:00,Pinnacle,3,138.83,99.3,0.0,515.79,Online,Public,No,Cloudy
TN002846,2025-02-10,14:00:00,Pinnacle,3,228.0,102.98,58.66,845.64,Online,Public,No,Clear
TN002847,2025-01-21,08:10:00,Monument,3,304.15,99.03,177.22,1188.7,Phone,Public,No,Clear
TN002848,2025-06-01,14:40:00,Pinnacle,4,102.8,117.85,0.0,529.05,Phone,Public,No,Cloudy
TN002849,2025-07-13,06:30:00,Monument,3,157.94,99.24,0.0,573.06,Phone,Public,No,Windy
TN002850,2025-03-19,13:20:00,Monument,4,180.68,132.62,0.0,855.34,Phone,ResortGuest,No,Windy
TN002851,2025-05-03,12:20:00,Pinnacle,3,131.4,101.93,0.0,496.13,Online,Public,No,Clear
TN002852,2025-02-26,10:20:00,Pinnacle,3,289.36,103.95,0.0,972.03,Online,Public,No,Clear
TN002853,2025-01-26,09:10:00,Pinnacle,4,235.33,123.67,75.57,1140.56,Sales/Events,Group,No,Clear
TN002854,2025-12-11,07:50:00,Monument,4,274.79,136.2,0.0,1235.36,Walk-up,Public,No,Clear
TN002855,2025-08-24,08:10:00,Pinnacle,3,158.76,105.14,74.52,655.94,Walk-up,Public,No,Cloudy
TN002856,2025-05-03,10:30:00,Pinnacle,3,107.19,92.82,0.0,414.39,Online,Member,No,Clear
TN002857,2025-11-29,11:20:00,Pinnacle,4,237.96,136.87,152.66,1241.37,Phone,ResortGuest,No,Clear
TN002858,2025-06-15,10:10:00,Monument,3,129.64,101.87,147.75,638.54,Online,Public,No,Cloudy
TN002859,2025-03-01,07:10:00,Monument,3,291.75,103.17,135.82,1114.24,Walk-up,Public,No,Windy
TN002860,2025-03-16,09:30:00,Pinnacle,2,253.69,69.11,0.0,576.49,Walk-up,Public,No,Cloudy
TN002861,2025-11-14,07:40:00,Pinnacle,4,336.16,139.73,0.0,1484.37,Walk-up,Public,No,Cloudy
TN002862,2025-02-08,15:30:00,Pinnacle,4,206.06,118.27,0.0,942.51,Online,Public,No,Clear
TN002863,2025-11-28,06:40:00,Monument,4,225.03,121.76,0.0,1021.88,Online,Group,No,Clear
TN002864,2025-11-11,08:00:00,Monument,3,234.53,93.64,168.98,966.21,Online,Member,No,Windy
TN002865,2025-12-29,09:30:00,Pinnacle,3,214.41,95.56,0.0,738.79,Phone,Member,No,Clear
TN002866,2025-02-11,08:10:00,Monument,4,248.61,133.11,168.34,1295.89,Phone,ResortGuest,No,Clear
TN002867,2025-11-23,06:40:00,Monument,3,275.77,101.93,154.01,1083.25,Online,Public,No,Clear
TN002868,2025-12-17,11:00:00,Monument,2,267.27,70.61,93.52,698.67,Online,Public,No,Clear
TN002869,2025-06-15,11:20:00,Monument,3,117.91,97.42,0.0,451.15,Phone,Group,No,Windy
TN002870,2025-04-27,06:50:00,Monument,3,245.35,100.13,136.96,973.14,Online,Public,No,Clear
TN002871,2025-07-19,08:10:00,Pinnacle,3,124.86,90.23,0.0,0.0,Online,Member,Yes,Windy
TN002872,2025-01-02,09:10:00,Monument,3,249.59,104.03,0.0,852.8,Online,Public,No,Cloudy
TN002873,2025-09-07,13:50:00,Pinnacle,4,116.24,134.62,147.7,747.28,Online,Public,No,Windy
TN002874,2025-02-08,08:00:00,Pinnacle,2,301.56,69.43,80.72,753.27,Online,Public,No,Cloudy
TN002875,2025-07-14,09:40:00,Monument,3,113.47,93.07,152.01,585.49,Sales/Events,Group,No,Clear
TN002876,2025-02-21,15:30:00,Monument,3,181.06,89.5,127.33,760.01,Phone,ResortGuest,No,Cloudy
TN002877,2025-10-26,09:20:00,Pinnacle,1,158.19,40.0,27.08,225.27,Walk-up,Member,No,Clear
TN002878,2025-01-10,07:40:00,Pinnacle,3,298.7,102.87,0.0,998.97,Walk-up,Public,No,Clear
TN002879,2025-11-25,10:30:00,Pinnacle,4,289.29,135.11,0.0,1292.27,Phone,Public,No,Clear
TN002880,2025-05-11,11:30:00,Monument,2,132.58,68.68,0.0,333.84,Online,Public,No,Cloudy
TN002881,2025-02-01,12:10:00,Monument,3,184.34,97.15,92.31,742.48,Walk-up,Member,No,Cloudy
TN002882,2025-01-27,07:40:00,Pinnacle,4,318.06,131.66,0.0,1403.9,Online,Public,No,Clear
TN002883,2025-07-19,09:40:00,Pinnacle,4,127.97,135.12,0.0,647.0,Phone,ResortGuest,No,Windy
TN002884,2025-04-06,15:30:00,Monument,2,142.81,60.24,46.52,392.38,Concierge,ResortGuest,No,Clear
TN002885,2025-03-15,09:40:00,Pinnacle,4,247.63,131.02,260.29,1381.83,Online,ResortGuest,No,Clear
TN002886,2025-08-31,11:40:00,Pinnacle,3,131.8,104.87,0.0,500.27,Concierge,ResortGuest,No,Clear
TN002887,2025-07-05,11:20:00,Pinnacle,3,106.75,91.63,94.98,506.86,Online,Member,No,Clear
TN002888,2025-12-01,07:40:00,Pinnacle,4,258.94,128.88,179.12,1343.76,Sales/Events,Group,No,Clear
TN002889,2025-09-07,09:40:00,Pinnacle,3,118.0,94.06,0.0,0.0,Online,Member,Yes,Rain
TN002890,2025-11-13,09:10:00,Monument,4,206.05,123.61,146.88,1094.69,Walk-up,Member,No,Clear
TN002891,2025-01-25,13:20:00,Pinnacle,2,245.3,66.5,100.34,657.44,Online,Public,No,Clear
TN002892,2025-10-05,07:40:00,Monument,3,218.27,104.28,0.0,759.09,Walk-up,Public,No,Clear
TN002893,2025-06-02,13:30:00,Monument,3,91.87,95.97,0.0,0.0,Phone,Member,Yes,Clear
TN002894,2025-07-10,10:00:00,Pinnacle,4,118.88,122.81,208.39,806.72,Walk-up,Member,No,Cloudy
TN002895,2025-01-04,08:50:00,Pinnacle,4,274.82,132.44,0.0,1231.72,Online,ResortGuest,No,Clear
TN002896,2025-03-15,07:00:00,Pinnacle,4,294.44,140.42,146.61,1464.79,Phone,ResortGuest,No,Cloudy
TN002897,2025-10-24,06:30:00,Monument,2,219.46,69.36,0.0,508.28,Online,Public,No,Clear
TN002898,2025-07-26,08:40:00,Monument,4,153.85,130.62,0.0,0.0,Online,Public,Yes,Windy
TN002899,2025-03-15,15:10:00,Pinnacle,4,205.19,119.49,173.15,1113.4,Phone,Public,No,Cloudy
TN002900,2025-03-14,10:20:00,Pinnacle,4,203.89,130.06,0.0,945.62,Online,Member,No,Clear
TN002901,2025-01-25,12:50:00,Monument,4,182.95,139.28,0.0,871.08,Concierge,ResortGuest,No,Cloudy
TN002902,2025-11-05,07:30:00,Monument,3,294.13,103.37,0.0,985.76,Phone,Public,No,Clear
TN002903,2025-01-21,08:00:00,Monument,2,255.01,62.43,0.0,0.0,Sales/Events,Group,Yes,Clear
TN002904,2025-01-05,15:30:00,Pinnacle,2,143.23,57.05,97.96,441.47,Online,Member,No,Clear
TN002905,2025-01-11,07:20:00,Monument,4,294.12,131.53,0.0,1308.01,Online,Public,No,Windy
TN002906,2025-12-21,09:00:00,Pinnacle,4,335.54,141.31,0.0,1483.47,Walk-up,Public,No,Cloudy
TN002907,2025-04-20,10:50:00,Pinnacle,3,224.65,101.72,168.77,944.44,Online,Public,No,Clear
TN002908,2025-07-15,07:50:00,Pinnacle,3,172.07,101.74,0.0,0.0,Phone,Public,Yes,Cloudy
TN002909,2025-03-09,07:20:00,Monument,4,276.39,130.78,176.61,1412.95,Concierge,ResortGuest,No,Clear
TN002910,2025-08-16,07:50:00,Monument,3,165.01,102.13,0.0,597.16,Online,Public,No,Clear
TN002911,2025-07-20,11:10:00,Monument,4,116.36,132.91,151.21,749.56,Concierge,ResortGuest,No,Rain
TN002912,2025-09-13,08:10:00,Monument,4,115.51,128.15,0.0,590.19,Walk-up,Member,No,Windy
TN002913,2025-04-05,07:50:00,Monument,3,232.57,101.62,0.0,799.33,Online,Public,No,Clear
TN002914,2025-12-21,13:20:00,Pinnacle,3,193.71,93.76,183.67,858.56,Online,Member,No,Clear
TN002915,2025-02-02,14:40:00,Monument,2,175.8,63.38,0.0,414.98,Phone,Public,No,Windy
TN002916,2025-04-12,12:30:00,Monument,4,143.88,126.7,91.26,793.48,Online,Member,No,Windy
TN002917,2025-06-28,07:40:00,Monument,4,140.33,132.99,0.0,694.31,Phone,ResortGuest,No,Clear
TN002918,2025-01-06,07:00:00,Monument,2,243.97,61.57,0.0,549.51,Walk-up,Member,No,Clear
TN002919,2025-02-20,12:40:00,Monument,2,160.36,64.69,82.94,468.35,Phone,Member,No,Clear
TN002920,2025-04-19,11:50:00,Pinnacle,2,177.81,62.54,106.59,524.75,Online,Member,No,Clear
TN002921,2025-11-08,09:30:00,Monument,3,244.76,105.95,55.52,895.75,Online,Public,No,Clear
TN002922,2025-03-23,11:00:00,Monument,4,260.0,137.93,0.0,1177.93,Online,Public,No,Cloudy
TN002923,2025-01-05,14:40:00,Pinnacle,3,152.25,87.17,0.0,543.92,Phone,Group,No,Clear
TN002924,2025-04-12,09:50:00,Pinnacle,3,204.66,105.59,114.38,833.95,Online,Public,No,Clear
TN002925,2025-07-05,13:50:00,Monument,4,101.63,138.63,0.0,545.15,Concierge,ResortGuest,No,Rain
TN002926,2025-01-29,08:10:00,Pinnacle,3,247.67,91.32,0.0,834.33,Phone,Member,No,Clear
TN002927,2025-10-17,07:20:00,Pinnacle,3,213.11,103.46,0.0,742.79,Concierge,ResortGuest,No,Clear
TN002928,2025-12-25,08:10:00,Pinnacle,3,309.28,98.63,0.0,1026.47,Online,Public,No,Clear
TN002929,2025-03-09,07:20:00,Pinnacle,2,320.42,68.7,137.58,847.12,Phone,Public,No,Cloudy
TN002930,2025-09-14,13:20:00,Monument,3,116.3,100.67,0.0,449.57,Online,Public,No,Clear
TN002931,2025-05-06,08:50:00,Monument,3,123.95,91.57,123.25,586.67,Sales/Events,Group,No,Clear
TN002932,2025-12-13,11:40:00,Monument,3,267.04,100.95,168.66,1070.73,Online,Public,No,Clear
TN002933,2025-07-25,07:30:00,Monument,3,137.35,100.04,0.0,512.09,Online,ResortGuest,No,Clear
TN002934,2025-08-30,15:10:00,Pinnacle,3,85.0,82.14,183.07,520.21,Walk-up,Member,No,Clear
TN002935,2025-11-08,07:20:00,Monument,2,269.59,67.18,72.23,678.59,Online,ResortGuest,No,Clear
TN002936,2025-06-22,10:40:00,Monument,4,118.64,124.91,222.48,821.95,Sales/Events,Group,No,Cloudy
TN002937,2025-12-28,08:00:00,Pinnacle,4,311.02,130.89,0.0,1374.97,Online,Public,No,Clear
TN002938,2025-10-13,09:00:00,Monument,3,228.43,101.01,161.44,947.74,Phone,Public,No,Clear
TN002939,2025-03-19,08:50:00,Monument,4,294.76,132.65,0.0,1311.69,Online,Public,No,Clear
TN002940,2025-12-06,07:50:00,Pinnacle,3,300.02,101.15,0.0,1001.21,Online,Public,No,Clear
TN002941,2025-08-31,08:10:00,Pinnacle,3,153.47,99.98,137.56,697.95,Online,Public,No,Rain
TN002942,2025-09-24,09:30:00,Pinnacle,2,132.23,69.51,0.0,333.97,Walk-up,Public,No,Windy
TN002943,2025-01-05,12:00:00,Pinnacle,3,293.08,104.88,0.0,984.12,Online,Public,No,Cloudy
TN002944,2025-03-08,11:00:00,Monument,4,232.55,132.16,0.0,1062.36,Phone,ResortGuest,No,Clear
TN002945,2025-05-25,07:50:00,Monument,3,128.34,91.98,0.0,477.0,Online,Member,No,Clear
TN002946,2025-01-20,07:40:00,Monument,4,296.12,133.48,58.77,1376.73,Phone,Public,No,Clear
TN002947,2025-07-08,06:50:00,Pinnacle,4,154.94,140.95,120.29,881.0,Phone,ResortGuest,No,Cloudy
TN002948,2025-06-28,12:50:00,Monument,2,107.5,66.77,0.0,0.0,Online,Public,Yes,Clear
TN002949,2025-03-09,06:50:00,Monument,2,308.13,70.46,0.0,686.72,Online,Public,No,Clear
TN002950,2025-02-08,10:50:00,Pinnacle,3,215.53,96.15,0.0,742.74,Online,Member,No,Clear
TN002951,2025-08-03,09:10:00,Monument,3,129.41,104.4,60.07,552.7,Phone,Public,No,Clear
TN002952,2025-03-10,07:40:00,Pinnacle,2,292.4,70.08,0.0,654.88,Online,Public,No,Clear
TN002953,2025-01-30,13:10:00,Monument,3,161.06,97.22,0.0,580.4,Walk-up,Member,No,Clear
TN002954,2025-11-27,06:50:00,Monument,4,309.53,138.52,0.0,1376.64,Walk-up,Public,No,Clear
TN002955,2025-09-28,09:00:00,Pinnacle,4,144.02,138.15,126.21,840.44,Phone,ResortGuest,No,Clear
TN002956,2025-08-09,08:00:00,Monument,2,164.28,66.96,0.0,395.52,Online,Public,No,Clear
TN002957,2025-04-05,13:30:00,Monument,4,183.0,136.89,0.0,0.0,Phone,Public,Yes,Windy
TN002958,2025-06-07,06:30:00,Pinnacle,3,159.78,103.23,57.17,639.74,Online,Public,No,Cloudy
TN002959,2025-02-28,08:50:00,Monument,4,248.06,123.09,133.67,1249.0,Phone,Group,No,Clear
TN002960,2025-03-05,07:40:00,Monument,2,270.54,67.38,32.66,641.12,Concierge,ResortGuest,No,Clear
TN002961,2025-03-04,06:40:00,Monument,4,243.84,141.39,0.0,1116.75,Phone,ResortGuest,No,Clear
TN002962,2025-03-20,13:40:00,Monument,3,158.73,93.63,166.31,736.13,Online,Member,No,Clear
TN002963,2025-09-28,13:00:00,Pinnacle,3,101.07,102.02,0.0,405.23,Online,ResortGuest,No,Clear
TN002964,2025-04-24,07:20:00,Pinnacle,3,226.72,102.12,0.0,782.28,Online,Public,No,Clear
TN002965,2025-11-18,09:00:00,Monument,4,322.47,139.74,0.0,1429.62,Phone,Public,No,Clear
TN002966,2025-06-29,10:30:00,Monument,4,129.02,141.05,0.0,657.13,Online,Public,No,Clear
TN002967,2025-04-27,09:20:00,Monument,4,213.99,135.02,0.0,0.0,Online,Public,Yes,Clear
TN002968,2025-10-05,07:00:00,Pinnacle,3,248.8,101.44,137.53,985.37,Online,Public,No,Cloudy
TN002969,2025-02-15,08:10:00,Monument,3,312.99,99.9,100.76,1139.63,Phone,Public,No,Clear
TN002970,2025-01-20,11:00:00,Monument,2,217.61,63.85,0.0,499.07,Walk-up,Member,No,Windy
TN002971,2025-11-29,06:40:00,Monument,3,274.49,99.7,0.0,923.17,Concierge,ResortGuest,No,Clear
TN002972,2025-11-23,07:10:00,Monument,3,246.63,92.95,193.2,1026.04,Phone,Member,No,Clear
TN002973,2025-08-16,12:10:00,Monument,2,122.32,69.16,0.0,313.8,Online,Public,No,Clear
TN002974,2025-08-10,08:50:00,Pinnacle,4,136.47,134.91,0.0,680.79,Concierge,ResortGuest,No,Cloudy
TN002975,2025-11-29,13:50:00,Monument,3,212.74,99.63,0.0,737.85,Online,Public,No,Cloudy
TN002976,2025-06-07,10:30:00,Pinnacle,3,124.06,102.26,0.0,474.44,Concierge,ResortGuest,No,Clear
TN002977,2025-03-14,11:00:00,Monument,3,199.56,94.72,0.0,693.4,Online,Member,No,Windy
TN002978,2025-01-11,07:00:00,Pinnacle,2,324.5,68.93,50.58,768.51,Online,Public,No,Windy
TN002979,2025-09-27,12:30:00,Monument,3,110.81,98.43,177.22,608.08,Walk-up,Public,No,Windy
TN002980,2025-03-06,10:40:00,Pinnacle,4,258.21,140.31,0.0,0.0,Online,Public,Yes,Clear
TN002981,2025-05-25,06:40:00,Pinnacle,3,164.99,105.42,115.76,716.15,Online,Public,No,Windy
TN002982,2025-01-05,07:00:00,Monument,3,229.42,96.79,60.98,846.03,Online,Member,No,Cloudy
TN002983,2025-10-12,08:20:00,Monument,3,219.27,105.81,0.0,763.62,Walk-up,Public,No,Clear
TN002984,2025-11-02,09:20:00,Monument,3,184.42,92.59,0.0,645.85,Walk-up,Member,No,Clear
TN002985,2025-08-31,13:20:00,Monument,4,94.77,125.9,146.93,651.91,Phone,Member,No,Windy
TN002986,2025-06-05,13:00:00,Monument,3,109.06,104.32,0.0,431.5,Online,Public,No,Clear
TN002987,2025-04-27,13:30:00,Pinnacle,2,185.4,66.03,44.44,481.27,Online,Public,No,Clear
TN002988,2025-04-13,10:30:00,Pinnacle,2,213.92,69.08,109.55,606.47,Phone,Public,No,Clear
TN002989,2025-08-02,15:20:00,Monument,4,101.74,123.85,0.0,530.81,Online,Public,No,Cloudy
TN002990,2025-06-29,09:00:00,Pinnacle,2,172.94,69.58,0.0,415.46,Walk-up,Public,No,Clear
TN002991,2025-06-03,11:50:00,Pinnacle,3,132.12,98.92,0.0,495.28,Online,Public,No,Cloudy
TN002992,2025-12-28,11:50:00,Pinnacle,3,221.94,99.67,154.43,919.92,Concierge,ResortGuest,No,Clear
TN002993,2025-11-30,10:10:00,Pinnacle,3,214.99,92.11,134.87,871.95,Phone,Member,No,Cloudy
TN002994,2025-03-01,13:00:00,Pinnacle,1,247.08,40.0,37.59,324.67,Online,Public,No,Cloudy
TN002995,2025-04-10,07:20:00,Pinnacle,4,214.87,124.3,106.22,1090.0,Sales/Events,Group,No,Clear
TN002996,2025-01-05,06:30:00,Pinnacle,4,246.02,122.21,0.0,1106.29,Sales/Events,Group,No,Windy
TN002997,2025-04-27,07:40:00,Pinnacle,3,244.19,98.48,0.0,831.05,Online,Public,No,Clear
TN002998,2025-07-05,13:50:00,Pinnacle,4,127.62,135.46,72.62,718.56,Online,Public,No,Cloudy
TN002999,2025-02-06,07:50:00,Pinnacle,3,314.21,99.37,117.35,1159.35,Online,Public,No,Clear
TN003000,2025-09-27,06:40:00,Pinnacle,3,145.24,100.43,99.02,635.17,Concierge,ResortGuest,No,Cloudy
TN003001,2025-09-07,08:20:00,Pinnacle,2,159.25,65.35,0.0,383.85,Online,Public,No,Cloudy
TN003002,2025-04-19,10:50:00,Pinnacle,3,185.52,104.46,74.15,735.17,Phone,ResortGuest,No,Clear
TN003003,2025-11-27,06:40:00,Pinnacle,4,226.91,121.58,0.0,0.0,Online,Member,Yes,Cloudy
TN003004,2025-11-11,10:40:00,Pinnacle,2,251.97,68.18,0.0,572.12,Concierge,ResortGuest,No,Clear
TN003005,2025-09-28,08:30:00,Pinnacle,3,136.5,96.94,140.92,647.36,Online,Member,No,Clear
TN003006,2025-07-06,10:20:00,Monument,2,147.26,65.64,0.0,360.16,Online,Public,No,Windy
TN003007,2025-09-13,11:10:00,Pinnacle,2,144.21,67.58,81.61,437.61,Walk-up,Public,No,Clear
TN003008,2025-03-06,08:30:00,Monument,3,308.83,102.3,0.0,1028.79,Phone,Public,No,Clear
TN003009,2025-10-29,07:10:00,Monument,4,235.39,137.63,0.0,1079.19,Walk-up,Public,No,Clear
TN003010,2025-03-24,08:10:00,Pinnacle,4,331.36,132.82,0.0,1458.26,Phone,Public,No,Cloudy
TN003011,2025-11-16,09:50:00,Pinnacle,4,261.44,137.09,0.0,0.0,Online,Public,Yes,Clear
TN003012,2025-08-23,10:00:00,Pinnacle,2,154.02,68.11,105.41,481.56,Online,Public,No,Cloudy
TN003013,2025-11-30,09:00:00,Monument,4,299.47,140.57,189.43,1527.88,Online,Public,No,Clear
TN003014,2025-01-23,08:10:00,Pinnacle,4,332.11,141.17,0.0,1469.61,Online,Public,No,Clear
TN003015,2025-12-24,09:00:00,Pinnacle,2,306.31,67.0,52.38,732.0,Online,Public,No,Clear
TN003016,2025-12-08,14:00:00,Monument,4,188.72,138.51,0.0,893.39,Concierge,ResortGuest,No,Clear
TN003017,2025-09-26,07:50:00,Monument,3,130.15,93.55,180.01,664.01,Online,Member,No,Clear
TN003018,2025-03-29,09:40:00,Monument,3,265.54,103.53,0.0,900.15,Online,Public,No,Cloudy
TN003019,2025-02-10,11:50:00,Pinnacle,3,257.27,104.83,0.0,876.64,Online,Public,No,Clear
TN003020,2025-01-12,07:20:00,Pinnacle,4,232.25,120.4,0.0,1049.4,Phone,Member,No,Clear
TN003021,2025-08-31,07:20:00,Pinnacle,3,178.41,103.67,0.0,638.9,Walk-up,Public,No,Cloudy
TN003022,2025-11-23,09:50:00,Pinnacle,4,267.46,134.82,0.0,1204.66,Phone,Public,No,Cloudy
TN003023,2025-02-16,07:20:00,Monument,2,276.26,66.28,0.0,0.0,Phone,ResortGuest,Yes,Clear
TN003024,2025-01-18,13:10:00,Pinnacle,3,212.92,98.22,0.0,736.98,Phone,Public,No,Clear
TN003025,2025-07-26,11:10:00,Monument,4,129.19,140.75,191.2,848.71,Phone,ResortGuest,No,Clear
TN003026,2025-12-27,07:40:00,Pinnacle,3,244.22,93.13,42.76,868.55,Online,Member,No,Cloudy
TN003027,2025-07-26,12:50:00,Monument,3,117.53,99.98,0.0,452.57,Phone,Public,No,Clear
TN003028,2025-11-13,07:40:00,Pinnacle,3,282.85,105.0,0.0,953.55,Concierge,ResortGuest,No,Windy
TN003029,2025-02-07,09:00:00,Monument,2,254.43,70.13,73.32,652.31,Concierge,ResortGuest,No,Clear
TN003030,2025-11-09,06:30:00,Monument,3,306.39,99.62,175.02,1193.81,Phone,Public,No,Clear
TN003031,2025-11-01,13:40:00,Pinnacle,2,233.26,65.9,0.0,532.42,Online,Public,No,Clear
TN003032,2025-11-09,08:20:00,Monument,4,232.4,127.81,0.0,1057.41,Phone,Member,No,Cloudy
TN003033,2025-08-21,07:50:00,Monument,3,158.69,98.39,0.0,574.46,Online,Public,No,Windy
TN003034,2025-12-06,15:50:00,Monument,4,157.68,114.6,132.14,877.46,Phone,Member,No,Clear
TN003035,2025-05-27,13:30:00,Monument,4,108.74,136.6,0.0,571.56,Online,Public,No,Clear
TN003036,2025-04-20,07:10:00,Monument,3,241.44,104.56,101.42,930.3,Online,Public,No,Cloudy
TN003037,2025-01-19,06:30:00,Monument,2,271.74,68.66,51.37,663.51,Concierge,ResortGuest,No,Clear
TN003038,2025-02-22,07:00:00,Monument,3,277.25,102.68,0.0,934.43,Online,Public,No,Clear
TN003039,2025-02-09,08:20:00,Monument,3,220.33,97.06,0.0,758.05,Online,Member,No,Clear
TN003040,2025-06-14,07:50:00,Monument,3,168.06,98.51,181.14,783.83,Walk-up,Public,No,Cloudy
TN003041,2025-12-19,09:10:00,Pinnacle,3,280.42,98.5,174.84,1114.6,Phone,Public,No,Windy
TN003042,2025-06-14,08:30:00,Pinnacle,4,165.05,137.44,179.43,977.07,Online,Public,No,Clear
TN003043,2025-06-29,14:30:00,Pinnacle,2,85.0,55.19,0.0,225.19,Walk-up,Member,No,Windy
TN003044,2025-03-05,08:00:00,Monument,3,225.24,92.15,0.0,767.87,Phone,Member,No,Clear
TN003045,2025-04-09,08:50:00,Pinnacle,3,250.43,103.42,0.0,854.71,Walk-up,Public,No,Clear
TN003046,2025-03-06,08:10:00,Monument,2,274.75,69.29,129.99,748.78,Online,Public,No,Clear
TN003047,2025-08-16,10:10:00,Pinnacle,3,134.53,98.48,0.0,0.0,Walk-up,Public,Yes,Windy
TN003048,2025-12-08,08:40:00,Pinnacle,3,334.95,104.74,0.0,1109.59,Phone,Public,No,Clear
TN003049,2025-05-10,11:20:00,Monument,4,105.18,120.72,253.81,795.25,Online,Member,No,Clear
TN003050,2025-03-01,06:30:00,Pinnacle,2,315.98,65.63,118.45,816.04,Online,Public,No,Rain
TN003051,2025-12-25,15:50:00,Pinnacle,3,216.91,93.56,0.0,744.29,Walk-up,Public,No,Clear
TN003052,2025-07-20,08:20:00,Pinnacle,4,159.7,132.75,77.24,848.79,Online,Public,No,Windy
TN003053,2025-09-06,09:50:00,Pinnacle,4,154.31,133.16,0.0,750.4,Online,Public,No,Clear
TN003054,2025-05-25,09:40:00,Monument,3,140.19,104.28,0.0,524.85,Online,Public,No,Clear
TN003055,2025-11-01,11:30:00,Monument,3,188.05,93.43,41.57,699.15,Phone,Member,No,Windy
TN003056,2025-12-28,10:40:00,Pinnacle,3,286.6,105.2,0.0,965.0,Walk-up,Public,No,Cloudy
TN003057,2025-01-19,09:00:00,Monument,3,235.97,95.91,0.0,803.82,Phone,Member,No,Clear
TN003058,2025-01-06,09:50:00,Pinnacle,2,286.1,70.62,0.0,642.82,Phone,Public,No,Clear
TN003059,2025-04-26,08:00:00,Pinnacle,3,243.87,101.02,96.87,929.5,Walk-up,Public,No,Clear
TN003060,2025-12-12,07:20:00,Pinnacle,4,328.96,137.17,0.0,1453.01,Online,Public,No,Cloudy
TN003061,2025-02-03,07:10:00,Monument,2,245.37,64.36,0.0,555.1,Online,Member,No,Windy
TN003062,2025-02-06,11:40:00,Pinnacle,3,268.99,103.54,0.0,910.51,Online,Public,No,Clear
TN003063,2025-03-08,09:00:00,Monument,4,233.67,129.45,175.54,1239.67,Online,Member,No,Clear
TN003064,2025-01-04,15:10:00,Monument,2,182.45,58.88,0.0,423.78,Online,Public,No,Clear
TN003065,2025-07-19,09:10:00,Pinnacle,2,138.78,66.0,0.0,343.56,Online,Public,No,Clear
TN003066,2025-01-26,09:30:00,Pinnacle,4,260.57,132.17,0.0,1174.45,Online,Public,No,Clear
TN003067,2025-05-03,11:50:00,Pinnacle,3,144.14,100.24,0.0,532.66,Phone,Public,No,Clear
TN003068,2025-08-10,08:50:00,Pinnacle,2,154.07,65.45,53.98,427.57,Online,Public,No,Clear
TN003069,2025-04-26,07:50:00,Pinnacle,2,259.67,66.8,70.67,656.81,Phone,Public,No,Clear
TN003070,2025-12-18,13:00:00,Pinnacle,3,234.58,105.9,0.0,809.64,Online,Public,No,Clear
TN003071,2025-06-09,11:30:00,Pinnacle,4,133.92,132.86,0.0,668.54,Online,Public,No,Clear
TN003072,2025-01-02,08:50:00,Pinnacle,4,255.24,125.2,0.0,1146.16,Walk-up,Member,No,Clear
TN003073,2025-01-26,09:00:00,Pinnacle,3,309.72,104.04,0.0,1033.2,Phone,Public,No,Clear
TN003074,2025-02-16,11:00:00,Monument,3,270.35,100.11,151.99,1063.15,Phone,Public,No,Clear
TN003075,2025-11-16,09:00:00,Pinnacle,2,303.88,66.93,0.0,0.0,Phone,Public,Yes,Windy
TN003076,2025-08-30,12:50:00,Pinnacle,1,125.35,40.0,0.0,165.35,Phone,Public,No,Clear
TN003077,2025-09-27,10:30:00,Monument,4,140.19,138.2,106.36,805.32,Online,Public,No,Windy
TN003078,2025-03-16,08:50:00,Monument,2,314.73,67.6,93.47,790.53,Phone,Public,No,Clear
TN003079,2025-02-27,10:50:00,Pinnacle,2,220.53,61.02,110.0,612.08,Online,Member,No,Clear
TN003080,2025-12-04,09:00:00,Pinnacle,3,227.05,93.82,0.0,774.97,Online,Member,No,Cloudy
TN003081,2025-01-31,12:10:00,Pinnacle,2,189.45,61.37,0.0,440.27,Phone,Member,No,Cloudy
TN003082,2025-12-25,13:20:00,Monument,3,157.62,97.48,0.0,570.34,Phone,Member,No,Clear
TN003083,2025-06-29,11:20:00,Pinnacle,3,155.92,99.8,0.0,567.56,Online,Public,No,Cloudy
TN003084,2025-09-08,11:10:00,Monument,2,129.53,69.2,0.0,328.26,Phone,Public,No,Clear
TN003085,2025-01-29,08:50:00,Monument,3,315.36,104.85,148.74,1199.67,Online,Public,No,Cloudy
TN003086,2025-01-11,08:40:00,Monument,3,299.61,98.93,0.0,997.76,Online,Public,No,Clear
TN003087,2025-01-12,10:30:00,Monument,3,244.27,105.72,0.0,838.53,Online,Public,No,Clear
TN003088,2025-02-23,06:30:00,Pinnacle,2,289.78,70.64,108.05,758.25,Phone,Public,No,Windy
TN003089,2025-10-12,10:40:00,Pinnacle,3,201.05,101.42,132.84,837.41,Phone,ResortGuest,No,Clear
TN003090,2025-05-17,13:20:00,Monument,3,120.05,103.39,0.0,463.54,Online,Public,No,Clear
TN003091,2025-07-28,10:30:00,Monument,4,146.63,138.61,0.0,0.0,Online,Public,Yes,Clear
TN003092,2025-06-15,08:00:00,Pinnacle,3,162.22,105.57,0.0,592.23,Online,Public,No,Clear
TN003093,2025-12-28,13:40:00,Monument,2,231.06,66.26,99.75,628.13,Online,Public,No,Clear
TN003094,2025-07-26,13:30:00,Monument,4,114.15,132.61,0.0,589.21,Phone,Public,No,Clear
TN003095,2025-12-21,09:40:00,Monument,2,268.25,67.83,0.0,604.33,Online,Public,No,Clear
TN003096,2025-09-30,09:30:00,Monument,2,116.76,68.81,100.68,403.01,Phone,ResortGuest,No,Clear
TN003097,2025-08-01,12:50:00,Pinnacle,3,130.87,104.26,96.45,593.32,Online,Public,No,Clear
TN003098,2025-12-20,06:30:00,Pinnacle,3,325.18,104.46,0.0,1080.0,Online,Public,No,Clear
TN003099,2025-04-01,13:50:00,Monument,2,176.85,67.4,0.0,421.1,Online,Public,No,Cloudy
TN003100,2025-01-25,07:10:00,Pinnacle,2,324.43,69.24,78.65,796.75,Online,Public,No,Clear
TN003101,2025-12-12,13:50:00,Monument,2,221.2,66.39,70.87,579.66,Online,Public,No,Cloudy
TN003102,2025-11-20,06:30:00,Pinnacle,4,242.92,121.01,0.0,1092.69,Online,Member,No,Windy
TN003103,2025-02-27,10:20:00,Pinnacle,3,257.11,102.59,0.0,873.92,Online,Public,No,Cloudy
TN003104,2025-03-28,14:40:00,Pinnacle,3,147.59,87.73,107.49,637.99,Online,Member,No,Clear
TN003105,2025-01-25,08:50:00,Monument,4,276.6,133.34,217.27,1457.01,Online,Public,No,Windy
TN003106,2025-09-07,12:50:00,Pinnacle,3,90.69,91.05,0.0,363.12,Online,Member,No,Cloudy
TN003107,2025-08-30,13:00:00,Monument,4,92.25,125.89,0.0,494.89,Online,Member,No,Cloudy
TN003108,2025-01-25,06:40:00,Pinnacle,3,333.85,101.04,0.0,1102.59,Online,Public,No,Clear
TN003109,2025-04-20,10:20:00,Monument,2,219.14,69.7,0.0,507.98,Online,Public,No,Clear
TN003110,2025-07-26,06:40:00,Pinnacle,4,133.89,126.6,149.21,811.37,Phone,Group,No,Cloudy
TN003111,2025-04-06,08:10:00,Pinnacle,3,228.84,99.86,0.0,786.38,Phone,ResortGuest,No,Cloudy
TN003112,2025-01-02,07:00:00,Monument,4,284.97,139.15,0.0,1279.03,Phone,Public,No,Clear
TN003113,2025-07-19,07:10:00,Pinnacle,3,154.98,102.08,105.75,672.77,Online,Public,No,Clear
TN003114,2025-01-28,08:10:00,Pinnacle,3,256.31,100.2,0.0,869.13,Online,ResortGuest,No,Clear
TN003115,2025-05-11,08:20:00,Monument,2,158.97,68.18,0.0,386.12,Walk-up,Public,No,Clear
TN003116,2025-07-19,09:30:00,Pinnacle,2,104.07,61.07,32.8,302.01,Walk-up,Member,No,Cloudy
TN003117,2025-09-28,14:00:00,Monument,3,92.28,92.08,138.2,507.12,Sales/Events,Group,No,Clear
TN003118,2025-05-20,09:40:00,Monument,3,126.31,98.93,0.0,477.86,Online,Public,No,Cloudy
TN003119,2025-09-30,06:40:00,Pinnacle,3,128.28,93.57,0.0,478.41,Walk-up,Member,No,Clear
TN003120,2025-11-24,07:30:00,Monument,4,257.17,139.81,198.26,1366.75,Online,ResortGuest,No,Windy
TN003121,2025-03-15,11:20:00,Pinnacle,3,279.47,105.23,104.07,1047.71,Online,Public,No,Clear
TN003122,2025-12-15,08:40:00,Pinnacle,3,294.22,98.02,0.0,0.0,Online,Public,Yes,Clear
TN003123,2025-07-16,07:40:00,Monument,3,115.94,93.61,95.65,537.08,Phone,Member,No,Clear
TN003124,2025-02-23,09:00:00,Pinnacle,3,329.26,99.7,0.0,1087.48,Phone,Public,No,Clear
TN003125,2025-09-20,11:00:00,Pinnacle,4,135.42,130.97,0.0,672.65,Concierge,ResortGuest,No,Clear
TN003126,2025-07-21,08:00:00,Monument,4,129.41,121.56,172.22,811.42,Online,Member,No,Cloudy
TN003127,2025-11-23,09:20:00,Pinnacle,2,251.68,69.77,87.06,660.19,Online,Public,No,Clear
TN003128,2025-03-25,09:20:00,Pinnacle,3,288.21,100.57,0.0,965.2,Online,Public,No,Cloudy
TN003129,2025-05-31,11:20:00,Pinnacle,4,151.57,132.54,93.68,832.5,Online,Public,No,Cloudy
TN003130,2025-07-09,11:40:00,Monument,3,141.81,105.55,0.0,530.98,Phone,Public,No,Clear
TN003131,2025-03-10,08:20:00,Monument,2,276.55,66.52,57.4,677.02,Walk-up,Public,No,Windy
TN003132,2025-04-05,09:30:00,Monument,3,167.16,102.94,0.0,604.42,Online,ResortGuest,No,Cloudy
TN003133,2025-03-13,08:30:00,Monument,4,287.65,132.52,0.0,1283.12,Online,Public,No,Cloudy
TN003134,2025-11-28,09:40:00,Pinnacle,4,250.64,140.43,148.61,1291.6,Online,Public,No,Clear
TN003135,2025-04-25,07:00:00,Monument,4,179.25,129.84,0.0,846.84,Sales/Events,Group,No,Clear
TN003136,2025-12-13,12:00:00,Pinnacle,3,268.41,99.19,121.47,1025.89,Walk-up,Public,No,Cloudy
TN003137,2025-03-20,07:10:00,Monument,4,231.41,130.04,164.46,1220.14,Walk-up,Member,No,Windy
TN003138,2025-11-06,08:40:00,Monument,3,274.28,102.29,0.0,925.13,Phone,Public,No,Clear
TN003139,2025-11-20,06:30:00,Monument,3,233.58,94.09,0.0,794.83,Phone,Member,No,Clear
TN003140,2025-02-16,11:40:00,Pinnacle,4,223.5,123.83,0.0,1017.83,Online,Member,No,Clear
TN003141,2025-05-20,11:30:00,Monument,3,105.95,94.61,0.0,412.46,Phone,Member,No,Cloudy
TN003142,2025-11-03,08:50:00,Monument,2,231.91,64.7,57.36,585.88,Phone,Member,No,Clear
TN003143,2025-05-10,11:20:00,Monument,2,103.03,60.9,0.0,266.96,Walk-up,Member,No,Windy
TN003144,2025-04-10,08:00:00,Monument,3,200.74,104.75,131.29,838.26,Online,ResortGuest,No,Clear
TN003145,2025-12-27,12:20:00,Monument,3,226.68,98.23,187.64,965.91,Online,Public,No,Clear
TN003146,2025-12-01,12:00:00,Pinnacle,4,240.9,135.33,0.0,1098.93,Concierge,ResortGuest,No,Cloudy
TN003147,2025-08-24,12:50:00,Pinnacle,2,117.41,67.86,43.4,346.08,Online,Public,No,Clear
TN003148,2025-09-20,10:00:00,Monument,4,140.94,135.43,0.0,699.19,Online,Public,No,Clear
TN003149,2025-08-02,08:40:00,Pinnacle,3,121.42,95.47,0.0,459.73,Online,Member,No,Clear
TN003150,2025-01-18,09:00:00,Pinnacle,3,258.65,103.0,76.9,955.85,Concierge,ResortGuest,No,Cloudy
TN003151,2025-10-25,10:20:00,Monument,3,164.97,103.8,98.1,696.81,Concierge,ResortGuest,No,Rain
TN003152,2025-02-02,11:30:00,Monument,2,244.61,66.3,80.51,636.03,Phone,Public,No,Clear
TN003153,2025-02-07,07:50:00,Pinnacle,2,338.19,65.56,103.18,845.12,Online,Public,No,Cloudy
TN003154,2025-05-04,08:40:00,Pinnacle,3,144.29,101.02,0.0,533.89,Concierge,ResortGuest,No,Clear
TN003155,2025-11-08,10:20:00,Monument,3,238.52,99.3,0.0,814.86,Online,Public,No,Clear
TN003156,2025-02-16,06:40:00,Pinnacle,4,251.55,126.13,186.11,1318.44,Phone,Member,No,Clear
TN003157,2025-05-25,09:10:00,Pinnacle,3,124.06,101.78,0.0,473.96,Phone,ResortGuest,No,Clear
TN003158,2025-01-05,10:30:00,Pinnacle,1,285.7,40.0,0.0,325.7,Online,Public,No,Clear
TN003159,2025-11-29,09:50:00,Pinnacle,4,241.87,136.69,147.31,1251.48,Online,ResortGuest,No,Cloudy
TN003160,2025-06-07,10:10:00,Monument,1,142.08,40.0,0.0,182.08,Online,Public,No,Cloudy
TN003161,2025-05-04,07:40:00,Pinnacle,3,158.63,104.44,0.0,580.33,Walk-up,Public,No,Clear
TN003162,2025-10-04,13:00:00,Monument,3,129.52,96.41,58.95,543.92,Phone,Member,No,Windy
TN003163,2025-01-14,10:00:00,Monument,4,222.85,139.18,0.0,0.0,Online,ResortGuest,Yes,Clear
TN003164,2025-11-22,08:30:00,Pinnacle,3,309.98,104.31,93.67,1127.92,Online,Public,No,Clear
TN003165,2025-04-20,06:50:00,Pinnacle,3,215.76,104.97,196.16,948.41,Concierge,ResortGuest,No,Clear
TN003166,2025-01-16,06:30:00,Pinnacle,3,241.65,90.2,0.0,815.15,Walk-up,Member,No,Clear
TN003167,2025-05-06,07:00:00,Monument,3,130.21,99.73,130.69,621.05,Concierge,ResortGuest,No,Windy
TN003168,2025-09-13,12:00:00,Pinnacle,3,107.6,94.51,0.0,417.31,Online,Member,No,Clear
TN003169,2025-01-30,11:20:00,Pinnacle,2,253.21,68.73,0.0,575.15,Online,Public,No,Windy
TN003170,2025-08-24,07:30:00,Monument,3,170.62,102.15,0.0,614.01,Online,Public,No,Rain
TN003171,2025-04-13,11:30:00,Pinnacle,4,165.96,124.04,67.84,855.72,Online,Member,No,Clear
TN003172,2025-06-21,14:40:00,Monument,4,85.68,125.76,125.06,593.54,Phone,ResortGuest,No,Clear
TN003173,2025-04-13,10:10:00,Pinnacle,3,226.59,105.84,0.0,785.61,Online,Public,No,Clear
TN003174,2025-12-13,08:40:00,Pinnacle,3,303.11,98.31,139.55,1147.19,Online,Public,No,Clear
TN003175,2025-12-14,15:30:00,Pinnacle,2,189.14,61.18,53.33,492.79,Phone,ResortGuest,No,Clear
TN003176,2025-08-03,10:20:00,Monument,3,127.8,104.01,79.7,567.11,Online,Public,No,Windy
TN003177,2025-06-21,09:00:00,Monument,3,153.39,98.25,153.77,712.19,Online,Public,No,Clear
TN003178,2025-12-09,10:30:00,Pinnacle,3,290.0,99.64,53.09,1022.73,Online,Public,No,Clear
TN003179,2025-01-10,13:30:00,Monument,2,230.98,66.07,0.0,528.03,Online,Public,No,Windy
TN003180,2025-08-24,08:10:00,Pinnacle,3,176.01,105.55,0.0,633.58,Online,Public,No,Cloudy
TN003181,2025-05-27,15:40:00,Pinnacle,4,85.99,114.48,210.95,669.39,Walk-up,Member,No,Clear
TN003182,2025-04-06,08:00:00,Pinnacle,2,264.77,66.08,0.0,595.62,Online,Public,No,Cloudy
TN003183,2025-12-24,06:50:00,Monument,4,298.97,131.47,0.0,0.0,Online,Public,Yes,Clear
TN003184,2025-09-06,07:20:00,Monument,3,129.3,95.02,0.0,482.92,Phone,Member,No,Clear
TN003185,2025-12-22,10:00:00,Monument,4,226.23,129.9,0.0,1034.82,Sales/Events,Group,No,Clear
TN003186,2025-07-20,07:30:00,Monument,4,128.11,120.18,0.0,632.62,Sales/Events,Group,No,Clear
TN003187,2025-02-11,08:50:00,Monument,1,319.33,40.0,55.07,414.4,Phone,Public,No,Cloudy
TN003188,2025-02-23,13:30:00,Monument,4,222.7,134.82,0.0,1025.62,Online,Public,No,Clear
TN003189,2025-05-31,08:20:00,Monument,2,146.71,68.54,71.5,433.46,Online,Public,No,Clear
TN003190,2025-11-16,07:30:00,Pinnacle,2,300.33,69.63,66.27,736.56,Online,Public,No,Clear
TN003191,2025-12-29,08:50:00,Pinnacle,4,278.67,133.69,0.0,1248.37,Concierge,ResortGuest,No,Clear
TN003192,2025-04-26,15:40:00,Pinnacle,4,134.25,109.42,130.94,777.36,Sales/Events,Group,No,Clear
TN003193,2025-12-28,09:00:00,Monument,3,301.68,101.53,191.38,1197.95,Walk-up,Public,No,Clear
TN003194,2025-03-02,06:30:00,Monument,3,258.43,105.33,80.79,961.41,Online,ResortGuest,No,Clear
TN003195,2025-11-06,07:20:00,Pinnacle,4,274.74,121.81,81.65,1302.42,Sales/Events,Group,No,Cloudy
TN003196,2025-03-08,08:00:00,Pinnacle,3,261.99,96.54,142.57,1025.08,Phone,Member,No,Clear
TN003197,2025-07-19,13:00:00,Pinnacle,3,126.95,101.78,118.37,601.0,Phone,Public,No,Windy
TN003198,2025-12-11,07:50:00,Monument,2,278.96,69.59,0.0,627.51,Phone,Public,No,Cloudy
TN003199,2025-03-22,07:40:00,Pinnacle,2,309.74,69.65,0.0,689.13,Online,Public,No,Rain
TN003200,2025-01-19,07:20:00,Pinnacle,4,252.68,121.24,68.71,1200.67,Online,Member,No,Clear
TN003201,2025-05-31,12:30:00,Monument,3,85.0,90.51,0.0,345.51,Online,Member,No,Rain
TN003202,2025-05-10,08:20:00,Monument,3,150.97,99.48,0.0,552.39,Online,Public,No,Clear
TN003203,2025-09-13,11:10:00,Pinnacle,4,113.61,121.06,0.0,575.5,Online,Member,No,Clear
TN003204,2025-01-26,09:20:00,Monument,2,236.09,68.58,32.22,572.98,Online,Public,No,Clear
TN003205,2025-03-28,08:10:00,Monument,3,289.66,102.61,98.25,1069.84,Walk-up,Public,No,Cloudy
TN003206,2025-06-14,13:50:00,Monument,4,109.05,135.97,0.0,572.17,Phone,Public,No,Cloudy
TN003207,2025-01-04,08:20:00,Pinnacle,3,263.78,96.5,167.69,1055.53,Walk-up,Member,No,Clear
TN003208,2025-05-27,12:00:00,Pinnacle,3,146.85,99.58,143.7,683.83,Phone,Public,No,Cloudy
TN003209,2025-10-17,09:40:00,Pinnacle,4,199.68,139.74,0.0,938.46,Online,Public,No,Cloudy
TN003210,2025-03-01,11:40:00,Monument,3,263.74,99.71,0.0,890.93,Online,Public,No,Cloudy
TN003211,2025-11-29,12:30:00,Monument,4,226.3,134.09,259.13,1298.42,Walk-up,Public,No,Clear
TN003212,2025-02-16,07:50:00,Pinnacle,4,295.11,137.18,57.8,1375.42,Phone,ResortGuest,No,Clear
TN003213,2025-10-12,08:00:00,Monument,3,222.39,99.39,0.0,766.56,Online,Public,No,Windy
TN003214,2025-12-22,14:20:00,Pinnacle,3,185.15,94.97,0.0,650.42,Concierge,ResortGuest,No,Windy
TN003215,2025-02-23,07:10:00,Pinnacle,3,332.47,99.74,0.0,1097.15,Online,Public,No,Clear
TN003216,2025-01-18,11:50:00,Monument,3,258.43,104.39,113.37,993.05,Online,Public,No,Clear
TN003217,2025-02-21,10:00:00,Monument,3,254.1,102.8,151.42,1016.52,Online,Public,No,Clear
TN003218,2025-02-09,08:50:00,Pinnacle,4,258.0,137.4,99.27,1268.67,Concierge,ResortGuest,No,Clear
TN003219,2025-01-27,10:40:00,Monument,2,208.03,64.62,31.17,511.85,Phone,Member,No,Clear
TN003220,2025-04-20,06:40:00,Monument,4,187.79,121.1,0.0,872.26,Online,Member,No,Clear
TN003221,2025-11-18,06:40:00,Monument,3,285.2,98.72,0.0,954.32,Online,Public,No,Clear
TN003222,2025-12-14,06:40:00,Pinnacle,2,256.29,62.31,128.59,703.48,Online,Member,No,Cloudy
TN003223,2025-01-02,13:30:00,Monument,4,179.81,129.96,0.0,849.2,Sales/Events,Group,No,Cloudy
TN003224,2025-11-09,15:30:00,Pinnacle,2,189.27,62.83,0.0,441.37,Online,Public,No,Cloudy
TN003225,2025-03-23,07:00:00,Monument,2,319.03,66.8,105.01,809.87,Walk-up,Public,No,Clear
TN003226,2025-04-06,08:10:00,Pinnacle,4,244.74,131.06,0.0,1110.02,Online,Public,No,Clear
TN003227,2025-02-24,13:20:00,Monument,3,225.23,98.24,0.0,773.93,Online,Public,No,Clear
TN003228,2025-12-20,11:00:00,Pinnacle,4,253.03,138.08,119.86,1270.06,Concierge,ResortGuest,No,Clear
TN003229,2025-09-13,12:20:00,Pinnacle,4,91.66,120.23,75.21,562.08,Walk-up,Member,No,Windy
TN003230,2025-11-21,09:00:00,Pinnacle,3,247.24,91.35,118.64,951.71,Sales/Events,Group,No,Clear
TN003231,2025-07-06,06:40:00,Pinnacle,3,131.25,92.1,0.0,0.0,Online,Group,Yes,Clear
TN003232,2025-05-29,13:30:00,Pinnacle,4,93.91,127.51,0.0,503.15,Phone,Group,No,Clear
TN003233,2025-11-21,07:40:00,Pinnacle,2,281.34,65.31,132.37,760.36,Phone,ResortGuest,No,Clear
TN003234,2025-08-09,07:20:00,Pinnacle,2,126.06,63.74,128.64,444.5,Phone,Member,No,Clear
TN003235,2025-01-18,14:10:00,Pinnacle,3,162.05,81.1,0.0,0.0,Online,Member,Yes,Clear
TN003236,2025-05-23,08:10:00,Monument,4,129.4,140.31,0.0,657.91,Online,ResortGuest,No,Clear
TN003237,2025-06-08,09:00:00,Monument,3,163.68,98.49,0.0,589.53,Online,Public,No,Clear
TN003238,2025-03-20,08:40:00,Monument,3,306.72,103.68,0.0,1023.84,Walk-up,Public,No,Clear
TN003239,2025-12-11,07:20:00,Monument,3,298.06,100.62,86.07,1080.87,Walk-up,Public,No,Cloudy
TN003240,2025-10-18,09:30:00,Monument,4,152.68,127.62,119.47,857.81,Online,Member,No,Clear
TN003241,2025-03-14,08:50:00,Monument,3,252.45,97.05,0.0,854.4,Sales/Events,Group,No,Clear
TN003242,2025-09-03,13:50:00,Pinnacle,4,94.73,128.67,0.0,0.0,Online,Member,Yes,Rain
TN003243,2025-07-27,10:20:00,Pinnacle,3,151.36,104.04,85.69,643.81,Online,Public,No,Clear
TN003244,2025-03-02,13:30:00,Monument,2,201.18,67.99,106.34,576.69,Online,ResortGuest,No,Clear
TN003245,2025-12-18,10:30:00,Monument,4,213.86,124.72,79.92,1060.08,Walk-up,Member,No,Clear
TN003246,2025-08-24,09:40:00,Monument,3,114.04,102.27,149.29,593.68,Concierge,ResortGuest,No,Clear
TN003247,2025-02-27,07:20:00,Pinnacle,3,333.09,103.67,68.08,1171.02,Online,Public,No,Clear
TN003248,2025-08-16,14:50:00,Monument,3,85.47,84.14,66.6,407.15,Phone,Member,No,Clear
TN003249,2025-03-07,08:50:00,Pinnacle,3,301.45,98.8,0.0,1003.15,Online,Public,No,Clear
TN003250,2025-05-10,11:20:00,Monument,3,108.83,92.21,0.0,418.7,Phone,Group,No,Clear
TN003251,2025-03-30,06:50:00,Monument,4,293.65,136.46,0.0,0.0,Online,Public,Yes,Clear
TN003252,2025-11-09,10:50:00,Monument,3,245.09,100.62,0.0,835.89,Online,Public,No,Clear
TN003253,2025-03-30,08:20:00,Pinnacle,3,338.5,105.46,64.46,1185.42,Phone,Public,No,Clear
TN003254,2025-12-05,06:30:00,Pinnacle,4,266.65,128.22,0.0,1194.82,Online,Group,No,Clear
TN003255,2025-11-22,08:20:00,Pinnacle,2,303.54,66.92,124.68,798.68,Online,Public,No,Clear
TN003256,2025-07-19,13:20:00,Monument,3,108.66,98.43,0.0,424.41,Phone,Public,No,Clear
TN003257,2025-11-29,07:50:00,Pinnacle,3,224.63,95.11,166.49,935.49,Walk-up,Member,No,Clear
TN003258,2025-01-19,12:00:00,Pinnacle,3,256.09,102.99,0.0,871.26,Phone,Public,No,Clear
TN003259,2025-06-07,07:10:00,Monument,4,142.66,136.55,182.74,889.93,Phone,ResortGuest,No,Clear
TN003260,2025-11-13,06:40:00,Monument,3,263.16,104.68,91.37,985.53,Concierge,ResortGuest,No,Clear
TN003261,2025-07-20,13:00:00,Pinnacle,3,123.17,105.46,0.0,474.97,Walk-up,Public,No,Clear
TN003262,2025-11-06,07:20:00,Monument,2,289.29,69.78,129.84,778.2,Online,Public,No,Clear
TN003263,2025-05-11,12:30:00,Monument,3,98.55,97.45,0.0,393.1,Online,Member,No,Clear
TN003264,2025-01-28,07:20:00,Monument,4,224.25,127.25,0.0,1024.25,Sales/Events,Group,No,Clear
TN003265,2025-12-12,07:10:00,Monument,2,285.17,66.72,99.46,736.52,Online,Public,No,Clear
TN003266,2025-02-23,07:20:00,Pinnacle,4,297.68,140.58,0.0,1331.3,Online,ResortGuest,No,Clear
TN003267,2025-02-01,11:00:00,Pinnacle,3,258.28,105.52,0.0,880.36,Online,Public,No,Windy
TN003268,2025-12-21,12:40:00,Pinnacle,4,198.4,120.69,98.38,1012.67,Phone,Group,No,Clear
TN003269,2025-09-06,15:00:00,Monument,4,85.0,116.96,278.0,734.96,Sales/Events,Group,No,Rain
TN003270,2025-05-11,09:00:00,Pinnacle,4,138.83,128.73,204.91,888.96,Online,Member,No,Clear
TN003271,2025-08-24,13:30:00,Monument,4,109.31,139.3,0.0,576.54,Online,ResortGuest,No,Windy
TN003272,2025-12-29,06:40:00,Pinnacle,3,284.12,103.27,0.0,955.63,Concierge,ResortGuest,No,Clear
TN003273,2025-03-19,07:20:00,Monument,3,266.51,100.56,0.0,900.09,Phone,ResortGuest,No,Cloudy
TN003274,2025-06-05,12:00:00,Pinnacle,3,115.53,90.9,0.0,437.49,Walk-up,Member,No,Clear
TN003275,2025-03-22,08:00:00,Pinnacle,3,325.72,105.91,0.0,1083.07,Online,Public,No,Clear
TN003276,2025-07-12,12:00:00,Monument,4,129.67,136.91,0.0,655.59,Online,Public,No,Clear
TN003277,2025-01-11,12:50:00,Pinnacle,2,236.56,65.39,58.12,596.63,Walk-up,Public,No,Cloudy
TN003278,2025-08-09,09:30:00,Pinnacle,3,151.2,100.8,0.0,554.4,Online,Public,No,Clear
TN003279,2025-01-04,11:00:00,Pinnacle,3,287.15,98.48,104.25,1064.18,Online,Public,No,Clear
TN003280,2025-03-22,11:20:00,Pinnacle,1,256.45,40.0,54.09,350.54,Online,Public,No,Clear
TN003281,2025-06-08,07:00:00,Pinnacle,3,147.7,90.86,161.41,695.37,Phone,Group,No,Clear
TN003282,2025-11-29,07:00:00,Monument,2,314.35,68.88,57.04,754.62,Online,Public,No,Cloudy
TN003283,2025-02-23,08:50:00,Pinnacle,2,314.78,70.66,0.0,700.22,Online,Public,No,Clear
TN003284,2025-02-22,06:40:00,Monument,4,271.67,134.25,0.0,1220.93,Concierge,ResortGuest,No,Cloudy
TN003285,2025-01-18,09:50:00,Pinnacle,3,287.84,100.46,135.99,1099.97,Online,Public,No,Cloudy
TN003286,2025-06-04,15:30:00,Monument,4,86.27,123.67,118.98,587.73,Online,ResortGuest,No,Windy
TN003287,2025-12-19,10:10:00,Pinnacle,3,210.16,95.21,0.0,0.0,Phone,Member,Yes,Clear
TN003288,2025-04-13,09:50:00,Monument,4,174.48,135.23,189.13,1022.28,Concierge,ResortGuest,No,Clear
TN003289,2025-01-13,07:10:00,Pinnacle,2,318.07,68.01,0.0,704.15,Online,Public,No,Clear
TN003290,2025-03-19,09:40:00,Pinnacle,3,252.72,101.02,135.38,994.56,Phone,Public,No,Clear
TN003291,2025-12-27,07:00:00,Pinnacle,4,329.24,131.07,0.0,1448.03,Phone,Public,No,Clear
TN003292,2025-03-15,07:20:00,Monument,1,301.53,40.0,0.0,341.53,Walk-up,Public,No,Windy
TN003293,2025-01-19,07:50:00,Pinnacle,3,297.24,104.96,139.53,1136.21,Concierge,ResortGuest,No,Clear
TN003294,2025-06-22,14:40:00,Monument,3,85.0,85.83,0.0,340.83,Online,Member,No,Cloudy
TN003295,2025-05-11,09:40:00,Pinnacle,4,152.87,134.14,103.73,849.35,Online,Public,No,Cloudy
TN003296,2025-01-24,09:00:00,Pinnacle,4,263.29,124.29,66.66,1244.11,Sales/Events,Group,No,Cloudy
TN003297,2025-05-03,07:00:00,Pinnacle,3,120.11,95.45,91.12,546.9,Online,Member,No,Clear
TN003298,2025-03-15,09:00:00,Monument,3,297.0,102.98,84.14,1078.12,Online,Public,No,Clear
TN003299,2025-08-24,07:20:00,Pinnacle,4,135.77,128.02,0.0,0.0,Online,Member,Yes,Clear
TN003300,2025-03-15,13:50:00,Monument,3,205.54,103.3,143.86,863.78,Online,Public,No,Cloudy
TN003301,2025-12-02,07:30:00,Pinnacle,2,258.58,60.5,0.0,577.66,Online,Member,No,Clear
TN003302,2025-08-16,06:30:00,Pinnacle,4,136.66,127.74,202.47,876.85,Phone,Group,No,Windy
TN003303,2025-08-17,13:00:00,Monument,3,97.09,90.69,0.0,381.96,Online,Member,No,Clear
TN003304,2025-11-03,10:20:00,Monument,3,257.81,98.94,0.0,872.37,Walk-up,Public,No,Rain
TN003305,2025-12-20,07:10:00,Pinnacle,4,272.47,133.19,0.0,1223.07,Concierge,ResortGuest,No,Cloudy
TN003306,2025-01-28,11:40:00,Monument,3,204.06,96.95,0.0,709.13,Phone,Member,No,Clear
TN003307,2025-03-07,07:40:00,Pinnacle,3,290.53,102.47,0.0,974.06,Phone,Public,No,Clear
TN003308,2025-01-25,11:10:00,Pinnacle,3,287.97,105.38,135.64,1104.93,Phone,Public,No,Clear
TN003309,2025-11-02,07:30:00,Pinnacle,3,321.7,100.66,0.0,1065.76,Online,Public,No,Clear
TN003310,2025-06-14,12:20:00,Monument,4,102.24,139.07,0.0,548.03,Concierge,ResortGuest,No,Clear
TN003311,2025-01-15,08:20:00,Monument,2,303.23,68.71,0.0,675.17,Phone,Public,No,Cloudy
TN003312,2025-03-07,06:30:00,Monument,4,232.84,121.14,0.0,1052.5,Phone,Group,No,Cloudy
TN003313,2025-03-24,13:10:00,Monument,3,174.68,92.8,115.79,732.63,Phone,Group,No,Clear
TN003314,2025-01-05,10:30:00,Pinnacle,4,225.98,124.03,239.59,1267.54,Online,Member,No,Cloudy
TN003315,2025-09-19,11:50:00,Monument,4,108.95,121.84,255.44,813.08,Online,Member,No,Rain
TN003316,2025-11-08,09:30:00,Pinnacle,3,253.28,98.42,0.0,858.26,Walk-up,Public,No,Clear
TN003317,2025-10-10,07:40:00,Pinnacle,4,201.33,132.49,0.0,937.81,Concierge,ResortGuest,No,Clear
TN003318,2025-01-11,11:10:00,Monument,3,259.77,101.54,0.0,880.85,Phone,Public,No,Windy
TN003319,2025-01-05,08:40:00,Pinnacle,3,292.35,105.77,0.0,982.82,Concierge,ResortGuest,No,Cloudy
TN003320,2025-10-18,10:30:00,Monument,2,209.54,69.83,43.77,532.68,Online,Public,No,Clear
TN003321,2025-01-11,10:20:00,Monument,3,264.9,102.54,115.79,1013.03,Online,Public,No,Cloudy
TN003322,2025-03-15,07:10:00,Monument,4,288.53,134.55,70.92,1359.59,Online,Public,No,Cloudy
TN003323,2025-03-02,07:00:00,Monument,2,311.58,68.12,0.0,691.28,Online,Public,No,Clear
TN003324,2025-04-18,11:50:00,Monument,3,208.78,103.16,0.0,729.5,Online,Public,No,Windy
TN003325,2025-09-06,13:00:00,Pinnacle,3,113.24,98.31,0.0,438.03,Online,Public,No,Cloudy
TN003326,2025-05-08,12:40:00,Monument,3,111.92,99.53,0.0,435.29,Online,Public,No,Clear
TN003327,2025-04-06,11:00:00,Pinnacle,3,198.28,102.25,55.81,752.9,Online,Public,No,Cloudy
TN003328,2025-01-02,08:40:00,Monument,4,310.65,135.59,0.0,1378.19,Online,Public,No,Clear
TN003329,2025-11-16,09:50:00,Pinnacle,4,288.77,140.35,0.0,1295.43,Online,Public,No,Clear
TN003330,2025-11-01,09:10:00,Pinnacle,4,235.79,140.69,181.42,1265.27,Phone,ResortGuest,No,Clear
TN003331,2025-03-02,08:30:00,Pinnacle,2,309.87,69.01,94.25,783.0,Online,Public,No,Clear
TN003332,2025-10-25,14:30:00,Monument,3,120.54,84.36,0.0,445.98,Online,Member,No,Clear
TN003333,2025-11-07,09:40:00,Pinnacle,3,215.9,91.98,72.52,812.2,Walk-up,Member,No,Clear
TN003334,2025-03-05,06:50:00,Pinnacle,3,277.36,100.05,0.0,932.13,Concierge,ResortGuest,No,Clear
TN003335,2025-12-11,11:10:00,Monument,2,269.55,66.94,0.0,606.04,Online,Public,No,Cloudy
TN003336,2025-04-05,07:00:00,Pinnacle,4,239.35,136.0,0.0,1093.4,Online,Public,No,Clear
TN003337,2025-02-23,09:30:00,Pinnacle,2,252.75,68.97,0.0,574.47,Online,Public,No,Clear
TN003338,2025-02-08,06:40:00,Monument,4,255.28,120.6,222.15,1363.87,Sales/Events,Group,No,Windy
TN003339,2025-02-04,07:50:00,Pinnacle,4,253.97,128.74,102.39,1247.01,Sales/Events,Group,No,Clear
TN003340,2025-09-21,07:20:00,Pinnacle,3,119.42,95.91,0.0,454.17,Online,Member,No,Clear
TN003341,2025-12-04,08:10:00,Monument,3,309.73,102.47,0.0,1031.66,Online,Public,No,Clear
TN003342,2025-01-13,06:40:00,Pinnacle,3,307.42,98.71,0.0,1020.97,Online,Public,No,Clear
TN003343,2025-03-29,10:30:00,Monument,3,205.52,95.62,0.0,712.18,Walk-up,Member,No,Clear
TN003344,2025-01-11,09:30:00,Pinnacle,3,250.17,100.89,56.91,908.31,Online,Public,No,Clear
TN003345,2025-05-24,15:40:00,Monument,3,85.0,87.54,0.0,342.54,Phone,Member,No,Clear
TN003346,2025-03-08,08:00:00,Monument,4,305.02,136.76,0.0,1356.84,Online,Public,No,Cloudy
TN003347,2025-07-19,15:40:00,Pinnacle,3,85.0,82.76,0.0,337.76,Walk-up,Member,No,Cloudy
TN003348,2025-03-22,08:50:00,Pinnacle,3,278.67,100.16,0.0,936.17,Phone,ResortGuest,No,Clear
TN003349,2025-01-13,12:00:00,Pinnacle,3,218.57,91.43,153.07,900.21,Online,Member,No,Clear
TN003350,2025-01-15,07:20:00,Pinnacle,2,299.37,67.74,131.84,798.32,Phone,Public,No,Cloudy
TN003351,2025-06-23,11:00:00,Pinnacle,4,123.64,136.0,0.0,630.56,Online,ResortGuest,No,Clear
TN003352,2025-06-14,13:20:00,Pinnacle,3,113.06,100.86,0.0,440.04,Online,Public,No,Rain
TN003353,2025-12-07,12:10:00,Monument,3,235.17,98.76,0.0,804.27,Online,Public,No,Clear
TN003354,2025-11-23,06:50:00,Pinnacle,3,299.08,100.06,129.64,1126.94,Phone,Public,No,Clear
TN003355,2025-03-06,07:00:00,Pinnacle,3,338.51,98.28,68.73,1182.54,Online,Public,No,Clear
TN003356,2025-04-21,09:30:00,Pinnacle,3,206.79,101.22,0.0,721.59,Online,Public,No,Clear
TN003357,2025-02-12,08:20:00,Pinnacle,3,258.62,105.66,0.0,881.52,Phone,ResortGuest,No,Clear
TN003358,2025-01-19,14:40:00,Pinnacle,2,166.65,62.57,59.55,455.42,Concierge,ResortGuest,No,Clear
TN003359,2025-02-19,08:20:00,Monument,3,301.89,100.48,0.0,1006.15,Online,Public,No,Clear
TN003360,2025-10-24,12:00:00,Monument,3,157.31,95.25,0.0,567.18,Online,Member,No,Clear
TN003361,2025-08-23,12:00:00,Pinnacle,4,140.45,139.21,193.96,894.97,Online,Public,No,Clear
TN003362,2025-10-25,09:00:00,Monument,3,231.57,103.23,0.0,797.94,Online,Public,No,Clear
TN003363,2025-01-04,08:10:00,Monument,4,214.38,128.13,0.0,985.65,Online,Member,No,Clear
TN003364,2025-05-10,11:30:00,Pinnacle,3,151.34,102.87,0.0,556.89,Online,Public,No,Clear
TN003365,2025-03-29,10:50:00,Monument,3,214.87,101.57,0.0,746.18,Phone,ResortGuest,No,Clear
TN003366,2025-02-28,12:10:00,Monument,4,159.36,120.62,226.72,984.78,Online,Member,No,Clear
TN003367,2025-07-27,06:50:00,Monument,4,135.84,120.7,113.52,777.58,Phone,Group,No,Windy
TN003368,2025-11-19,06:30:00,Monument,2,308.9,68.87,76.98,763.65,Online,Public,No,Clear
TN003369,2025-02-08,07:20:00,Monument,1,295.08,40.0,44.82,379.9,Online,Public,No,Clear
TN003370,2025-06-08,08:50:00,Pinnacle,2,169.81,69.29,0.0,408.91,Online,Public,No,Clear
TN003371,2025-03-02,10:40:00,Pinnacle,2,262.43,67.31,76.16,668.33,Online,Public,No,Clear
TN003372,2025-01-26,10:10:00,Monument,4,223.54,120.66,0.0,1014.82,Phone,Group,No,Clear
TN003373,2025-03-30,07:30:00,Monument,3,278.5,98.78,0.0,934.28,Online,Public,No,Clear
TN003374,2025-03-25,07:20:00,Pinnacle,4,263.12,126.2,0.0,1178.68,Online,Member,No,Clear
TN003375,2025-01-27,08:00:00,Pinnacle,3,302.74,104.3,0.0,1012.52,Online,Public,No,Clear
TN003376,2025-10-12,14:00:00,Pinnacle,4,145.22,122.0,0.0,702.88,Online,Member,No,Windy
TN003377,2025-12-08,13:50:00,Monument,3,230.13,105.08,0.0,795.47,Phone,Public,No,Clear
TN003378,2025-11-23,10:40:00,Pinnacle,4,217.89,123.87,92.67,1088.1,Online,Member,No,Clear
TN003379,2025-12-10,15:40:00,Pinnacle,2,184.29,62.21,0.0,430.79,Online,Public,No,Clear
TN003380,2025-01-19,07:20:00,Pinnacle,3,226.37,95.58,0.0,774.69,Walk-up,Member,No,Cloudy
TN003381,2025-05-25,07:10:00,Pinnacle,3,170.18,98.0,136.41,744.95,Online,Public,No,Clear
TN003382,2025-12-09,07:50:00,Monument,2,306.78,67.68,40.3,721.54,Phone,Public,No,Clear
TN003383,2025-10-12,11:20:00,Monument,4,164.09,126.95,0.0,783.31,Sales/Events,Group,No,Clear
TN003384,2025-08-23,07:10:00,Monument,1,141.43,40.0,0.0,0.0,Phone,ResortGuest,Yes,Rain
TN003385,2025-06-07,11:00:00,Monument,4,113.73,120.99,212.03,787.94,Sales/Events,Group,No,Windy
TN003386,2025-12-26,13:20:00,Monument,4,192.86,125.98,186.82,1084.24,Sales/Events,Group,No,Cloudy
TN003387,2025-11-29,07:40:00,Monument,2,226.24,64.83,106.3,623.61,Online,Member,No,Windy
TN003388,2025-02-04,12:40:00,Monument,3,227.72,102.97,64.06,850.19,Online,Public,No,Clear
TN003389,2025-02-23,08:50:00,Pinnacle,4,303.78,139.01,0.0,1354.13,Online,Public,No,Clear
TN003390,2025-06-08,10:20:00,Pinnacle,2,140.87,68.98,0.0,350.72,Walk-up,Public,No,Clear
TN003391,2025-05-16,11:10:00,Pinnacle,3,118.13,98.52,84.19,537.1,Online,ResortGuest,No,Windy
TN003392,2025-08-09,13:30:00,Pinnacle,4,95.98,120.93,183.06,687.91,Phone,Group,No,Clear
TN003393,2025-10-11,06:50:00,Pinnacle,3,266.14,104.06,0.0,902.48,Online,Public,No,Clear
TN003394,2025-07-12,09:40:00,Pinnacle,4,115.98,129.01,0.0,592.93,Sales/Events,Group,No,Clear
TN003395,2025-12-13,07:30:00,Pinnacle,4,269.09,130.89,0.0,1207.25,Concierge,ResortGuest,No,Clear
TN003396,2025-01-26,06:30:00,Pinnacle,2,250.41,63.99,0.0,564.81,Online,Member,No,Clear
TN003397,2025-12-30,12:00:00,Pinnacle,3,263.69,99.98,151.78,1042.83,Walk-up,Public,No,Clear
TN003398,2025-11-11,07:40:00,Monument,2,319.4,68.2,0.0,707.0,Online,Public,No,Clear
TN003399,2025-05-17,09:00:00,Pinnacle,4,137.11,123.87,0.0,0.0,Sales/Events,Group,Yes,Cloudy
TN003400,2025-11-13,10:50:00,Pinnacle,3,227.4,96.57,124.1,902.87,Phone,Member,No,Clear
TN003401,2025-11-24,08:50:00,Monument,3,242.6,95.28,0.0,823.08,Online,Member,No,Clear
TN003402,2025-12-27,07:30:00,Pinnacle,2,326.93,66.15,0.0,720.01,Online,Public,No,Windy
TN003403,2025-10-12,09:30:00,Pinnacle,1,159.96,40.0,0.0,0.0,Online,Member,Yes,Clear
TN003404,2025-02-08,08:50:00,Pinnacle,3,252.57,105.34,69.49,932.54,Phone,ResortGuest,No,Clear
TN003405,2025-09-18,14:30:00,Pinnacle,3,101.14,91.46,60.2,455.08,Concierge,ResortGuest,No,Cloudy
TN003406,2025-05-06,10:10:00,Monument,4,110.0,123.11,0.0,0.0,Phone,Group,Yes,Clear
TN003407,2025-04-13,15:10:00,Monument,4,125.4,124.06,176.28,801.94,Phone,ResortGuest,No,Clear
TN003408,2025-08-24,06:50:00,Pinnacle,4,152.9,136.5,97.21,845.31,Concierge,ResortGuest,No,Cloudy
TN003409,2025-09-28,11:00:00,Monument,2,99.35,61.24,76.68,336.62,Online,Member,No,Windy
TN003410,2025-03-29,06:40:00,Monument,3,310.19,102.04,0.0,1032.61,Online,Public,No,Clear
TN003411,2025-12-28,06:50:00,Monument,3,245.81,94.14,0.0,831.57,Phone,Member,No,Cloudy
TN003412,2025-11-16,09:00:00,Pinnacle,4,250.87,129.25,0.0,1132.73,Online,Member,No,Clear
TN003413,2025-05-31,07:20:00,Pinnacle,4,143.78,120.34,0.0,695.46,Phone,Group,No,Clear
TN003414,2025-09-13,08:30:00,Monument,4,153.69,140.27,0.0,755.03,Online,Public,No,Cloudy
TN003415,2025-08-12,09:30:00,Pinnacle,3,116.4,90.99,53.72,493.91,Online,Member,No,Clear
TN003416,2025-03-16,07:00:00,Monument,3,232.45,94.76,0.0,792.11,Online,Member,No,Clear
TN003417,2025-03-21,10:30:00,Pinnacle,2,252.62,68.06,49.57,622.87,Online,Public,No,Cloudy
TN003418,2025-08-30,09:30:00,Pinnacle,3,140.56,101.85,136.59,660.12,Phone,Public,No,Clear
TN003419,2025-02-09,08:00:00,Monument,3,282.76,102.97,142.04,1093.29,Walk-up,Public,No,Cloudy
TN003420,2025-06-29,12:20:00,Monument,3,118.63,99.04,0.0,454.93,Online,Public,No,Clear
TN003421,2025-09-16,12:00:00,Monument,4,141.36,138.26,177.75,881.45,Phone,Public,No,Clear
TN003422,2025-08-30,06:50:00,Pinnacle,2,153.1,66.81,0.0,373.01,Online,Public,No,Clear
TN003423,2025-02-01,07:40:00,Pinnacle,4,262.05,122.44,0.0,1170.64,Phone,Member,No,Clear
TN003424,2025-01-04,07:50:00,Pinnacle,4,263.81,130.84,207.42,1393.5,Concierge,ResortGuest,No,Clear
TN003425,2025-12-18,08:20:00,Pinnacle,4,247.21,122.07,205.07,1315.98,Online,Member,No,Cloudy
TN003426,2025-05-03,10:30:00,Pinnacle,2,137.63,69.16,0.0,344.42,Online,Public,No,Clear
TN003427,2025-01-26,15:00:00,Pinnacle,3,210.37,93.14,137.45,861.7,Walk-up,Public,No,Clear
TN003428,2025-01-06,08:30:00,Pinnacle,2,316.46,66.71,0.0,0.0,Phone,Public,Yes,Clear
TN003429,2025-03-08,10:20:00,Monument,4,263.04,137.28,0.0,0.0,Online,Public,Yes,Clear
TN003430,2025-11-26,12:10:00,Pinnacle,3,177.97,96.03,93.31,723.25,Phone,Member,No,Clear
TN003431,2025-04-30,11:40:00,Monument,1,208.8,40.0,0.0,248.8,Online,Public,No,Clear
TN003432,2025-12-08,08:40:00,Pinnacle,4,271.44,135.39,0.0,0.0,Phone,ResortGuest,Yes,Clear
TN003433,2025-03-08,09:20:00,Monument,4,256.0,138.46,279.77,1442.23,Phone,Public,No,Cloudy
TN003434,2025-08-17,13:40:00,Monument,4,105.49,133.29,194.32,749.57,Phone,ResortGuest,No,Clear
TN003435,2025-03-13,06:50:00,Pinnacle,3,282.05,100.5,179.38,1126.03,Concierge,ResortGuest,No,Windy
TN003436,2025-01-19,08:10:00,Pinnacle,4,223.9,129.03,0.0,1024.63,Walk-up,Member,No,Cloudy
TN003437,2025-08-17,06:30:00,Pinnacle,4,145.19,141.28,0.0,722.04,Online,ResortGuest,No,Windy
TN003438,2025-11-23,08:10:00,Pinnacle,4,331.44,134.58,0.0,1460.34,Phone,Public,No,Clear
TN003439,2025-12-20,11:40:00,Monument,3,233.32,103.29,0.0,803.25,Phone,ResortGuest,No,Cloudy
TN003440,2025-09-09,09:10:00,Pinnacle,3,103.62,90.61,0.0,401.47,Online,Member,No,Clear
TN003441,2025-01-21,11:30:00,Pinnacle,4,208.49,120.99,0.0,954.95,Online,Member,No,Clear
TN003442,2025-01-21,09:10:00,Monument,3,201.23,92.68,0.0,696.37,Phone,Group,No,Clear
TN003443,2025-12-27,07:30:00,Monument,4,258.83,131.63,168.39,1335.34,Online,ResortGuest,No,Clear
TN003444,2025-06-03,08:20:00,Pinnacle,4,124.01,123.24,106.22,725.5,Phone,Member,No,Rain
TN003445,2025-12-18,15:10:00,Monument,3,141.49,84.76,0.0,509.23,Online,Member,No,Clear
TN003446,2025-11-23,06:50:00,Monument,2,282.46,66.89,104.54,736.35,Walk-up,Public,No,Clear
TN003447,2025-01-13,15:10:00,Pinnacle,3,185.41,92.4,0.0,648.63,Phone,Public,No,Rain
TN003448,2025-03-11,08:20:00,Monument,4,225.61,128.25,0.0,1030.69,Sales/Events,Group,No,Clear
TN003449,2025-03-22,08:50:00,Pinnacle,4,238.03,125.09,141.43,1218.64,Phone,Group,No,Clear
TN003450,2025-01-13,07:30:00,Pinnacle,3,252.33,97.29,0.0,854.28,Sales/Events,Group,No,Clear
TN003451,2025-09-06,09:10:00,Monument,3,143.26,105.81,155.09,690.68,Online,Public,No,Rain
TN003452,2025-01-21,14:40:00,Monument,3,197.19,90.44,165.97,847.98,Online,Public,No,Clear
TN003453,2025-02-23,06:30:00,Pinnacle,3,236.04,93.83,0.0,801.95,Online,Member,No,Cloudy
TN003454,2025-01-04,08:10:00,Monument,2,255.42,69.94,0.0,0.0,Concierge,ResortGuest,Yes,Cloudy
TN003455,2025-03-29,09:50:00,Monument,3,226.69,105.28,61.36,846.71,Phone,ResortGuest,No,Rain
TN003456,2025-11-17,06:30:00,Pinnacle,4,332.07,132.96,0.0,1461.24,Online,Public,No,Clear
TN003457,2025-12-01,14:00:00,Pinnacle,4,195.73,131.82,79.88,994.62,Concierge,ResortGuest,No,Clear
TN003458,2025-04-05,13:20:00,Monument,4,163.77,140.16,111.2,906.44,Walk-up,Public,No,Clear
TN003459,2025-05-23,09:00:00,Pinnacle,2,155.7,70.23,119.11,500.74,Online,Public,No,Clear
TN003460,2025-01-17,08:10:00,Pinnacle,3,241.98,94.58,0.0,820.52,Phone,Member,No,Windy
TN003461,2025-03-17,07:20:00,Pinnacle,3,244.33,90.15,0.0,823.14,Phone,Group,No,Clear
TN003462,2025-03-16,06:30:00,Monument,3,216.39,91.95,0.0,741.12,Phone,Member,No,Cloudy
TN003463,2025-03-10,07:20:00,Pinnacle,3,303.45,99.46,0.0,1009.81,Online,Public,No,Clear
TN003464,2025-01-23,07:40:00,Pinnacle,4,243.17,121.69,152.54,1246.91,Sales/Events,Group,No,Clear
TN003465,2025-01-25,14:40:00,Pinnacle,3,175.43,89.25,0.0,615.54,Concierge,ResortGuest,No,Clear
TN003466,2025-11-16,06:30:00,Pinnacle,3,265.29,98.38,95.3,989.55,Concierge,ResortGuest,No,Clear
TN003467,2025-11-30,12:00:00,Monument,3,260.69,102.09,81.81,965.97,Online,Public,No,Clear
TN003468,2025-01-05,10:10:00,Pinnacle,3,224.19,94.81,0.0,767.38,Online,Member,No,Clear
TN003469,2025-11-11,09:10:00,Pinnacle,4,288.05,131.37,209.02,1492.59,Online,Public,No,Clear
TN003470,2025-11-05,07:50:00,Monument,3,307.98,98.74,0.0,1022.68,Online,Public,No,Cloudy
TN003471,2025-03-19,08:40:00,Pinnacle,4,303.66,140.93,0.0,0.0,Walk-up,Public,Yes,Rain
TN003472,2025-07-01,14:20:00,Pinnacle,4,96.66,124.1,202.81,713.55,Online,ResortGuest,No,Cloudy
TN003473,2025-06-13,06:40:00,Pinnacle,3,140.09,100.3,79.34,599.91,Phone,ResortGuest,No,Clear
TN003474,2025-10-06,12:10:00,Monument,4,186.17,132.16,276.97,1153.81,Online,Public,No,Clear
TN003475,2025-01-31,09:00:00,Monument,4,225.3,128.41,0.0,1029.61,Sales/Events,Group,No,Cloudy
TN003476,2025-02-23,09:20:00,Pinnacle,2,265.22,69.2,0.0,599.64,Online,Public,No,Clear
TN003477,2025-10-26,09:40:00,Monument,4,175.19,137.71,169.03,1007.5,Phone,ResortGuest,No,Clear
TN003478,2025-08-06,13:50:00,Monument,3,94.65,103.18,0.0,387.13,Online,ResortGuest,No,Clear
TN003479,2025-11-29,08:20:00,Pinnacle,3,326.11,99.24,47.4,1124.97,Online,Public,No,Clear
TN003480,2025-10-11,09:40:00,Pinnacle,4,223.07,133.39,0.0,1025.67,Online,Public,No,Clear
TN003481,2025-02-22,10:20:00,Monument,3,237.34,103.42,164.39,979.83,Online,Public,No,Cloudy
TN003482,2025-02-20,08:40:00,Pinnacle,2,239.24,62.88,72.91,614.27,Online,Member,No,Clear
TN003483,2025-02-18,06:30:00,Monument,4,246.13,134.72,234.84,1354.08,Concierge,ResortGuest,No,Clear
TN003484,2025-03-30,07:40:00,Monument,4,232.01,130.12,0.0,1058.16,Online,Group,No,Clear
TN003485,2025-06-27,09:50:00,Monument,3,109.19,94.54,149.38,571.49,Online,Member,No,Clear
TN003486,2025-11-29,12:00:00,Pinnacle,3,212.1,93.42,168.49,898.21,Sales/Events,Group,No,Clear
TN003487,2025-01-13,09:00:00,Pinnacle,1,309.55,40.0,0.0,0.0,Online,Public,Yes,Cloudy
TN003488,2025-03-08,08:00:00,Monument,4,264.15,126.71,138.44,1321.75,Online,Group,No,Cloudy
TN003489,2025-02-28,10:00:00,Pinnacle,3,195.63,94.21,0.0,681.1,Phone,Member,No,Clear
TN003490,2025-12-06,08:10:00,Monument,3,251.7,101.56,51.62,908.28,Online,ResortGuest,No,Clear
TN003491,2025-06-01,11:10:00,Monument,3,145.53,99.84,0.0,536.43,Online,Public,No,Clear
TN003492,2025-02-06,08:30:00,Pinnacle,2,260.14,63.18,71.16,654.62,Phone,Member,No,Clear
TN003493,2025-03-28,07:20:00,Pinnacle,4,234.32,129.02,225.53,1291.83,Online,Member,No,Cloudy
TN003494,2025-12-20,09:00:00,Monument,3,260.62,104.83,159.39,1046.08,Concierge,ResortGuest,No,Clear
TN003495,2025-12-20,08:20:00,Monument,3,302.47,103.27,0.0,1010.68,Online,Public,No,Clear
TN003496,2025-01-23,06:50:00,Pinnacle,3,321.67,102.67,0.0,1067.68,Online,Public,No,Cloudy
TN003497,2025-12-28,08:40:00,Monument,4,288.56,137.53,0.0,1291.77,Online,Public,No,Cloudy
TN003498,2025-12-28,07:00:00,Monument,4,310.45,139.42,0.0,1381.22,Online,Public,No,Clear
TN003499,2025-11-15,06:50:00,Pinnacle,3,323.1,102.21,116.72,1188.23,Online,Public,No,Clear
TN003500,2025-08-09,09:40:00,Pinnacle,3,113.78,91.46,0.0,432.8,Online,Member,No,Clear
TN003501,2025-12-27,07:50:00,Pinnacle,2,332.26,66.74,105.41,836.67,Phone,Public,No,Clear
TN003502,2025-08-24,08:40:00,Monument,3,158.63,98.22,0.0,0.0,Online,Public,Yes,Windy
TN003503,2025-12-09,09:00:00,Monument,4,282.37,139.21,0.0,1268.69,Concierge,ResortGuest,No,Clear
TN003504,2025-05-25,10:10:00,Monument,4,128.46,131.23,0.0,645.07,Online,Public,No,Clear
TN003505,2025-03-22,06:30:00,Monument,4,241.03,131.71,0.0,1095.83,Phone,ResortGuest,No,Cloudy
TN003506,2025-01-13,09:20:00,Pinnacle,2,264.11,65.81,55.98,650.01,Online,Public,No,Clear
TN003507,2025-05-31,09:40:00,Pinnacle,4,141.58,136.69,0.0,703.01,Online,Public,No,Clear
TN003508,2025-12-23,07:40:00,Monument,4,317.59,131.9,0.0,1402.26,Online,Public,No,Clear
TN003509,2025-09-28,06:40:00,Monument,4,140.6,137.86,0.0,700.26,Concierge,ResortGuest,No,Clear
TN003510,2025-11-27,06:40:00,Monument,4,259.29,121.81,143.69,1302.66,Sales/Events,Group,No,Clear
TN003511,2025-02-18,09:00:00,Pinnacle,2,246.06,64.0,0.0,556.12,Walk-up,Member,No,Windy
TN003512,2025-08-23,08:50:00,Pinnacle,2,127.43,62.73,0.0,0.0,Sales/Events,Group,Yes,Clear
TN003513,2025-01-27,11:10:00,Monument,3,194.3,90.34,0.0,673.24,Walk-up,Member,No,Clear
TN003514,2025-10-05,06:50:00,Pinnacle,4,190.79,124.77,100.25,988.18,Phone,Member,No,Clear
TN003515,2025-04-30,09:00:00,Pinnacle,3,243.55,102.2,0.0,832.85,Online,Public,No,Clear
TN003516,2025-02-03,09:00:00,Pinnacle,4,308.18,136.69,0.0,1369.41,Online,Public,No,Clear
TN003517,2025-09-18,14:50:00,Pinnacle,3,104.17,88.66,56.98,458.15,Online,Public,No,Clear
TN003518,2025-11-05,12:50:00,Pinnacle,4,218.31,133.25,169.7,1176.19,Online,Public,No,Cloudy
TN003519,2025-01-30,06:40:00,Pinnacle,2,297.77,66.47,0.0,662.01,Online,Public,No,Cloudy
TN003520,2025-08-30,10:50:00,Pinnacle,3,119.0,96.31,72.21,525.52,Walk-up,Member,No,Rain
TN003521,2025-05-20,08:50:00,Pinnacle,3,138.2,94.4,177.97,686.97,Phone,Group,No,Windy
TN003522,2025-11-05,08:30:00,Pinnacle,2,306.0,67.32,0.0,679.32,Phone,Public,No,Clear
TN003523,2025-11-23,12:40:00,Monument,4,180.41,122.36,0.0,844.0,Phone,Member,No,Cloudy
TN003524,2025-09-16,11:50:00,Pinnacle,3,118.07,94.46,0.0,448.67,Online,Member,No,Clear
TN003525,2025-10-26,13:10:00,Monument,4,157.69,141.23,177.25,949.24,Concierge,ResortGuest,No,Clear
TN003526,2025-03-16,11:30:00,Monument,4,243.21,136.06,0.0,1108.9,Online,Public,No,Clear
TN003527,2025-04-06,07:30:00,Pinnacle,4,202.23,125.55,151.57,1086.04,Online,Member,No,Clear
TN003528,2025-12-21,07:10:00,Pinnacle,4,319.79,131.46,89.31,1499.93,Phone,Public,No,Clear
TN003529,2025-08-24,11:10:00,Pinnacle,2,138.08,65.88,0.0,342.04,Walk-up,Public,No,Rain
TN003530,2025-02-28,12:20:00,Monument,4,203.19,139.72,0.0,952.48,Online,Public,No,Clear
TN003531,2025-09-21,15:00:00,Monument,4,85.0,113.62,0.0,453.62,Phone,Group,No,Clear
TN003532,2025-08-30,06:50:00,Monument,3,125.87,93.55,0.0,471.16,Walk-up,Member,No,Clear
TN003533,2025-11-02,08:30:00,Monument,4,280.13,141.06,0.0,1261.58,Phone,Public,No,Clear
TN003534,2025-04-27,13:30:00,Pinnacle,4,180.1,133.21,0.0,853.61,Online,Public,No,Clear
TN003535,2025-11-07,07:50:00,Pinnacle,3,228.99,92.0,154.7,933.67,Walk-up,Member,No,Clear
TN003536,2025-08-02,10:40:00,Monument,3,115.15,91.49,0.0,436.94,Phone,Group,No,Cloudy
TN003537,2025-09-28,12:10:00,Monument,4,100.12,127.43,0.0,527.91,Sales/Events,Group,No,Clear
TN003538,2025-05-11,08:20:00,Monument,2,168.39,67.49,0.0,404.27,Online,Public,No,Windy
TN003539,2025-01-04,08:10:00,Pinnacle,3,313.94,104.74,0.0,1046.56,Online,Public,No,Windy
TN003540,2025-01-26,07:00:00,Pinnacle,4,305.58,134.16,0.0,1356.48,Online,Public,No,Cloudy
TN003541,2025-12-07,12:10:00,Monument,3,229.6,103.61,128.08,920.49,Online,Public,No,Clear
TN003542,2025-03-29,07:10:00,Monument,3,273.1,99.88,105.96,1025.14,Online,ResortGuest,No,Clear
TN003543,2025-03-09,07:10:00,Pinnacle,2,289.62,65.99,57.61,702.84,Online,Public,No,Clear
TN003544,2025-05-31,11:30:00,Monument,3,146.87,99.34,49.41,589.36,Online,Public,No,Clear
TN003545,2025-11-03,12:10:00,Pinnacle,2,188.06,63.26,101.07,540.45,Online,Member,No,Clear
TN003546,2025-01-11,12:00:00,Monument,4,206.5,129.22,180.61,1135.83,Online,Group,No,Clear
TN003547,2025-01-11,09:40:00,Pinnacle,4,248.37,138.31,208.95,1340.74,Online,Public,No,Cloudy
TN003548,2025-06-28,07:30:00,Monument,4,138.41,129.44,0.0,683.08,Sales/Events,Group,No,Clear
TN003549,2025-03-08,12:00:00,Pinnacle,3,239.26,90.38,0.0,808.16,Sales/Events,Group,No,Clear
TN003550,2025-12-28,14:20:00,Pinnacle,2,193.03,61.05,0.0,447.11,Online,Public,No,Clear
TN003551,2025-03-15,07:40:00,Monument,4,251.85,129.3,236.92,1373.62,Phone,Group,No,Clear
TN003552,2025-05-17,15:00:00,Monument,4,87.79,122.73,198.95,672.84,Concierge,ResortGuest,No,Clear
TN003553,2025-11-24,12:40:00,Monument,3,204.07,104.02,94.6,810.83,Phone,Public,No,Clear
TN003554,2025-11-01,08:10:00,Monument,3,256.92,90.09,46.4,907.25,Sales/Events,Group,No,Cloudy
TN003555,2025-12-17,10:20:00,Pinnacle,4,222.39,126.34,200.16,1216.06,Online,Member,No,Cloudy
TN003556,2025-11-08,08:10:00,Pinnacle,2,300.31,70.29,0.0,670.91,Phone,Public,No,Clear
TN003557,2025-12-10,11:30:00,Pinnacle,4,281.71,138.8,0.0,1265.64,Walk-up,Public,No,Clear
TN003558,2025-03-19,11:30:00,Pinnacle,4,217.27,125.26,247.27,1241.61,Online,Group,No,Clear
TN003559,2025-02-16,10:00:00,Monument,3,213.69,91.7,81.5,814.27,Online,Member,No,Clear
TN003560,2025-11-02,07:10:00,Monument,1,286.33,40.0,58.83,385.16,Online,Public,No,Clear
TN003561,2025-11-05,08:30:00,Pinnacle,2,308.83,70.23,0.0,687.89,Walk-up,Public,No,Cloudy
TN003562,2025-01-25,11:30:00,Pinnacle,4,219.06,129.46,91.03,1096.73,Sales/Events,Group,No,Clear
TN003563,2025-09-13,13:50:00,Pinnacle,4,105.13,139.09,0.0,559.61,Phone,ResortGuest,No,Clear
TN003564,2025-12-24,07:00:00,Pinnacle,3,244.98,92.58,0.0,827.52,Online,Member,No,Clear
TN003565,2025-11-30,07:20:00,Monument,4,280.56,137.68,81.59,1341.51,Online,Public,No,Clear
TN003566,2025-08-31,08:30:00,Monument,3,150.94,105.32,143.55,701.69,Online,Public,No,Rain
TN003567,2025-07-19,07:20:00,Monument,3,158.88,99.0,0.0,575.64,Online,Public,No,Clear
TN003568,2025-04-14,12:50:00,Monument,3,183.01,102.49,0.0,651.52,Online,Public,No,Clear
TN003569,2025-07-22,15:10:00,Pinnacle,3,85.13,87.82,0.0,343.21,Online,Member,No,Windy
TN003570,2025-12-29,10:50:00,Monument,3,187.69,91.11,155.12,809.3,Online,Member,No,Cloudy
TN003571,2025-12-13,13:20:00,Monument,3,215.22,99.21,69.93,814.8,Phone,Public,No,Cloudy
TN003572,2025-01-22,10:30:00,Pinnacle,3,222.91,102.12,157.17,928.02,Phone,ResortGuest,No,Clear
TN003573,2025-05-03,12:00:00,Pinnacle,3,107.02,92.93,0.0,413.99,Online,Member,No,Clear
TN003574,2025-03-16,06:40:00,Monument,3,261.56,99.19,0.0,883.87,Concierge,ResortGuest,No,Windy
TN003575,2025-09-05,08:10:00,Monument,4,129.33,123.27,0.0,640.59,Sales/Events,Group,No,Clear
TN003576,2025-12-19,08:00:00,Pinnacle,4,268.95,125.3,133.2,1334.3,Sales/Events,Group,No,Clear
TN003577,2025-01-09,08:20:00,Pinnacle,3,277.29,96.61,0.0,928.48,Sales/Events,Group,No,Clear
TN003578,2025-06-15,10:20:00,Pinnacle,3,152.75,104.78,0.0,563.03,Online,Public,No,Clear
TN003579,2025-02-22,07:30:00,Pinnacle,3,251.41,93.52,108.26,956.01,Phone,Group,No,Clear
TN003580,2025-07-13,06:50:00,Monument,2,117.26,63.99,137.7,436.21,Online,Member,No,Cloudy
TN003581,2025-08-24,11:50:00,Pinnacle,4,147.69,133.35,0.0,724.11,Phone,Public,No,Clear
TN003582,2025-07-05,09:00:00,Pinnacle,3,175.78,102.35,0.0,0.0,Online,Public,Yes,Clear
TN003583,2025-09-20,07:40:00,Pinnacle,3,160.19,99.67,64.09,644.33,Online,Public,No,Clear
TN003584,2025-03-19,07:50:00,Pinnacle,2,249.54,63.65,71.11,633.84,Phone,Member,No,Clear
TN003585,2025-01-23,10:50:00,Pinnacle,3,292.11,104.69,68.89,1049.91,Online,Public,No,Clear
TN003586,2025-11-02,07:00:00,Pinnacle,1,317.29,40.0,46.66,403.95,Online,Public,No,Cloudy
TN003587,2025-09-27,12:50:00,Pinnacle,3,120.52,102.95,67.63,532.14,Online,Public,No,Cloudy
TN003588,2025-03-08,07:10:00,Pinnacle,3,297.52,105.69,82.01,1080.26,Online,Public,No,Cloudy
TN003589,2025-12-06,11:10:00,Monument,4,271.18,134.87,0.0,1219.59,Online,Public,No,Clear
TN003590,2025-12-13,06:50:00,Monument,4,225.32,126.85,0.0,1028.13,Online,Member,No,Clear
TN003591,2025-09-20,08:50:00,Pinnacle,3,156.33,100.52,157.3,726.81,Online,Public,No,Clear
TN003592,2025-06-01,14:30:00,Monument,4,90.35,120.4,215.68,697.48,Phone,ResortGuest,No,Cloudy
TN003593,2025-02-03,13:10:00,Monument,3,194.7,97.94,0.0,682.04,Online,ResortGuest,No,Clear
TN003594,2025-11-02,08:00:00,Pinnacle,3,307.54,105.86,104.42,1132.9,Online,Public,No,Cloudy
TN003595,2025-01-01,07:40:00,Pinnacle,4,284.37,140.73,0.0,1278.21,Concierge,ResortGuest,No,Clear
TN003596,2025-03-24,07:30:00,Pinnacle,3,258.19,94.78,51.97,921.32,Online,Member,No,Clear
TN003597,2025-08-23,10:20:00,Pinnacle,3,147.8,99.28,106.1,648.78,Online,Public,No,Cloudy
TN003598,2025-12-14,08:30:00,Monument,2,318.35,68.02,92.06,796.78,Online,Public,No,Clear
TN003599,2025-02-14,10:40:00,Monument,4,264.06,135.94,270.64,1462.82,Online,Public,No,Clear
TN003600,2025-04-02,08:10:00,Pinnacle,2,261.4,65.88,127.66,716.34,Online,Public,No,Cloudy
TN003601,2025-05-11,06:30:00,Monument,2,132.58,63.75,0.0,328.91,Online,Member,No,Cloudy
TN003602,2025-11-23,09:20:00,Pinnacle,3,209.85,91.08,82.79,803.42,Online,Member,No,Clear
TN003603,2025-12-07,07:10:00,Monument,4,321.26,136.8,64.62,1486.46,Online,Public,No,Clear
TN003604,2025-02-22,11:20:00,Monument,3,257.67,101.14,118.23,992.38,Online,Public,No,Windy
TN003605,2025-03-28,11:20:00,Monument,4,278.25,136.77,0.0,1249.77,Phone,Public,No,Clear
TN003606,2025-10-11,10:00:00,Monument,4,169.48,121.75,251.19,1050.86,Online,Member,No,Clear
TN003607,2025-01-12,08:30:00,Pinnacle,3,279.15,102.26,0.0,939.71,Phone,ResortGuest,No,Clear
TN003608,2025-11-21,08:40:00,Monument,3,252.49,100.7,44.67,902.84,Phone,ResortGuest,No,Clear
TN003609,2025-07-22,09:10:00,Pinnacle,2,151.1,67.6,0.0,369.8,Online,Public,No,Clear
TN003610,2025-07-27,13:00:00,Pinnacle,3,127.19,98.34,174.26,654.17,Online,Public,No,Clear
TN003611,2025-09-27,07:50:00,Monument,4,116.13,127.8,0.0,592.32,Online,Member,No,Rain
TN003612,2025-06-01,15:30:00,Pinnacle,3,108.22,95.45,0.0,0.0,Online,Public,Yes,Clear
TN003613,2025-03-22,12:00:00,Pinnacle,3,227.65,104.06,80.81,867.82,Concierge,ResortGuest,No,Clear
TN003614,2025-02-18,08:10:00,Pinnacle,3,242.74,94.17,0.0,822.39,Phone,Member,No,Clear
TN003615,2025-03-31,11:10:00,Pinnacle,3,281.21,100.72,0.0,944.35,Online,Public,No,Clear
TN003616,2025-02-11,08:00:00,Monument,2,240.05,63.81,0.0,543.91,Phone,Member,No,Cloudy
TN003617,2025-11-15,09:20:00,Pinnacle,1,272.72,40.0,0.0,0.0,Online,Public,Yes,Clear
TN003618,2025-12-21,08:30:00,Monument,3,234.81,96.83,45.74,847.0,Phone,Member,No,Clear
TN003619,2025-06-11,13:20:00,Monument,4,110.31,134.19,201.61,777.04,Online,Public,No,Clear
TN003620,2025-12-03,11:00:00,Pinnacle,2,281.29,69.96,0.0,632.54,Phone,Public,No,Clear
TN003621,2025-02-24,06:50:00,Pinnacle,3,259.61,91.13,0.0,869.96,Sales/Events,Group,No,Cloudy
TN003622,2025-02-22,14:50:00,Monument,1,176.64,40.0,0.0,216.64,Online,Public,No,Clear
TN003623,2025-11-12,08:30:00,Monument,3,264.37,104.92,0.0,898.03,Online,ResortGuest,No,Clear
TN003624,2025-01-19,06:50:00,Pinnacle,2,229.81,60.5,0.0,0.0,Walk-up,Member,Yes,Clear
TN003625,2025-12-13,08:30:00,Monument,3,297.22,101.63,151.42,1144.71,Online,Public,No,Clear
TN003626,2025-12-17,07:50:00,Monument,3,288.61,99.65,0.0,965.48,Online,Public,No,Cloudy
TN003627,2025-08-27,15:40:00,Pinnacle,3,85.0,84.52,0.0,339.52,Walk-up,Member,No,Cloudy
TN003628,2025-03-30,08:40:00,Pinnacle,3,278.36,104.44,0.0,0.0,Phone,ResortGuest,Yes,Cloudy
TN003629,2025-01-23,07:30:00,Monument,3,239.36,94.32,91.12,903.52,Walk-up,Member,No,Rain
TN003630,2025-02-01,07:30:00,Pinnacle,3,283.12,100.33,0.0,0.0,Concierge,ResortGuest,Yes,Cloudy
TN003631,2025-02-12,06:30:00,Pinnacle,3,289.62,104.54,81.17,1054.57,Concierge,ResortGuest,No,Clear
TN003632,2025-01-01,09:40:00,Monument,2,260.66,67.21,0.0,588.53,Online,Public,No,Windy
TN003633,2025-02-26,08:20:00,Monument,3,314.54,101.54,99.42,1144.58,Online,Public,No,Clear
TN003634,2025-02-11,09:40:00,Pinnacle,2,277.12,70.31,113.18,737.73,Online,Public,No,Clear
TN003635,2025-06-01,09:40:00,Monument,4,120.45,124.05,223.96,829.81,Sales/Events,Group,No,Clear
TN003636,2025-10-12,11:40:00,Pinnacle,3,154.7,94.56,96.2,654.86,Online,Member,No,Clear
TN003637,2025-08-22,09:50:00,Monument,2,114.52,64.24,105.56,398.84,Online,Member,No,Rain
TN003638,2025-06-08,11:20:00,Pinnacle,3,141.07,103.96,0.0,527.17,Walk-up,Public,No,Clear
TN003639,2025-02-03,09:20:00,Monument,3,243.86,103.04,73.05,907.67,Online,Public,No,Windy
TN003640,2025-12-02,08:40:00,Monument,4,267.79,134.54,109.64,1315.34,Concierge,ResortGuest,No,Clear
TN003641,2025-06-29,10:40:00,Monument,4,129.67,132.93,0.0,651.61,Walk-up,Public,No,Clear
TN003642,2025-02-19,12:00:00,Pinnacle,3,280.09,103.34,0.0,0.0,Online,Public,Yes,Clear
TN003643,2025-05-08,10:30:00,Pinnacle,3,134.47,99.03,0.0,502.44,Online,Public,No,Cloudy
TN003644,2025-02-16,08:40:00,Pinnacle,2,329.85,65.62,0.0,725.32,Online,Public,No,Clear
TN003645,2025-06-08,08:00:00,Pinnacle,4,130.35,128.1,143.58,793.08,Walk-up,Member,No,Windy
TN003646,2025-02-01,07:00:00,Monument,4,282.6,130.66,66.08,1327.14,Online,Public,No,Clear
TN003647,2025-02-26,07:00:00,Monument,4,262.85,128.36,152.57,1332.33,Phone,Group,No,Clear
TN003648,2025-04-12,07:40:00,Monument,3,218.47,102.28,0.0,757.69,Online,Public,No,Windy
TN003649,2025-04-19,07:10:00,Monument,4,186.66,125.01,102.14,973.79,Phone,Group,No,Clear
TN003650,2025-11-01,11:40:00,Monument,3,263.31,100.19,0.0,890.12,Phone,Public,No,Clear
TN003651,2025-03-01,14:40:00,Pinnacle,4,156.69,111.57,0.0,0.0,Online,Group,Yes,Windy
TN003652,2025-11-05,08:20:00,Pinnacle,3,238.71,95.0,116.66,927.79,Online,Member,No,Cloudy
TN003653,2025-03-01,12:50:00,Pinnacle,4,226.51,130.89,75.42,1112.35,Online,Public,No,Clear
TN003654,2025-12-22,08:40:00,Pinnacle,2,338.3,65.34,99.5,841.44,Phone,Public,No,Clear
TN003655,2025-08-10,09:00:00,Monument,3,119.85,96.75,206.16,662.46,Online,Member,No,Cloudy
TN003656,2025-01-10,10:40:00,Monument,3,225.96,101.46,125.01,904.35,Phone,ResortGuest,No,Clear
TN003657,2025-11-14,07:00:00,Monument,4,248.22,133.58,0.0,1126.46,Online,ResortGuest,No,Clear
TN003658,2025-11-29,07:30:00,Pinnacle,3,263.58,101.02,0.0,891.76,Online,ResortGuest,No,Clear
TN003659,2025-05-11,07:20:00,Pinnacle,3,155.72,103.38,124.11,694.65,Online,Public,No,Clear
TN003660,2025-03-08,10:40:00,Pinnacle,3,287.79,102.57,0.0,965.94,Walk-up,Public,No,Clear
TN003661,2025-06-13,06:40:00,Pinnacle,4,169.87,130.92,0.0,810.4,Walk-up,Public,No,Clear
TN003662,2025-12-07,08:20:00,Pinnacle,4,321.0,137.48,0.0,1421.48,Online,Public,No,Clear
TN003663,2025-05-04,15:50:00,Pinnacle,4,85.0,111.71,199.37,651.08,Walk-up,Member,No,Clear
TN003664,2025-11-22,08:40:00,Pinnacle,2,295.57,68.09,58.02,717.25,Online,Public,No,Clear
TN003665,2025-05-10,08:00:00,Monument,3,146.42,104.84,100.15,644.25,Online,Public,No,Cloudy
TN003666,2025-11-25,06:30:00,Pinnacle,2,243.38,62.94,127.11,676.81,Online,Member,No,Clear
TN003667,2025-02-07,08:20:00,Monument,3,258.88,105.52,66.69,948.85,Concierge,ResortGuest,No,Cloudy
TN003668,2025-05-31,10:50:00,Monument,3,139.94,98.93,66.89,585.64,Phone,Public,No,Clear
TN003669,2025-01-04,08:00:00,Pinnacle,3,293.97,98.98,124.15,1105.04,Online,Public,No,Clear
TN003670,2025-04-06,15:40:00,Pinnacle,3,147.41,91.21,135.65,669.09,Phone,Public,No,Clear
TN003671,2025-02-01,06:30:00,Pinnacle,4,227.96,122.22,0.0,1034.06,Phone,Member,No,Clear
TN003672,2025-03-31,08:00:00,Pinnacle,4,328.33,139.94,93.63,1546.89,Online,Public,No,Clear
TN003673,2025-11-14,08:50:00,Monument,3,298.26,105.18,57.23,1057.19,Online,Public,No,Windy
TN003674,2025-02-23,08:50:00,Pinnacle,3,326.62,104.62,0.0,1084.48,Online,Public,No,Clear
TN003675,2025-02-21,12:30:00,Monument,1,224.85,40.0,0.0,264.85,Online,Public,No,Clear
TN003676,2025-08-09,13:30:00,Pinnacle,3,118.03,105.7,110.77,570.56,Online,Public,No,Windy
TN003677,2025-12-09,09:50:00,Pinnacle,4,210.11,125.95,0.0,966.39,Online,Member,No,Clear
TN003678,2025-12-21,07:10:00,Monument,3,253.0,101.95,125.5,986.45,Phone,ResortGuest,No,Clear
TN003679,2025-12-27,07:00:00,Pinnacle,4,224.83,130.06,263.75,1293.13,Walk-up,Member,No,Clear
TN003680,2025-03-30,12:50:00,Pinnacle,3,237.47,103.74,138.38,954.53,Online,Public,No,Clear
TN003681,2025-05-01,09:50:00,Pinnacle,3,105.91,95.57,0.0,413.3,Online,Member,No,Clear
TN003682,2025-02-03,12:50:00,Pinnacle,4,227.0,134.03,0.0,1042.03,Phone,Public,No,Cloudy
TN003683,2025-05-02,13:50:00,Monument,3,115.21,102.19,152.1,599.92,Walk-up,Public,No,Clear
TN003684,2025-07-16,12:10:00,Pinnacle,3,128.3,100.74,77.56,563.2,Online,Public,No,Cloudy
TN003685,2025-02-10,09:40:00,Monument,4,237.53,139.46,235.89,1325.47,Concierge,ResortGuest,No,Clear
TN003686,2025-12-07,09:10:00,Monument,3,273.5,104.18,130.89,1055.57,Phone,Public,No,Clear
TN003687,2025-09-06,06:40:00,Monument,3,148.78,99.67,0.0,0.0,Online,Public,Yes,Cloudy
TN003688,2025-08-10,07:30:00,Pinnacle,3,147.92,104.64,0.0,548.4,Concierge,ResortGuest,No,Windy
TN003689,2025-04-28,08:30:00,Monument,2,202.24,65.59,0.0,470.07,Concierge,ResortGuest,No,Clear
TN003690,2025-03-19,07:30:00,Monument,3,214.3,96.74,43.92,783.56,Walk-up,Member,No,Clear
TN003691,2025-12-22,07:30:00,Monument,2,235.7,63.33,0.0,534.73,Phone,Member,No,Windy
TN003692,2025-04-12,11:10:00,Monument,3,207.43,98.4,154.13,874.82,Phone,Public,No,Cloudy
TN003693,2025-12-21,11:00:00,Monument,3,194.05,92.6,93.87,768.62,Online,Member,No,Clear
TN003694,2025-09-21,14:30:00,Pinnacle,3,87.49,94.59,132.18,489.24,Concierge,ResortGuest,No,Clear
TN003695,2025-01-22,14:20:00,Monument,4,142.38,110.06,0.0,679.58,Online,Member,No,Clear
TN003696,2025-04-05,07:20:00,Monument,4,233.66,135.86,80.97,1151.47,Online,Public,No,Clear
TN003697,2025-12-31,08:50:00,Monument,3,301.35,102.53,0.0,1006.58,Phone,Public,No,Cloudy
TN003698,2025-01-18,08:40:00,Monument,2,316.35,70.05,0.0,702.75,Online,Public,No,Windy
TN003699,2025-07-12,08:20:00,Monument,4,127.09,125.12,0.0,633.48,Walk-up,Member,No,Clear
TN003700,2025-02-02,13:50:00,Pinnacle,3,233.87,105.51,0.0,0.0,Online,Public,Yes,Cloudy
TN003701,2025-12-04,09:10:00,Pinnacle,3,251.73,100.83,0.0,0.0,Phone,Public,Yes,Clear
TN003702,2025-05-17,11:50:00,Pinnacle,3,143.26,105.83,0.0,535.61,Phone,Public,No,Clear
TN003703,2025-12-06,06:50:00,Pinnacle,4,337.1,136.62,210.11,1695.13,Online,Public,No,Clear
TN003704,2025-06-29,08:30:00,Pinnacle,2,173.21,67.05,64.54,478.01,Online,Public,No,Clear
TN003705,2025-06-08,11:10:00,Monument,3,136.99,97.99,170.85,679.81,Online,Public,No,Windy
TN003706,2025-11-30,08:00:00,Monument,3,290.11,100.31,120.2,1090.84,Phone,Public,No,Clear
TN003707,2025-04-05,08:30:00,Monument,3,205.72,99.49,0.0,716.65,Concierge,ResortGuest,No,Clear
TN003708,2025-11-12,10:30:00,Pinnacle,3,220.04,96.4,0.0,756.52,Walk-up,Member,No,Clear
TN003709,2025-01-18,08:20:00,Monument,4,218.78,126.62,0.0,1001.74,Walk-up,Member,No,Clear
TN003710,2025-09-07,14:00:00,Pinnacle,3,132.32,100.13,0.0,497.09,Online,Public,No,Cloudy
TN003711,2025-12-27,08:10:00,Monument,3,226.67,90.89,0.0,770.9,Sales/Events,Group,No,Clear
TN003712,2025-11-08,08:30:00,Monument,3,305.6,102.05,49.93,1068.78,Online,Public,No,Clear
TN003713,2025-01-10,08:00:00,Pinnacle,3,234.76,96.45,54.99,855.72,Online,Member,No,Clear
TN003714,2025-07-06,13:20:00,Monument,3,120.08,99.91,0.0,460.15,Online,Public,No,Windy
TN003715,2025-07-09,11:00:00,Pinnacle,4,124.09,126.02,228.55,850.93,Sales/Events,Group,No,Clear
TN003716,2025-08-06,07:30:00,Pinnacle,3,179.94,104.87,110.57,755.26,Online,Public,No,Cloudy
TN003717,2025-04-12,09:00:00,Pinnacle,4,206.19,122.82,205.23,1152.81,Walk-up,Member,No,Clear
TN003718,2025-01-06,12:20:00,Pinnacle,2,198.26,66.92,78.72,542.16,Concierge,ResortGuest,No,Cloudy
TN003719,2025-02-06,07:00:00,Pinnacle,4,262.29,140.78,0.0,1189.94,Concierge,ResortGuest,No,Clear
TN003720,2025-08-01,13:50:00,Pinnacle,2,129.35,66.56,0.0,0.0,Online,Public,Yes,Clear
TN003721,2025-01-16,08:10:00,Monument,3,221.79,96.27,0.0,761.64,Online,Member,No,Clear
TN003722,2025-05-03,08:50:00,Pinnacle,3,177.89,102.45,57.12,693.24,Online,Public,No,Clear
TN003723,2025-06-29,12:20:00,Pinnacle,2,131.96,67.92,57.25,389.09,Walk-up,Public,No,Cloudy
TN003724,2025-08-02,11:30:00,Pinnacle,3,149.87,101.56,130.28,681.45,Online,Public,No,Clear
TN003725,2025-01-18,07:30:00,Monument,3,218.11,91.52,0.0,745.85,Online,Member,No,Cloudy
TN003726,2025-06-21,13:00:00,Monument,3,85.86,97.52,0.0,355.1,Online,Member,No,Clear
TN003727,2025-03-04,08:00:00,Pinnacle,3,260.49,93.85,94.37,969.69,Online,Member,No,Clear
TN003728,2025-08-16,13:50:00,Monument,4,102.19,136.9,0.0,545.66,Online,ResortGuest,No,Clear
TN003729,2025-12-21,07:10:00,Pinnacle,3,300.47,102.73,61.57,1065.71,Phone,Public,No,Clear
TN003730,2025-11-22,06:40:00,Pinnacle,3,287.19,105.36,0.0,966.93,Online,Public,No,Clear
TN003731,2025-10-25,12:40:00,Pinnacle,4,164.49,137.15,70.64,865.75,Concierge,ResortGuest,No,Clear
TN003732,2025-02-01,07:00:00,Pinnacle,3,316.59,105.87,86.97,1142.61,Online,Public,No,Windy
TN003733,2025-08-07,11:50:00,Pinnacle,3,120.41,97.05,0.0,458.28,Phone,Member,No,Clear
TN003734,2025-05-04,12:30:00,Monument,4,100.9,126.37,73.84,603.81,Online,Group,No,Clear
TN003735,2025-09-27,14:10:00,Pinnacle,2,85.0,56.4,41.55,267.95,Phone,Member,No,Cloudy
TN003736,2025-02-15,10:50:00,Pinnacle,3,282.44,103.6,0.0,950.92,Online,Public,No,Clear
TN003737,2025-02-24,08:00:00,Monument,2,257.71,70.32,72.16,657.9,Concierge,ResortGuest,No,Clear
TN003738,2025-11-11,06:30:00,Monument,2,220.13,63.61,0.0,503.87,Online,Member,No,Clear
TN003739,2025-12-02,08:10:00,Monument,4,298.49,138.15,0.0,1332.11,Online,Public,No,Clear
TN003740,2025-02-03,09:50:00,Pinnacle,4,259.43,137.19,0.0,1174.91,Online,Public,No,Clear
TN003741,2025-01-24,09:00:00,Pinnacle,3,317.78,98.95,0.0,1052.29,Online,Public,No,Cloudy
TN003742,2025-06-21,07:00:00,Monument,1,170.75,40.0,36.42,247.17,Online,Public,No,Clear
TN003743,2025-11-14,07:20:00,Monument,2,291.36,65.44,86.37,734.53,Walk-up,Public,No,Clear
TN003744,2025-02-09,09:00:00,Pinnacle,3,325.86,103.39,0.0,1080.97,Phone,Public,No,Clear
TN003745,2025-05-31,13:00:00,Monument,3,125.19,100.91,0.0,476.48,Online,Public,No,Clear
TN003746,2025-04-05,12:00:00,Monument,1,188.86,40.0,0.0,0.0,Online,ResortGuest,Yes,Cloudy
TN003747,2025-03-23,12:40:00,Pinnacle,3,217.99,99.3,0.0,753.27,Online,Public,No,Clear
TN003748,2025-06-07,10:00:00,Monument,3,131.38,104.55,108.14,606.83,Phone,Public,No,Clear
TN003749,2025-12-13,07:00:00,Monument,3,256.45,101.28,0.0,870.63,Concierge,ResortGuest,No,Clear
TN003750,2025-03-01,08:10:00,Pinnacle,2,312.33,68.24,0.0,692.9,Online,Public,No,Cloudy
TN003751,2025-12-07,07:20:00,Monument,4,310.73,134.92,175.67,1553.51,Online,Public,No,Clear
TN003752,2025-02-23,09:00:00,Pinnacle,3,312.08,105.98,92.17,1134.39,Online,Public,No,Cloudy
TN003753,2025-02-22,12:10:00,Pinnacle,4,206.36,139.36,0.0,964.8,Phone,ResortGuest,No,Clear
TN003754,2025-08-20,07:40:00,Pinnacle,4,171.34,139.46,0.0,824.82,Online,Public,No,Clear
TN003755,2025-10-20,08:10:00,Monument,3,230.12,100.67,0.0,791.03,Walk-up,Public,No,Clear
TN003756,2025-12-20,15:30:00,Monument,3,173.11,92.02,74.81,686.16,Phone,ResortGuest,No,Clear
TN003757,2025-12-29,06:40:00,Pinnacle,3,330.15,98.37,93.25,1182.07,Walk-up,Public,No,Cloudy
TN003758,2025-08-26,09:00:00,Pinnacle,4,122.29,126.62,138.95,754.73,Online,Member,No,Clear
TN003759,2025-08-02,08:30:00,Monument,2,146.45,70.26,0.0,363.16,Online,Public,No,Clear
TN003760,2025-05-18,07:10:00,Pinnacle,2,157.14,70.22,0.0,384.5,Walk-up,Public,No,Windy
TN003761,2025-04-27,10:40:00,Pinnacle,4,197.91,140.2,0.0,0.0,Online,Public,Yes,Clear
TN003762,2025-01-05,09:10:00,Pinnacle,2,256.19,66.24,123.67,702.29,Phone,Public,No,Clear
TN003763,2025-04-27,13:20:00,Monument,2,160.88,67.69,65.28,454.73,Online,Public,No,Clear
TN003764,2025-01-23,13:20:00,Monument,3,159.89,95.96,41.45,617.08,Online,Member,No,Clear
TN003765,2025-04-06,08:00:00,Monument,4,215.55,131.69,154.66,1148.55,Concierge,ResortGuest,No,Clear
TN003766,2025-11-11,09:00:00,Pinnacle,3,266.48,102.75,89.31,991.5,Concierge,ResortGuest,No,Clear
TN003767,2025-11-02,08:20:00,Monument,3,240.48,100.01,0.0,821.45,Concierge,ResortGuest,No,Cloudy
TN003768,2025-02-12,07:40:00,Pinnacle,4,259.25,128.75,102.33,1268.08,Online,Group,No,Clear
TN003769,2025-01-15,08:20:00,Monument,3,250.14,91.75,106.04,948.21,Online,Member,No,Clear
TN003770,2025-04-26,11:40:00,Monument,1,211.96,40.0,0.0,251.96,Online,Public,No,Windy
TN003771,2025-02-27,08:50:00,Pinnacle,4,319.65,140.57,0.0,1419.17,Walk-up,Public,No,Cloudy
TN003772,2025-05-18,14:50:00,Monument,3,105.16,90.27,94.69,500.44,Online,Public,No,Clear
TN003773,2025-06-17,15:40:00,Monument,4,103.66,121.39,224.69,760.72,Online,Public,No,Rain
TN003774,2025-02-14,10:10:00,Monument,3,243.52,99.88,161.82,992.26,Online,Public,No,Clear
TN003775,2025-06-29,07:10:00,Monument,4,145.48,132.18,0.0,714.1,Phone,ResortGuest,No,Clear
TN003776,2025-04-12,11:40:00,Monument,4,196.22,138.38,0.0,923.26,Online,Public,No,Clear
TN003777,2025-12-13,08:50:00,Monument,2,229.82,63.71,0.0,523.35,Phone,Member,No,Clear
TN003778,2025-07-05,13:30:00,Monument,3,111.78,100.78,143.2,579.32,Online,Public,No,Cloudy
TN003779,2025-11-22,11:10:00,Monument,2,245.4,67.2,75.32,633.32,Online,Public,No,Clear
TN003780,2025-03-22,07:30:00,Pinnacle,4,272.89,137.51,122.62,1351.69,Concierge,ResortGuest,No,Clear
TN003781,2025-12-21,12:50:00,Pinnacle,2,226.94,67.62,110.95,632.45,Walk-up,Public,No,Cloudy
TN003782,2025-03-08,10:40:00,Pinnacle,3,248.34,98.42,0.0,843.44,Walk-up,Public,No,Clear
TN003783,2025-09-27,07:40:00,Monument,4,134.29,134.89,0.0,672.05,Concierge,ResortGuest,No,Clear
TN003784,2025-12-13,09:40:00,Monument,3,247.67,101.64,98.82,943.47,Walk-up,Public,No,Clear
TN003785,2025-12-14,06:30:00,Pinnacle,4,259.12,120.36,177.94,1334.78,Sales/Events,Group,No,Rain
TN003786,2025-11-03,07:10:00,Pinnacle,2,324.47,68.13,84.86,801.93,Walk-up,Public,No,Windy
TN003787,2025-05-17,12:40:00,Pinnacle,3,114.82,104.56,139.72,588.74,Online,Public,No,Windy
TN003788,2025-08-31,09:30:00,Monument,4,145.53,141.15,0.0,723.27,Online,Public,No,Cloudy
TN003789,2025-05-22,11:40:00,Monument,3,148.42,102.72,45.19,593.17,Walk-up,Public,No,Clear
TN003790,2025-03-11,14:00:00,Monument,2,203.67,66.11,0.0,0.0,Phone,ResortGuest,Yes,Windy
TN003791,2025-11-23,07:20:00,Monument,4,280.26,137.45,148.01,1406.5,Online,Public,No,Clear
TN003792,2025-03-16,09:00:00,Monument,4,232.5,127.35,115.95,1173.3,Sales/Events,Group,No,Cloudy
TN003793,2025-11-09,06:50:00,Pinnacle,4,268.79,125.81,0.0,1200.97,Sales/Events,Group,No,Windy
TN003794,2025-09-11,15:50:00,Pinnacle,3,85.36,81.31,0.0,337.39,Online,Member,No,Clear
TN003795,2025-08-09,14:00:00,Pinnacle,2,88.95,60.31,0.0,0.0,Online,Member,Yes,Windy
TN003796,2025-06-14,15:10:00,Monument,3,96.3,90.82,0.0,379.72,Phone,ResortGuest,No,Windy
TN003797,2025-11-02,13:30:00,Monument,3,164.63,94.34,0.0,588.23,Online,Member,No,Clear
TN003798,2025-08-16,08:40:00,Pinnacle,4,130.36,129.41,213.43,864.28,Sales/Events,Group,No,Cloudy
TN003799,2025-10-09,13:10:00,Pinnacle,3,167.78,105.71,0.0,609.05,Walk-up,Public,No,Cloudy
TN003800,2025-10-18,12:20:00,Monument,2,124.84,65.01,0.0,314.69,Walk-up,Member,No,Clear
TN003801,2025-10-08,12:00:00,Pinnacle,3,201.45,102.18,0.0,706.53,Phone,Public,No,Clear
TN003802,2025-02-22,08:50:00,Pinnacle,2,301.88,68.51,94.25,766.52,Online,Public,No,Windy
TN003803,2025-10-13,09:40:00,Pinnacle,2,220.21,69.95,0.0,510.37,Walk-up,Public,No,Clear
TN003804,2025-12-27,07:00:00,Monument,1,278.0,40.0,0.0,318.0,Phone,Public,No,Cloudy
TN003805,2025-02-15,07:10:00,Pinnacle,3,303.59,101.24,0.0,1012.01,Online,Public,No,Clear
TN003806,2025-12-13,08:20:00,Pinnacle,4,250.73,127.84,0.0,1130.76,Online,Member,No,Clear
TN003807,2025-05-31,10:20:00,Pinnacle,4,141.24,136.22,0.0,701.18,Walk-up,Public,No,Clear
TN003808,2025-09-20,06:30:00,Pinnacle,3,153.14,99.44,142.68,701.54,Concierge,ResortGuest,No,Cloudy
TN003809,2025-10-11,10:30:00,Pinnacle,3,229.53,98.61,0.0,787.2,Online,Public,No,Clear
TN003810,2025-01-19,08:30:00,Pinnacle,3,261.96,99.72,142.98,1028.58,Phone,ResortGuest,No,Clear
TN003811,2025-12-07,08:10:00,Monument,4,278.89,136.82,147.48,1399.86,Online,Public,No,Clear
TN003812,2025-03-22,13:10:00,Pinnacle,4,190.93,127.97,231.94,1123.63,Online,Member,No,Clear
TN003813,2025-02-16,07:40:00,Pinnacle,4,322.37,137.68,0.0,1427.16,Walk-up,Public,No,Clear
TN003814,2025-02-16,08:10:00,Monument,3,311.81,103.58,140.02,1179.03,Online,Public,No,Clear
TN003815,2025-03-09,08:50:00,Pinnacle,4,294.29,139.42,0.0,1316.58,Walk-up,Public,No,Windy
TN003816,2025-01-25,10:00:00,Pinnacle,4,206.65,123.97,0.0,950.57,Online,Member,No,Clear
TN003817,2025-06-12,10:10:00,Pinnacle,2,147.05,65.57,0.0,359.67,Walk-up,Public,No,Cloudy
TN003818,2025-06-07,11:40:00,Pinnacle,3,110.29,92.81,161.25,584.93,Sales/Events,Group,No,Windy
TN003819,2025-01-14,07:30:00,Pinnacle,4,300.26,131.65,0.0,0.0,Online,Public,Yes,Clear
TN003820,2025-02-03,09:10:00,Pinnacle,4,229.95,136.51,212.31,1268.62,Online,ResortGuest,No,Clear
TN003821,2025-06-23,09:20:00,Monument,2,126.25,66.62,101.07,420.19,Online,Public,No,Clear
TN003822,2025-09-07,12:00:00,Pinnacle,3,133.52,99.37,0.0,499.93,Online,Public,No,Clear
TN003823,2025-11-30,10:50:00,Monument,3,272.6,105.52,76.36,999.68,Walk-up,Public,No,Cloudy
TN003824,2025-05-17,12:00:00,Monument,3,145.37,101.03,110.65,647.79,Online,Public,No,Windy
TN003825,2025-10-19,07:10:00,Monument,2,235.16,65.32,0.0,535.64,Online,Public,No,Windy
TN003826,2025-02-26,12:20:00,Pinnacle,3,183.61,96.08,136.38,783.29,Online,Member,No,Cloudy
TN003827,2025-02-22,08:20:00,Monument,3,250.53,102.09,81.06,934.74,Online,ResortGuest,No,Clear
TN003828,2025-01-25,08:50:00,Pinnacle,4,329.39,132.42,0.0,1449.98,Online,Public,No,Clear
TN003829,2025-08-19,13:20:00,Monument,4,97.01,131.7,0.0,519.74,Concierge,ResortGuest,No,Windy
TN003830,2025-04-05,09:10:00,Pinnacle,3,225.02,104.03,0.0,0.0,Online,Public,Yes,Clear
TN003831,2025-07-19,09:20:00,Pinnacle,3,154.26,104.21,0.0,566.99,Phone,Public,No,Windy
TN003832,2025-07-05,06:50:00,Monument,2,161.06,67.86,47.26,437.24,Phone,Public,No,Cloudy
TN003833,2025-09-27,14:00:00,Monument,4,94.53,138.79,0.0,516.91,Concierge,ResortGuest,No,Clear
TN003834,2025-01-29,07:20:00,Pinnacle,4,315.88,131.04,0.0,1394.56,Online,Public,No,Clear
TN003835,2025-02-24,08:40:00,Pinnacle,4,328.93,138.94,0.0,0.0,Phone,Public,Yes,Clear
TN003836,2025-01-13,07:20:00,Monument,3,275.22,104.33,0.0,929.99,Concierge,ResortGuest,No,Clear
TN003837,2025-01-29,06:50:00,Monument,3,316.7,104.88,160.42,1215.4,Online,Public,No,Clear
TN003838,2025-03-02,07:40:00,Pinnacle,2,309.73,68.96,99.11,787.53,Online,Public,No,Clear
TN003839,2025-04-27,11:50:00,Monument,4,196.8,134.95,194.25,1116.4,Online,Public,No,Clear
TN003840,2025-11-23,14:50:00,Monument,2,190.29,63.34,0.0,443.92,Online,Public,No,Clear
TN003841,2025-01-23,07:30:00,Pinnacle,4,321.51,140.68,184.99,1611.71,Walk-up,Public,No,Clear
TN003842,2025-11-20,15:20:00,Monument,4,205.67,122.39,60.66,1005.73,Online,Public,No,Clear
TN003843,2025-10-29,09:50:00,Monument,4,189.16,131.6,0.0,0.0,Online,Public,Yes,Cloudy
TN003844,2025-03-16,09:00:00,Pinnacle,4,290.34,140.07,0.0,1301.43,Online,Public,No,Clear
TN003845,2025-01-12,08:10:00,Pinnacle,3,337.1,105.21,0.0,1116.51,Online,Public,No,Clear
TN003846,2025-01-05,12:20:00,Monument,3,181.17,95.82,105.97,745.3,Online,Member,No,Cloudy
TN003847,2025-01-05,08:30:00,Pinnacle,4,285.9,138.48,214.44,1496.52,Online,ResortGuest,No,Clear
TN003848,2025-01-22,06:30:00,Monument,2,315.6,67.59,0.0,698.79,Online,Public,No,Clear
TN003849,2025-09-21,07:00:00,Monument,2,157.81,69.65,70.53,455.8,Online,Public,No,Clear
TN003850,2025-02-23,07:10:00,Pinnacle,3,245.14,93.08,149.49,977.99,Phone,Member,No,Clear
TN003851,2025-05-31,13:40:00,Monument,3,93.4,90.79,0.0,370.99,Phone,Member,No,Clear
TN003852,2025-06-13,08:00:00,Monument,4,145.88,138.01,0.0,721.53,Online,Public,No,Cloudy
TN003853,2025-02-09,09:50:00,Pinnacle,2,250.04,65.57,0.0,565.65,Online,Public,No,Clear
TN003854,2025-11-12,07:10:00,Monument,2,276.59,69.74,0.0,622.92,Online,Public,No,Clear
TN003855,2025-11-25,09:50:00,Monument,3,210.82,93.07,0.0,725.53,Online,Group,No,Cloudy
TN003856,2025-03-15,07:40:00,Pinnacle,2,330.02,66.56,66.34,792.94,Walk-up,Public,No,Clear
TN003857,2025-11-09,11:10:00,Pinnacle,2,254.83,68.14,72.51,650.31,Concierge,ResortGuest,No,Clear
TN003858,2025-01-11,09:00:00,Pinnacle,2,328.06,67.59,0.0,723.71,Online,Public,No,Clear
TN003859,2025-03-01,14:40:00,Monument,3,177.98,88.69,0.0,622.63,Phone,Public,No,Cloudy
TN003860,2025-07-05,07:10:00,Pinnacle,3,150.63,100.8,0.0,552.69,Phone,ResortGuest,No,Clear
TN003861,2025-04-20,15:30:00,Pinnacle,1,126.61,40.0,0.0,166.61,Phone,Member,No,Clear
TN003862,2025-05-04,08:20:00,Monument,3,124.75,97.02,0.0,471.27,Online,Member,No,Clear
TN003863,2025-11-12,08:50:00,Monument,3,250.41,90.31,69.76,911.3,Walk-up,Member,No,Clear
TN003864,2025-11-27,10:10:00,Pinnacle,4,227.2,125.6,0.0,1034.4,Online,Member,No,Windy
TN003865,2025-12-21,12:20:00,Monument,2,165.38,63.85,0.0,394.61,Online,Member,No,Windy
TN003866,2025-02-23,07:50:00,Monument,3,285.63,100.94,165.04,1122.87,Phone,Public,No,Windy
TN003867,2025-12-30,09:00:00,Pinnacle,4,299.19,139.29,198.65,1534.7,Phone,Public,No,Cloudy
TN003868,2025-12-02,10:10:00,Monument,3,217.43,95.06,152.14,899.49,Online,Member,No,Clear
TN003869,2025-03-22,08:40:00,Pinnacle,4,295.93,132.97,259.8,1576.49,Online,ResortGuest,No,Clear
TN003870,2025-03-15,08:30:00,Monument,4,316.24,134.85,166.48,1566.29,Online,Public,No,Clear
TN003871,2025-01-30,07:40:00,Monument,4,316.61,132.47,221.27,1620.18,Online,Public,No,Clear
TN003872,2025-11-22,12:10:00,Monument,3,237.05,105.8,0.0,816.95,Online,Public,No,Windy
TN003873,2025-01-18,07:00:00,Monument,3,319.13,98.32,158.36,1214.07,Online,Public,No,Clear
TN003874,2025-03-06,06:30:00,Pinnacle,2,289.39,66.14,77.31,722.23,Online,Public,No,Clear
TN003875,2025-03-04,10:20:00,Pinnacle,3,273.72,105.7,0.0,926.86,Online,Public,No,Clear
TN003876,2025-07-18,10:40:00,Pinnacle,2,107.48,60.19,113.24,388.39,Online,Member,No,Clear
TN003877,2025-12-21,13:20:00,Monument,4,215.17,136.05,70.03,1066.76,Online,Public,No,Clear
TN003878,2025-12-26,07:30:00,Pinnacle,3,290.09,100.77,55.33,1026.37,Online,Public,No,Clear
TN003879,2025-02-16,10:00:00,Pinnacle,2,223.04,64.6,0.0,510.68,Walk-up,Member,No,Windy
TN003880,2025-05-25,07:10:00,Pinnacle,3,120.91,91.65,99.67,554.05,Online,Member,No,Clear
TN003881,2025-03-23,14:00:00,Pinnacle,3,219.25,106.02,0.0,763.77,Phone,Public,No,Cloudy
TN003882,2025-04-19,10:30:00,Pinnacle,2,213.12,68.41,0.0,494.65,Online,Public,No,Cloudy
TN003883,2025-03-29,07:10:00,Monument,2,224.74,63.78,52.4,565.66,Phone,Member,No,Cloudy
TN003884,2025-11-16,11:50:00,Pinnacle,3,286.79,105.79,0.0,966.16,Phone,Public,No,Clear
TN003885,2025-03-11,15:10:00,Pinnacle,4,162.73,124.77,0.0,775.69,Concierge,ResortGuest,No,Clear
TN003886,2025-08-31,10:50:00,Monument,3,128.08,102.11,54.45,540.8,Online,Public,No,Clear
TN003887,2025-12-11,06:30:00,Monument,3,274.6,105.94,0.0,929.74,Online,Public,No,Clear
TN003888,2025-11-04,08:10:00,Monument,4,279.48,134.88,170.26,1423.06,Phone,Public,No,Clear
TN003889,2025-02-01,10:40:00,Monument,4,259.44,137.57,0.0,1175.33,Online,Public,No,Clear
TN003890,2025-03-15,07:10:00,Monument,4,244.27,120.13,161.51,1258.72,Sales/Events,Group,No,Clear
TN003891,2025-10-19,07:20:00,Pinnacle,3,207.4,97.25,126.59,846.04,Phone,Member,No,Clear
TN003892,2025-05-17,12:20:00,Monument,4,94.24,125.99,0.0,0.0,Sales/Events,Group,Yes,Cloudy
TN003893,2025-04-27,13:40:00,Monument,4,145.13,128.9,193.35,902.77,Walk-up,Member,No,Cloudy
TN003894,2025-02-02,06:40:00,Pinnacle,4,285.16,138.67,0.0,1279.31,Phone,ResortGuest,No,Cloudy
TN003895,2025-11-08,08:50:00,Monument,3,289.37,105.48,100.27,1073.86,Walk-up,Public,No,Clear
TN003896,2025-03-01,07:20:00,Pinnacle,2,313.67,67.52,40.89,735.75,Phone,Public,No,Windy
TN003897,2025-01-05,07:20:00,Monument,3,241.73,96.52,0.0,821.71,Online,Member,No,Cloudy
TN003898,2025-01-05,06:30:00,Monument,4,317.74,138.09,0.0,1409.05,Online,Public,No,Clear
TN003899,2025-11-29,07:50:00,Monument,3,234.47,91.64,65.63,860.68,Online,Member,No,Clear
TN003900,2025-12-15,13:30:00,Monument,3,222.56,104.74,83.72,856.14,Walk-up,Public,No,Clear
TN003901,2025-10-25,07:30:00,Pinnacle,4,233.38,133.51,0.0,1067.03,Online,Public,No,Clear
TN003902,2025-03-16,14:20:00,Monument,3,189.27,95.36,128.55,791.72,Phone,Public,No,Clear
TN003903,2025-05-17,10:30:00,Pinnacle,4,132.91,130.94,157.54,820.12,Walk-up,Public,No,Clear
TN003904,2025-09-14,13:10:00,Monument,4,99.54,136.77,167.44,702.37,Online,ResortGuest,No,Rain
TN003905,2025-03-30,13:10:00,Pinnacle,3,222.43,98.28,109.49,875.06,Walk-up,Public,No,Clear
TN003906,2025-03-01,09:30:00,Pinnacle,3,225.58,97.13,156.54,930.41,Walk-up,Member,No,Clear
TN003907,2025-02-18,08:10:00,Pinnacle,2,309.25,66.32,0.0,684.82,Online,Public,No,Clear
TN003908,2025-08-10,09:20:00,Pinnacle,4,154.65,137.68,0.0,756.28,Online,Public,No,Windy
TN003909,2025-09-13,08:00:00,Pinnacle,3,156.0,99.7,174.98,742.68,Online,Public,No,Cloudy
TN003910,2025-02-13,11:20:00,Monument,4,234.5,139.74,80.78,1158.52,Phone,ResortGuest,No,Clear
TN003911,2025-04-12,10:20:00,Pinnacle,3,179.58,102.87,125.16,766.77,Online,ResortGuest,No,Clear
TN003912,2025-09-20,09:30:00,Pinnacle,2,120.07,66.81,97.53,404.48,Concierge,ResortGuest,No,Cloudy
TN003913,2025-12-10,12:00:00,Pinnacle,3,251.38,104.79,130.87,989.8,Walk-up,Public,No,Clear
TN003914,2025-09-13,09:30:00,Monument,3,139.82,100.09,0.0,519.55,Online,Public,No,Clear
TN003915,2025-12-13,13:20:00,Pinnacle,2,199.72,66.9,0.0,0.0,Concierge,ResortGuest,Yes,Clear
TN003916,2025-02-08,15:40:00,Pinnacle,3,167.91,82.93,0.0,586.66,Online,Member,No,Clear
TN003917,2025-12-03,11:00:00,Monument,1,252.55,40.0,0.0,292.55,Online,Public,No,Cloudy
TN003918,2025-12-01,12:50:00,Pinnacle,4,235.46,131.36,0.0,0.0,Phone,Public,Yes,Clear
TN003919,2025-03-06,08:50:00,Pinnacle,4,276.41,134.03,0.0,1239.67,Concierge,ResortGuest,No,Windy
TN003920,2025-06-15,10:10:00,Monument,3,133.95,102.4,0.0,504.25,Online,Public,No,Clear
TN003921,2025-01-31,11:00:00,Pinnacle,4,260.81,138.24,102.7,1284.18,Walk-up,Public,No,Cloudy
TN003922,2025-05-03,14:20:00,Monument,3,85.0,87.7,0.0,342.7,Online,Member,No,Clear
TN003923,2025-03-08,13:00:00,Monument,4,207.02,130.92,92.09,1051.09,Phone,Public,No,Rain
TN003924,2025-03-22,15:30:00,Monument,4,151.23,113.59,240.53,959.04,Online,Member,No,Clear
TN003925,2025-10-12,12:50:00,Pinnacle,4,165.67,138.26,131.15,932.09,Phone,ResortGuest,No,Clear
TN003926,2025-01-08,08:00:00,Monument,1,296.18,40.0,47.35,383.53,Online,Public,No,Clear
TN003927,2025-05-20,08:20:00,Monument,4,166.08,134.68,166.74,965.74,Online,Public,No,Clear
TN003928,2025-02-26,10:30:00,Pinnacle,3,263.5,98.35,0.0,888.85,Phone,Public,No,Clear
TN003929,2025-03-02,11:00:00,Monument,4,211.32,127.76,176.55,1149.59,Sales/Events,Group,No,Rain
TN003930,2025-10-11,09:30:00,Monument,4,152.75,123.42,116.78,851.2,Walk-up,Member,No,Cloudy
TN003931,2025-11-09,06:30:00,Pinnacle,3,283.55,101.29,0.0,951.94,Concierge,ResortGuest,No,Clear
TN003932,2025-06-08,11:40:00,Pinnacle,4,153.55,131.64,0.0,745.84,Online,Public,No,Clear
TN003933,2025-12-28,15:40:00,Monument,4,153.95,113.73,135.51,865.04,Phone,Member,No,Clear
TN003934,2025-12-13,09:00:00,Monument,4,243.46,128.26,89.59,1191.69,Sales/Events,Group,No,Cloudy
TN003935,2025-02-13,08:40:00,Pinnacle,4,323.5,137.69,0.0,1431.69,Online,Public,No,Clear
TN003936,2025-02-05,07:00:00,Monument,3,320.02,105.62,65.15,1130.83,Phone,Public,No,Clear
TN003937,2025-05-15,07:10:00,Monument,4,133.42,133.48,0.0,667.16,Online,ResortGuest,No,Clear
TN003938,2025-02-17,08:30:00,Monument,2,214.29,63.5,0.0,492.08,Phone,Member,No,Clear
TN003939,2025-11-28,07:40:00,Pinnacle,4,314.03,137.36,0.0,1393.48,Phone,Public,No,Cloudy
TN003940,2025-09-19,10:00:00,Pinnacle,4,104.05,122.34,72.75,611.29,Online,Member,No,Clear
TN003941,2025-05-07,10:10:00,Monument,2,130.45,68.14,76.3,405.34,Online,Public,No,Clear
TN003942,2025-01-19,06:40:00,Pinnacle,3,285.1,98.11,87.75,1041.16,Phone,ResortGuest,No,Cloudy
TN003943,2025-01-05,11:10:00,Monument,3,196.15,90.32,131.56,810.33,Walk-up,Member,No,Clear
TN003944,2025-10-08,11:20:00,Monument,2,197.17,69.89,54.19,518.42,Online,Public,No,Clear
TN003945,2025-02-05,07:30:00,Pinnacle,2,294.01,69.95,0.0,657.97,Online,Public,No,Clear
TN003946,2025-04-27,14:20:00,Pinnacle,2,157.25,63.09,125.12,502.71,Online,Public,No,Clear
TN003947,2025-01-28,07:00:00,Pinnacle,3,253.16,102.6,0.0,0.0,Concierge,ResortGuest,Yes,Clear
TN003948,2025-05-22,08:00:00,Pinnacle,4,142.8,135.32,0.0,706.52,Concierge,ResortGuest,No,Clear
TN003949,2025-12-20,07:20:00,Monument,2,281.29,70.21,0.0,632.79,Online,Public,No,Clear
TN003950,2025-12-09,07:40:00,Monument,1,282.52,40.0,0.0,322.52,Online,Public,No,Clear
TN003951,2025-12-08,08:40:00,Pinnacle,3,289.01,104.71,124.62,1096.36,Phone,Public,No,Clear
TN003952,2025-05-25,07:00:00,Pinnacle,3,175.1,104.74,0.0,630.04,Walk-up,Public,No,Windy
TN003953,2025-07-05,06:40:00,Monument,4,124.66,124.53,0.0,623.17,Phone,Member,No,Rain
TN003954,2025-02-05,10:10:00,Monument,3,203.43,90.51,0.0,700.8,Phone,Group,No,Windy
TN003955,2025-11-16,07:50:00,Pinnacle,4,305.36,138.31,152.08,1511.83,Online,Public,No,Windy
TN003956,2025-11-03,10:50:00,Monument,3,259.1,101.13,203.0,1081.43,Walk-up,Public,No,Cloudy
TN003957,2025-06-29,08:20:00,Pinnacle,4,177.86,132.68,0.0,844.12,Online,Public,No,Windy
TN003958,2025-11-26,12:00:00,Monument,2,265.54,66.8,58.64,656.52,Online,Public,No,Clear
TN003959,2025-10-30,12:00:00,Pinnacle,3,198.41,100.74,0.0,695.97,Online,Public,No,Clear
TN003960,2025-03-22,11:10:00,Pinnacle,2,265.91,66.61,0.0,598.43,Online,Public,No,Clear
TN003961,2025-12-03,09:00:00,Pinnacle,4,235.31,126.58,0.0,1067.82,Online,Member,No,Cloudy
TN003962,2025-12-27,08:10:00,Pinnacle,4,245.08,128.8,0.0,1109.12,Walk-up,Member,No,Clear
TN003963,2025-03-11,13:30:00,Pinnacle,3,199.13,104.69,0.0,702.08,Concierge,ResortGuest,No,Clear
TN003964,2025-01-30,07:20:00,Monument,3,224.71,93.71,178.76,946.6,Online,Member,No,Clear
TN003965,2025-06-08,15:00:00,Pinnacle,4,85.0,111.42,118.36,569.78,Online,Member,No,Clear
TN003966,2025-03-01,10:30:00,Monument,1,259.85,40.0,53.28,353.13,Online,Public,No,Clear
TN003967,2025-12-21,08:50:00,Monument,4,301.28,130.74,0.0,0.0,Online,Public,Yes,Clear
TN003968,2025-12-03,10:20:00,Pinnacle,2,279.69,65.9,76.37,701.65,Walk-up,Public,No,Clear
TN003969,2025-04-02,07:30:00,Monument,4,206.12,121.69,0.0,946.17,Sales/Events,Group,No,Cloudy
TN003970,2025-01-20,07:30:00,Pinnacle,2,317.15,68.19,0.0,702.49,Online,Public,No,Clear
TN003971,2025-03-09,15:30:00,Monument,4,185.48,124.87,181.04,1047.83,Online,Public,No,Cloudy
TN003972,2025-05-25,09:10:00,Monument,3,113.93,98.75,102.84,543.38,Phone,ResortGuest,No,Cloudy
TN003973,2025-12-13,12:30:00,Pinnacle,3,218.95,103.31,0.0,760.16,Online,ResortGuest,No,Clear
TN003974,2025-12-11,09:10:00,Monument,2,218.75,69.79,95.97,603.26,Online,ResortGuest,No,Windy
TN003975,2025-12-02,11:50:00,Pinnacle,4,202.75,124.76,0.0,935.76,Walk-up,Member,No,Clear
TN003976,2025-01-07,09:40:00,Monument,3,264.76,103.82,125.11,1023.21,Walk-up,Public,No,Clear
TN003977,2025-02-10,08:00:00,Pinnacle,3,290.06,105.96,117.75,1093.89,Online,ResortGuest,No,Clear
TN003978,2025-02-01,07:30:00,Monument,2,318.68,70.13,86.31,793.8,Phone,Public,No,Cloudy
TN003979,2025-10-26,07:30:00,Pinnacle,3,204.93,91.71,0.0,706.5,Online,Member,No,Cloudy
TN003980,2025-10-19,07:50:00,Pinnacle,4,192.75,122.43,183.16,1076.59,Online,Member,No,Clear
TN003981,2025-09-28,07:10:00,Monument,3,145.75,102.34,77.59,617.18,Online,Public,No,Clear
TN003982,2025-11-23,09:00:00,Monument,3,274.28,99.45,0.0,922.29,Concierge,ResortGuest,No,Rain
TN003983,2025-06-07,09:20:00,Monument,3,138.1,99.01,145.61,658.92,Phone,Public,No,Clear
TN003984,2025-07-17,14:40:00,Monument,4,85.0,112.15,176.63,628.78,Walk-up,Member,No,Clear
TN003985,2025-07-10,09:00:00,Monument,3,130.88,101.58,0.0,494.22,Concierge,ResortGuest,No,Cloudy
TN003986,2025-07-08,15:30:00,Monument,3,96.1,90.31,0.0,378.61,Phone,Public,No,Windy
TN003987,2025-05-04,15:20:00,Monument,3,86.25,92.14,52.4,403.29,Online,ResortGuest,No,Clear
TN003988,2025-08-31,13:40:00,Monument,4,113.89,131.05,0.0,0.0,Phone,Public,Yes,Clear
TN003989,2025-08-16,14:20:00,Pinnacle,3,99.61,90.86,0.0,0.0,Phone,Public,Yes,Windy
TN003990,2025-07-19,07:30:00,Pinnacle,3,137.89,91.93,0.0,0.0,Sales/Events,Group,Yes,Windy
TN003991,2025-06-16,10:20:00,Pinnacle,3,118.57,97.34,0.0,453.05,Online,Group,No,Clear
TN003992,2025-02-25,06:40:00,Pinnacle,2,305.71,66.66,73.22,751.3,Online,Public,No,Cloudy
TN003993,2025-10-12,08:00:00,Monument,3,235.24,101.71,147.91,955.34,Online,Public,No,Clear
TN003994,2025-03-05,08:20:00,Monument,3,316.93,99.07,0.0,1049.86,Online,Public,No,Clear
TN003995,2025-12-09,11:40:00,Pinnacle,2,262.23,66.31,70.94,661.71,Phone,Public,No,Clear
TN003996,2025-11-23,07:20:00,Pinnacle,4,283.41,139.15,0.0,0.0,Concierge,ResortGuest,Yes,Clear
TN003997,2025-12-13,07:40:00,Pinnacle,4,247.96,122.89,128.65,1243.38,Online,Member,No,Clear
TN003998,2025-01-04,07:20:00,Monument,3,233.01,93.78,0.0,792.81,Sales/Events,Group,No,Cloudy
TN003999,2025-02-11,07:50:00,Pinnacle,3,333.18,105.46,71.76,1176.76,Online,Public,No,Clear
TN004000,2025-12-04,08:30:00,Monument,4,258.09,131.38,193.25,1356.99,Phone,ResortGuest,No,Clear
TN004001,2025-12-26,07:50:00,Monument,3,318.27,99.16,0.0,1053.97,Online,Public,No,Clear
TN004002,2025-03-08,13:10:00,Pinnacle,4,207.12,137.25,180.45,1146.18,Phone,ResortGuest,No,Clear
TN004003,2025-06-07,11:10:00,Monument,3,113.16,90.9,0.0,430.38,Phone,Member,No,Clear
TN004004,2025-11-01,07:20:00,Pinnacle,4,261.84,139.88,0.0,1187.24,Concierge,ResortGuest,No,Clear
TN004005,2025-12-26,09:30:00,Pinnacle,4,220.35,128.69,195.8,1205.89,Online,Member,No,Clear
TN004006,2025-03-29,08:40:00,Monument,4,215.16,122.77,0.0,983.41,Phone,Member,No,Cloudy
TN004007,2025-02-21,06:50:00,Pinnacle,3,235.9,90.77,0.0,798.47,Phone,Member,No,Clear
TN004008,2025-07-21,11:40:00,Monument,3,127.7,103.18,0.0,486.28,Phone,ResortGuest,No,Windy
TN004009,2025-04-05,10:40:00,Monument,3,171.05,105.67,100.41,719.23,Online,ResortGuest,No,Clear
TN004010,2025-02-11,07:50:00,Monument,4,240.94,139.61,190.99,1294.36,Phone,ResortGuest,No,Clear
TN004011,2025-08-02,07:40:00,Pinnacle,3,136.73,104.23,65.05,579.47,Concierge,ResortGuest,No,Cloudy
TN004012,2025-05-17,13:50:00,Monument,3,85.0,94.08,0.0,349.08,Online,Member,No,Windy
TN004013,2025-02-28,12:00:00,Monument,4,215.44,123.75,168.11,1153.62,Phone,Member,No,Clear
TN004014,2025-09-28,13:50:00,Pinnacle,4,112.41,132.7,195.96,778.3,Phone,Public,No,Cloudy
TN004015,2025-03-28,15:30:00,Monument,4,154.1,112.36,0.0,728.76,Online,Group,No,Clear
TN004016,2025-11-30,15:50:00,Pinnacle,3,186.05,94.69,0.0,652.84,Concierge,ResortGuest,No,Clear
TN004017,2025-09-19,11:40:00,Monument,4,136.6,139.34,215.91,901.65,Phone,Public,No,Cloudy
TN004018,2025-04-06,08:40:00,Pinnacle,3,244.22,104.13,0.0,836.79,Online,Public,No,Clear
TN004019,2025-09-27,10:30:00,Monument,2,144.18,66.28,0.0,354.64,Walk-up,Public,No,Windy
TN004020,2025-07-05,12:20:00,Pinnacle,2,131.28,66.11,0.0,328.67,Online,Public,No,Windy
TN004021,2025-01-26,06:40:00,Pinnacle,4,320.9,133.38,0.0,1416.98,Online,Public,No,Clear
TN004022,2025-10-25,12:10:00,Monument,3,178.86,103.7,0.0,640.28,Online,Public,No,Cloudy
TN004023,2025-07-19,12:50:00,Pinnacle,2,114.67,69.74,38.87,337.95,Walk-up,Public,No,Cloudy
TN004024,2025-03-25,12:50:00,Monument,3,209.89,99.28,0.0,728.95,Phone,Public,No,Clear
TN004025,2025-01-27,07:00:00,Monument,4,233.64,125.74,0.0,0.0,Phone,Member,Yes,Clear
TN004026,2025-01-18,08:00:00,Monument,4,291.5,138.65,103.29,1407.94,Online,Public,No,Clear
TN004027,2025-11-07,13:30:00,Monument,3,160.45,92.06,140.16,713.57,Online,Member,No,Clear
TN004028,2025-07-28,13:00:00,Monument,4,100.25,123.14,0.0,0.0,Sales/Events,Group,Yes,Rain
TN004029,2025-10-07,09:30:00,Pinnacle,4,200.56,138.12,126.39,1066.75,Walk-up,Public,No,Windy
TN004030,2025-06-07,07:50:00,Monument,3,158.12,99.21,0.0,573.57,Online,Public,No,Cloudy
TN004031,2025-12-20,11:30:00,Monument,3,245.79,99.88,0.0,0.0,Online,Public,Yes,Clear
TN004032,2025-05-17,08:00:00,Pinnacle,4,130.41,122.23,0.0,643.87,Walk-up,Member,No,Cloudy
TN004033,2025-08-30,12:10:00,Monument,4,96.58,141.04,0.0,527.36,Online,ResortGuest,No,Cloudy
TN004034,2025-09-06,13:40:00,Monument,3,121.82,102.72,0.0,468.18,Online,Public,No,Clear
TN004035,2025-03-02,07:00:00,Pinnacle,4,280.28,135.51,110.59,1367.22,Phone,ResortGuest,No,Clear
TN004036,2025-01-26,10:30:00,Pinnacle,2,277.51,65.58,79.74,700.34,Online,Public,No,Clear
TN004037,2025-01-27,13:10:00,Pinnacle,4,182.44,120.99,0.0,850.75,Sales/Events,Group,No,Clear
TN004038,2025-12-09,08:10:00,Monument,2,284.67,69.58,0.0,638.92,Phone,Public,No,Windy
TN004039,2025-02-06,07:10:00,Monument,4,232.99,128.17,231.03,1291.16,Phone,Group,No,Clear
TN004040,2025-04-13,06:40:00,Pinnacle,3,201.75,92.93,0.0,698.18,Online,Member,No,Cloudy
TN004041,2025-09-15,12:50:00,Pinnacle,2,115.69,69.04,0.0,300.42,Online,Public,No,Clear
TN004042,2025-02-22,06:30:00,Pinnacle,4,278.87,137.62,213.92,1467.02,Concierge,ResortGuest,No,Clear
TN004043,2025-10-25,13:50:00,Monument,3,179.61,98.81,117.23,754.87,Walk-up,Public,No,Windy
TN004044,2025-02-05,10:40:00,Pinnacle,3,271.4,102.09,0.0,916.29,Online,Public,No,Clear
TN004045,2025-02-16,08:10:00,Pinnacle,4,265.82,131.77,127.97,1323.02,Concierge,ResortGuest,No,Clear
TN004046,2025-06-28,13:30:00,Monument,2,98.36,63.73,0.0,260.45,Online,Member,No,Cloudy
TN004047,2025-06-28,08:30:00,Monument,3,134.97,99.2,123.07,627.18,Online,ResortGuest,No,Clear
TN004048,2025-05-04,12:20:00,Pinnacle,4,127.89,136.32,0.0,647.88,Online,Public,No,Cloudy
TN004049,2025-08-14,15:00:00,Pinnacle,3,101.21,94.41,0.0,0.0,Online,ResortGuest,Yes,Windy
TN004050,2025-11-21,07:40:00,Pinnacle,2,300.51,66.81,0.0,667.83,Walk-up,Public,No,Cloudy
TN004051,2025-07-26,15:30:00,Monument,2,97.9,62.11,41.3,299.21,Phone,Public,No,Windy
TN004052,2025-12-24,07:00:00,Pinnacle,4,297.3,134.23,107.05,1430.48,Online,Public,No,Windy
TN004053,2025-01-26,07:20:00,Monument,4,273.61,140.47,0.0,1234.91,Online,Public,No,Cloudy
TN004054,2025-03-29,06:30:00,Monument,2,297.93,68.21,52.3,716.37,Online,Public,No,Clear
TN004055,2025-12-15,06:40:00,Monument,2,307.13,69.62,0.0,683.88,Phone,Public,No,Clear
TN004056,2025-01-19,06:30:00,Pinnacle,4,248.48,125.11,0.0,1119.03,Online,Member,No,Clear
TN004057,2025-06-12,11:40:00,Pinnacle,3,129.11,98.38,97.92,583.63,Concierge,ResortGuest,No,Cloudy
TN004058,2025-04-13,12:10:00,Monument,3,152.81,104.01,113.71,676.15,Concierge,ResortGuest,No,Clear
TN004059,2025-09-20,14:40:00,Pinnacle,3,88.01,83.8,151.98,499.81,Online,Member,No,Clear
TN004060,2025-02-15,08:30:00,Pinnacle,4,237.46,125.69,99.97,1175.5,Phone,Member,No,Cloudy
TN004061,2025-07-13,14:20:00,Pinnacle,2,105.52,60.65,103.37,375.06,Online,Public,No,Clear
TN004062,2025-01-28,13:10:00,Monument,3,172.03,97.2,0.0,613.29,Online,Member,No,Clear
TN004063,2025-02-16,15:40:00,Pinnacle,3,211.91,93.09,76.28,805.1,Phone,Public,No,Clear
TN004064,2025-09-13,11:20:00,Monument,4,99.33,127.33,0.0,524.65,Walk-up,Member,No,Clear
TN004065,2025-12-13,07:10:00,Pinnacle,2,271.68,68.21,103.52,715.09,Phone,ResortGuest,No,Cloudy
TN004066,2025-11-04,13:50:00,Monument,3,224.41,100.5,0.0,773.73,Online,Public,No,Clear
TN004067,2025-07-13,15:30:00,Monument,2,94.2,62.01,0.0,0.0,Phone,Public,Yes,Rain
TN004068,2025-01-17,10:00:00,Monument,3,260.1,101.8,76.18,958.28,Online,Public,No,Cloudy
TN004069,2025-01-18,06:50:00,Monument,3,260.05,100.44,158.93,1039.52,Concierge,ResortGuest,No,Windy
TN004070,2025-11-15,10:10:00,Pinnacle,3,202.28,94.38,76.36,777.58,Phone,Member,No,Clear
TN004071,2025-08-16,11:50:00,Pinnacle,4,133.67,136.24,0.0,670.92,Online,ResortGuest,No,Clear
TN004072,2025-11-01,06:30:00,Monument,3,281.39,105.21,62.41,1011.79,Online,Public,No,Cloudy
TN004073,2025-12-15,12:20:00,Pinnacle,2,231.12,69.54,66.54,598.32,Online,Public,No,Clear
TN004074,2025-09-28,11:10:00,Pinnacle,4,115.71,128.1,0.0,590.94,Online,Member,No,Clear
TN004075,2025-12-13,08:30:00,Pinnacle,4,291.44,139.11,223.69,1528.56,Concierge,ResortGuest,No,Clear
TN004076,2025-04-19,08:30:00,Pinnacle,3,257.78,103.9,48.11,925.35,Online,Public,No,Clear
TN004077,2025-08-31,09:40:00,Pinnacle,2,138.77,70.0,72.45,419.99,Online,Public,No,Rain
TN004078,2025-11-07,08:10:00,Pinnacle,3,244.54,97.1,0.0,830.72,Walk-up,Member,No,Clear
TN004079,2025-11-06,10:40:00,Pinnacle,3,215.23,92.19,0.0,0.0,Online,Member,Yes,Cloudy
TN004080,2025-03-02,08:20:00,Pinnacle,3,289.79,103.02,0.0,0.0,Online,Public,Yes,Clear
TN004081,2025-11-22,08:40:00,Monument,3,281.81,101.9,127.14,1074.47,Phone,ResortGuest,No,Clear
TN004082,2025-11-08,10:20:00,Pinnacle,4,253.9,135.3,0.0,1150.9,Online,Public,No,Cloudy
TN004083,2025-12-21,09:30:00,Monument,4,236.73,137.26,93.6,1177.78,Online,Public,No,Clear
TN004084,2025-12-07,08:20:00,Monument,4,240.07,126.58,115.93,1202.79,Phone,Member,No,Clear
TN004085,2025-12-22,13:20:00,Pinnacle,2,245.1,67.08,120.23,677.51,Phone,Public,No,Clear
TN004086,2025-03-30,12:00:00,Monument,3,238.64,105.57,190.0,1011.49,Online,Public,No,Cloudy
TN004087,2025-03-22,09:50:00,Monument,3,208.24,90.65,0.0,715.37,Sales/Events,Group,No,Clear
TN004088,2025-02-20,07:10:00,Pinnacle,4,258.4,141.26,146.69,1321.55,Concierge,ResortGuest,No,Cloudy
TN004089,2025-05-24,11:10:00,Pinnacle,2,154.43,69.41,94.09,472.36,Online,Public,No,Cloudy
TN004090,2025-08-17,11:20:00,Pinnacle,3,139.62,98.63,56.93,574.42,Online,Public,No,Clear
TN004091,2025-09-27,07:40:00,Pinnacle,3,178.28,105.58,0.0,640.42,Phone,Public,No,Clear
TN004092,2025-11-30,08:30:00,Pinnacle,4,313.59,132.73,135.62,1522.71,Online,Public,No,Rain
TN004093,2025-01-25,07:50:00,Pinnacle,4,255.77,141.28,0.0,1164.36,Online,ResortGuest,No,Windy
TN004094,2025-11-12,10:10:00,Monument,4,271.27,133.4,0.0,1218.48,Online,Public,No,Rain
TN004095,2025-04-05,08:00:00,Pinnacle,2,261.31,70.3,123.29,716.21,Phone,Public,No,Clear
TN004096,2025-05-11,13:00:00,Monument,3,124.11,103.0,166.2,641.53,Online,Public,No,Clear
TN004097,2025-11-16,11:00:00,Monument,2,199.69,61.0,77.61,537.99,Phone,Member,No,Clear
TN004098,2025-05-27,07:30:00,Pinnacle,2,177.91,67.04,0.0,0.0,Online,Public,Yes,Clear
TN004099,2025-09-27,10:40:00,Monument,2,140.52,65.45,0.0,346.49,Online,Public,No,Windy
TN004100,2025-04-06,07:40:00,Monument,3,223.45,101.45,0.0,771.8,Phone,ResortGuest,No,Clear
TN004101,2025-07-21,09:10:00,Monument,4,146.46,139.3,0.0,725.14,Online,Public,No,Rain
TN004102,2025-04-27,12:30:00,Pinnacle,2,168.12,69.72,0.0,405.96,Phone,Public,No,Clear
TN004103,2025-04-12,07:50:00,Pinnacle,4,205.55,129.99,0.0,952.19,Online,Member,No,Clear
TN004104,2025-11-07,14:30:00,Monument,3,200.1,89.91,125.41,815.62,Online,Public,No,Clear
TN004105,2025-08-02,11:30:00,Pinnacle,4,115.34,129.56,0.0,590.92,Sales/Events,Group,No,Clear
TN004106,2025-08-21,10:20:00,Monument,4,100.3,121.82,238.09,761.11,Online,Member,No,Windy
TN004107,2025-02-28,09:50:00,Pinnacle,2,195.79,62.04,111.86,565.48,Phone,Member,No,Cloudy
TN004108,2025-03-23,15:10:00,Monument,3,181.24,88.43,95.94,728.09,Phone,Public,No,Clear
TN004109,2025-06-22,08:30:00,Pinnacle,2,170.4,69.13,52.55,462.48,Online,Public,No,Clear
TN004110,2025-02-17,07:30:00,Monument,3,291.15,101.7,110.53,1085.68,Online,Public,No,Cloudy
TN004111,2025-05-03,07:20:00,Pinnacle,3,179.16,102.65,0.0,640.13,Online,Public,No,Clear
TN004112,2025-03-30,09:00:00,Monument,4,239.0,126.92,0.0,1082.92,Online,Member,No,Windy
TN004113,2025-06-08,15:30:00,Pinnacle,4,85.12,112.51,162.19,615.18,Online,Member,No,Clear
TN004114,2025-12-14,07:40:00,Monument,4,303.72,131.56,0.0,1346.44,Walk-up,Public,No,Cloudy
TN004115,2025-10-05,11:50:00,Monument,3,169.67,93.92,93.98,696.91,Online,Member,No,Clear
TN004116,2025-02-08,11:50:00,Pinnacle,3,238.07,99.33,50.84,864.38,Concierge,ResortGuest,No,Clear
TN004117,2025-09-22,12:50:00,Pinnacle,3,102.13,102.55,0.0,408.94,Phone,ResortGuest,No,Clear
TN004118,2025-04-26,11:50:00,Pinnacle,4,194.12,136.21,0.0,912.69,Concierge,ResortGuest,No,Clear
TN004119,2025-04-09,11:30:00,Pinnacle,4,158.59,124.08,0.0,758.44,Online,Member,No,Clear
TN004120,2025-11-15,07:10:00,Pinnacle,3,253.06,103.33,46.62,909.13,Online,ResortGuest,No,Windy
TN004121,2025-12-27,07:20:00,Pinnacle,2,276.56,68.31,54.69,676.12,Phone,ResortGuest,No,Clear
TN004122,2025-04-06,09:00:00,Monument,3,206.03,104.04,0.0,722.13,Phone,ResortGuest,No,Cloudy
TN004123,2025-05-18,13:20:00,Pinnacle,1,121.17,40.0,0.0,161.17,Online,Public,No,Clear
TN004124,2025-04-12,11:40:00,Monument,3,206.99,104.63,174.64,900.24,Online,Public,No,Clear
TN004125,2025-03-09,08:10:00,Pinnacle,4,257.55,126.6,0.0,1156.8,Phone,Member,No,Clear
TN004126,2025-12-15,07:00:00,Monument,4,265.28,141.24,92.06,1294.42,Concierge,ResortGuest,No,Clear
TN004127,2025-03-01,07:50:00,Pinnacle,4,294.84,138.3,0.0,1317.66,Phone,ResortGuest,No,Rain
TN004128,2025-04-27,07:10:00,Pinnacle,4,229.04,136.92,0.0,1053.08,Phone,Public,No,Cloudy
TN004129,2025-03-31,11:00:00,Monument,3,185.19,90.57,128.28,774.42,Phone,Member,No,Clear
TN004130,2025-12-21,12:30:00,Monument,4,179.5,130.71,91.92,940.63,Phone,ResortGuest,No,Clear
TN004131,2025-07-25,09:30:00,Pinnacle,3,150.72,102.91,0.0,555.07,Online,Public,No,Clear
TN004132,2025-11-25,10:10:00,Pinnacle,3,265.62,98.92,0.0,895.78,Walk-up,Public,No,Cloudy
TN004133,2025-06-28,12:30:00,Monument,3,117.89,102.96,142.61,599.24,Online,Public,No,Clear
TN004134,2025-10-26,10:20:00,Pinnacle,3,220.02,104.3,127.15,891.51,Online,Public,No,Cloudy
TN004135,2025-06-28,08:20:00,Pinnacle,4,155.61,140.16,0.0,762.6,Phone,ResortGuest,No,Clear
TN004136,2025-11-30,06:30:00,Pinnacle,3,272.71,100.41,130.1,1048.64,Phone,ResortGuest,No,Clear
TN004137,2025-10-11,08:20:00,Monument,3,236.16,100.84,103.04,912.36,Online,Public,No,Clear
TN004138,2025-11-02,08:10:00,Pinnacle,3,315.11,104.89,164.67,1214.89,Online,Public,No,Clear
TN004139,2025-02-18,09:00:00,Pinnacle,3,254.08,90.63,95.46,948.33,Online,Member,No,Clear
TN004140,2025-03-24,08:50:00,Pinnacle,4,296.29,135.6,169.35,1490.11,Phone,Public,No,Clear
TN004141,2025-02-21,07:00:00,Monument,3,305.82,105.85,163.1,1186.41,Online,Public,No,Clear
TN004142,2025-08-11,14:40:00,Pinnacle,2,104.49,61.66,99.09,369.73,Online,Public,No,Clear
TN004143,2025-08-03,11:50:00,Pinnacle,4,133.04,132.11,191.61,855.88,Online,Public,No,Windy
TN004144,2025-03-15,10:00:00,Pinnacle,1,282.85,40.0,49.67,372.52,Walk-up,Public,No,Windy
TN004145,2025-10-11,14:40:00,Pinnacle,3,141.42,93.64,0.0,0.0,Online,ResortGuest,Yes,Windy
TN004146,2025-10-18,12:00:00,Pinnacle,3,230.47,105.93,90.01,887.35,Online,Public,No,Clear
TN004147,2025-05-14,07:00:00,Monument,3,136.21,91.57,0.0,500.2,Online,Group,No,Clear
TN004148,2025-05-20,09:50:00,Pinnacle,4,129.5,141.02,0.0,659.02,Concierge,ResortGuest,No,Clear
TN004149,2025-10-14,10:50:00,Monument,2,201.8,69.53,0.0,473.13,Online,Public,No,Clear
TN004150,2025-06-08,06:40:00,Monument,3,162.04,98.06,53.38,637.56,Online,Public,No,Clear
TN004151,2025-06-17,06:30:00,Pinnacle,4,129.65,121.6,0.0,640.2,Online,Member,No,Cloudy
TN004152,2025-08-23,08:10:00,Monument,1,146.8,40.0,0.0,186.8,Online,Public,No,Cloudy
TN004153,2025-05-30,14:30:00,Monument,3,85.0,86.54,0.0,0.0,Online,Member,Yes,Clear
TN004154,2025-03-16,08:10:00,Monument,4,308.56,133.89,0.0,1368.13,Online,Public,No,Cloudy
TN004155,2025-11-14,08:00:00,Monument,4,286.48,139.03,0.0,1284.95,Walk-up,Public,No,Cloudy
TN004156,2025-01-06,08:50:00,Monument,3,250.77,102.25,0.0,854.56,Concierge,ResortGuest,No,Clear
TN004157,2025-12-21,07:10:00,Pinnacle,2,288.55,68.08,0.0,645.18,Online,Public,No,Cloudy
TN004158,2025-02-22,07:40:00,Monument,3,291.94,101.82,81.97,1059.61,Online,Public,No,Rain
TN004159,2025-09-01,07:10:00,Monument,4,125.31,123.79,0.0,625.03,Phone,Group,No,Rain
TN004160,2025-05-24,13:40:00,Monument,3,87.69,90.12,0.0,353.19,Online,Member,No,Clear
TN004161,2025-03-01,06:40:00,Monument,4,263.4,120.32,0.0,1173.92,Sales/Events,Group,No,Clear
TN004162,2025-11-26,09:00:00,Pinnacle,3,321.68,101.73,175.23,1242.0,Online,Public,No,Cloudy
TN004163,2025-09-28,07:10:00,Monument,4,145.29,133.7,0.0,714.86,Concierge,ResortGuest,No,Clear
TN004164,2025-01-12,09:00:00,Pinnacle,2,238.11,64.86,89.97,631.05,Phone,Member,No,Clear
TN004165,2025-01-14,11:40:00,Monument,3,196.6,94.11,165.48,849.39,Phone,Member,No,Clear
TN004166,2025-11-08,08:20:00,Pinnacle,4,250.35,128.36,76.37,1206.13,Sales/Events,Group,No,Clear
TN004167,2025-11-23,12:00:00,Pinnacle,3,195.21,95.92,120.46,802.01,Phone,Member,No,Clear
TN004168,2025-07-26,08:30:00,Monument,4,169.84,136.38,172.51,988.25,Online,Public,No,Clear
TN004169,2025-02-20,10:10:00,Monument,4,226.99,130.89,108.95,1147.8,Phone,ResortGuest,No,Clear
TN004170,2025-01-12,12:50:00,Monument,3,219.03,103.05,98.18,858.32,Online,Public,No,Clear
TN004171,2025-08-12,09:10:00,Pinnacle,4,118.05,139.15,0.0,611.35,Phone,ResortGuest,No,Clear
TN004172,2025-02-27,07:40:00,Monument,3,317.96,104.86,0.0,0.0,Online,Public,Yes,Clear
TN004173,2025-10-18,07:40:00,Monument,3,178.07,94.0,0.0,628.21,Walk-up,Member,No,Clear
TN004174,2025-02-25,09:40:00,Pinnacle,4,222.69,132.69,0.0,1023.45,Phone,ResortGuest,No,Cloudy
TN004175,2025-01-23,13:50:00,Monument,3,219.37,104.62,90.46,853.19,Walk-up,Public,No,Clear
TN004176,2025-05-17,06:30:00,Monument,4,159.01,135.08,90.02,861.14,Online,Public,No,Windy
TN004177,2025-10-01,13:20:00,Monument,3,146.01,92.5,106.44,636.97,Online,Member,No,Clear
TN004178,2025-12-07,06:50:00,Pinnacle,3,289.77,105.17,205.76,1180.24,Phone,ResortGuest,No,Cloudy
TN004179,2025-01-18,11:00:00,Pinnacle,3,210.56,97.12,127.49,856.29,Online,Member,No,Rain
TN004180,2025-03-27,11:10:00,Pinnacle,2,278.75,66.83,130.86,755.19,Online,Public,No,Clear
TN004181,2025-02-18,13:40:00,Pinnacle,3,184.11,91.6,0.0,643.93,Online,Member,No,Clear
TN004182,2025-05-10,09:50:00,Pinnacle,4,149.53,133.54,165.7,897.36,Online,Public,No,Clear
TN004183,2025-03-23,10:20:00,Monument,2,258.46,69.01,0.0,585.93,Online,Public,No,Clear
TN004184,2025-12-31,07:10:00,Monument,3,252.89,97.08,53.97,909.72,Phone,Group,No,Clear
TN004185,2025-09-21,07:20:00,Pinnacle,4,120.81,123.75,0.0,606.99,Walk-up,Member,No,Clear
TN004186,2025-04-05,12:00:00,Monument,4,214.66,137.08,0.0,995.72,Online,Public,No,Clear
TN004187,2025-01-25,10:00:00,Pinnacle,4,260.84,133.05,258.62,1435.03,Online,Public,No,Clear
TN004188,2025-09-21,06:40:00,Monument,3,154.83,102.6,143.03,710.12,Online,Public,No,Clear
TN004189,2025-09-01,09:10:00,Monument,4,116.95,134.12,0.0,601.92,Phone,ResortGuest,No,Rain
TN004190,2025-04-12,13:20:00,Monument,2,159.96,69.15,87.6,476.67,Walk-up,Public,No,Clear
TN004191,2025-02-22,12:10:00,Pinnacle,3,188.64,90.33,0.0,656.25,Online,Member,No,Clear
TN004192,2025-05-24,07:50:00,Pinnacle,2,167.77,68.55,41.16,445.25,Online,Public,No,Cloudy
TN004193,2025-12-21,11:00:00,Pinnacle,3,256.62,100.6,0.0,870.46,Phone,Public,No,Clear
TN004194,2025-01-24,07:50:00,Pinnacle,4,279.15,140.5,0.0,1257.1,Phone,ResortGuest,No,Clear
TN004195,2025-02-16,11:20:00,Monument,3,236.23,99.49,62.56,870.74,Online,Public,No,Cloudy
TN004196,2025-12-24,07:30:00,Pinnacle,3,246.37,90.58,0.0,829.69,Online,Member,No,Clear
TN004197,2025-11-20,08:20:00,Monument,2,293.79,67.27,0.0,654.85,Online,Public,No,Clear
TN004198,2025-10-12,11:50:00,Pinnacle,4,199.48,139.91,85.21,1023.04,Walk-up,Public,No,Clear
TN004199,2025-09-07,09:20:00,Pinnacle,4,104.47,125.16,59.38,602.42,Walk-up,Member,No,Cloudy
TN004200,2025-04-12,09:30:00,Pinnacle,4,229.77,134.97,0.0,1054.05,Online,Public,No,Clear
TN004201,2025-01-23,10:30:00,Monument,3,250.86,105.54,84.6,942.72,Phone,Public,No,Clear
TN004202,2025-10-12,09:10:00,Monument,4,166.17,122.21,217.92,1004.81,Sales/Events,Group,No,Cloudy
TN004203,2025-12-28,10:00:00,Pinnacle,2,284.15,69.81,83.86,721.97,Walk-up,Public,No,Clear
TN004204,2025-06-25,10:00:00,Monument,3,103.5,90.94,191.48,592.92,Walk-up,Member,No,Clear
TN004205,2025-02-13,07:50:00,Pinnacle,4,261.86,123.15,0.0,1170.59,Phone,Member,No,Clear
TN004206,2025-03-29,06:30:00,Pinnacle,4,289.93,134.7,91.63,1386.05,Concierge,ResortGuest,No,Clear
TN004207,2025-11-02,07:10:00,Pinnacle,3,290.47,103.12,140.06,1114.59,Concierge,ResortGuest,No,Cloudy
TN004208,2025-02-08,11:10:00,Pinnacle,4,279.33,135.24,196.41,1448.97,Online,Public,No,Clear
TN004209,2025-03-09,11:50:00,Pinnacle,3,286.01,100.38,0.0,958.41,Online,Public,No,Clear
TN004210,2025-01-15,11:00:00,Pinnacle,3,235.05,94.07,66.68,865.9,Sales/Events,Group,No,Windy
TN004211,2025-08-27,15:10:00,Pinnacle,4,85.0,109.52,0.0,449.52,Sales/Events,Group,No,Clear
TN004212,2025-02-04,13:00:00,Monument,3,208.61,101.17,138.88,865.88,Online,Public,No,Clear
TN004213,2025-01-03,15:20:00,Monument,4,180.58,118.98,225.14,1066.44,Concierge,ResortGuest,No,Clear
TN004214,2025-12-24,08:40:00,Pinnacle,2,259.89,70.16,0.0,589.94,Concierge,ResortGuest,No,Clear
TN004215,2025-12-14,08:30:00,Pinnacle,2,299.3,65.75,0.0,664.35,Online,Public,No,Clear
TN004216,2025-01-26,07:20:00,Monument,4,221.26,121.93,140.93,1147.9,Online,Member,No,Clear
TN004217,2025-08-03,12:40:00,Pinnacle,4,123.59,132.4,112.28,739.04,Walk-up,Public,No,Cloudy
TN004218,2025-03-16,12:50:00,Monument,2,237.65,66.75,0.0,0.0,Online,Public,Yes,Windy
TN004219,2025-12-21,09:40:00,Pinnacle,1,202.0,40.0,0.0,242.0,Online,Member,No,Clear
TN004220,2025-02-15,07:20:00,Pinnacle,3,337.29,102.66,0.0,1114.53,Online,Public,No,Cloudy
TN004221,2025-03-07,06:40:00,Pinnacle,3,304.85,104.75,0.0,1019.3,Online,Public,No,Clear
TN004222,2025-12-12,07:00:00,Pinnacle,2,228.61,61.33,77.02,595.57,Walk-up,Member,No,Clear
TN004223,2025-11-09,13:50:00,Monument,3,219.55,98.79,98.48,855.92,Online,Public,No,Clear
TN004224,2025-08-28,06:40:00,Pinnacle,2,127.59,62.05,0.0,0.0,Phone,Group,Yes,Clear
TN004225,2025-07-26,13:10:00,Pinnacle,3,101.79,99.01,45.64,450.02,Phone,ResortGuest,No,Clear
TN004226,2025-02-01,06:30:00,Monument,3,228.65,92.78,122.14,900.87,Phone,Member,No,Clear
TN004227,2025-02-16,11:20:00,Monument,4,196.7,121.9,80.77,989.47,Online,Member,No,Clear
TN004228,2025-01-12,11:00:00,Monument,4,188.51,120.48,184.55,1059.07,Online,Member,No,Cloudy
TN004229,2025-02-08,08:10:00,Monument,4,273.67,133.47,100.81,1328.96,Phone,ResortGuest,No,Clear
TN004230,2025-07-10,13:20:00,Pinnacle,3,105.6,101.57,89.36,507.73,Concierge,ResortGuest,No,Clear
TN004231,2025-02-03,08:20:00,Monument,4,284.97,141.05,0.0,0.0,Online,Public,Yes,Clear
TN004232,2025-02-08,12:50:00,Monument,4,208.72,135.86,0.0,970.74,Online,Public,No,Clear
TN004233,2025-01-15,07:20:00,Pinnacle,2,299.97,67.16,0.0,667.1,Online,Public,No,Clear
TN004234,2025-01-16,14:50:00,Pinnacle,4,156.11,110.27,0.0,734.71,Phone,Group,No,Cloudy
TN004235,2025-01-28,14:30:00,Pinnacle,3,191.38,92.3,101.64,768.08,Online,Public,No,Windy
TN004236,2025-03-27,11:10:00,Pinnacle,3,227.23,103.36,205.08,990.13,Online,ResortGuest,No,Clear
TN004237,2025-07-11,10:00:00,Monument,4,117.59,123.63,188.98,782.97,Sales/Events,Group,No,Clear
TN004238,2025-05-10,10:10:00,Monument,4,129.5,141.18,226.66,885.84,Phone,Public,No,Clear
TN004239,2025-12-03,14:30:00,Pinnacle,3,203.13,93.27,0.0,0.0,Walk-up,Public,Yes,Clear
TN004240,2025-08-06,14:00:00,Pinnacle,4,102.04,128.89,108.03,645.08,Phone,Group,No,Clear
TN004241,2025-06-21,10:20:00,Monument,3,116.11,101.24,147.87,597.44,Concierge,ResortGuest,No,Clear
TN004242,2025-08-10,09:40:00,Monument,4,123.71,137.89,74.91,707.64,Phone,ResortGuest,No,Clear
TN004243,2025-01-26,09:00:00,Pinnacle,4,300.06,135.03,113.71,1448.98,Online,Public,No,Cloudy
TN004244,2025-12-26,07:50:00,Pinnacle,3,296.97,104.18,0.0,995.09,Concierge,ResortGuest,No,Clear
TN004245,2025-05-06,13:50:00,Pinnacle,4,90.18,126.61,81.07,568.4,Online,Member,No,Cloudy
TN004246,2025-02-07,07:50:00,Monument,3,308.81,101.98,84.13,1112.54,Walk-up,Public,No,Cloudy
TN004247,2025-02-22,13:40:00,Pinnacle,2,240.48,70.28,44.24,595.48,Walk-up,Public,No,Clear
TN004248,2025-08-02,11:50:00,Pinnacle,3,114.35,92.45,156.0,591.5,Phone,Member,No,Clear
TN004249,2025-12-05,12:00:00,Pinnacle,1,280.57,40.0,29.46,350.03,Online,Public,No,Cloudy
TN004250,2025-08-09,07:00:00,Monument,3,155.25,102.46,111.61,679.82,Walk-up,Public,No,Clear
TN004251,2025-04-15,08:30:00,Pinnacle,3,180.63,95.64,0.0,637.53,Online,Member,No,Cloudy
TN004252,2025-06-15,15:40:00,Monument,3,100.95,95.31,0.0,398.16,Online,Public,No,Cloudy
TN004253,2025-12-19,08:30:00,Monument,3,299.95,99.97,179.54,1179.36,Online,Public,No,Clear
TN004254,2025-05-24,09:30:00,Pinnacle,3,126.0,101.37,100.66,580.03,Phone,ResortGuest,No,Clear
TN004255,2025-11-08,08:20:00,Monument,4,266.51,133.08,0.0,1199.12,Phone,ResortGuest,No,Clear
TN004256,2025-06-28,07:00:00,Monument,3,171.4,98.24,0.0,0.0,Online,Public,Yes,Clear
TN004257,2025-06-14,13:40:00,Monument,3,107.03,103.94,97.2,522.23,Walk-up,Public,No,Clear
TN004258,2025-11-14,08:30:00,Pinnacle,3,235.74,91.88,195.5,994.6,Online,Member,No,Clear
TN004259,2025-02-02,08:30:00,Monument,4,318.81,140.16,234.61,1650.01,Phone,Public,No,Clear
TN004260,2025-03-25,12:50:00,Monument,4,197.87,139.44,126.2,1057.12,Concierge,ResortGuest,No,Clear
TN004261,2025-07-01,10:30:00,Pinnacle,3,134.89,99.48,0.0,504.15,Concierge,ResortGuest,No,Cloudy
TN004262,2025-05-25,13:40:00,Pinnacle,4,99.02,121.88,0.0,517.96,Online,Member,No,Clear
TN004263,2025-01-19,09:00:00,Monument,4,287.93,131.52,0.0,1283.24,Online,Public,No,Clear
TN004264,2025-03-22,07:10:00,Monument,3,223.09,93.27,0.0,0.0,Online,Member,Yes,Clear
TN004265,2025-08-16,08:30:00,Pinnacle,3,153.12,104.46,124.14,687.96,Concierge,ResortGuest,No,Rain
TN004266,2025-01-28,06:50:00,Pinnacle,3,225.93,95.39,69.57,842.75,Online,Member,No,Clear
TN004267,2025-10-31,08:50:00,Pinnacle,2,255.77,65.3,33.5,610.34,Online,Public,No,Clear
TN004268,2025-12-07,11:20:00,Monument,2,257.79,67.52,94.08,677.18,Walk-up,Public,No,Cloudy
TN004269,2025-08-23,08:00:00,Pinnacle,3,169.6,100.54,0.0,609.34,Phone,Public,No,Clear
TN004270,2025-04-11,12:50:00,Monument,3,167.58,103.1,0.0,605.84,Phone,Public,No,Clear
TN004271,2025-01-09,07:10:00,Pinnacle,2,320.07,66.25,0.0,706.39,Online,Public,No,Clear
TN004272,2025-03-09,08:50:00,Pinnacle,3,306.56,101.65,0.0,1021.33,Online,Public,No,Cloudy
TN004273,2025-04-13,12:30:00,Monument,3,142.99,100.46,0.0,529.43,Online,ResortGuest,No,Clear
TN004274,2025-07-05,09:30:00,Pinnacle,3,139.41,103.08,0.0,521.31,Walk-up,Public,No,Clear
TN004275,2025-11-14,11:00:00,Monument,3,216.88,96.37,154.41,901.42,Online,Member,No,Clear
TN004276,2025-07-15,07:10:00,Monument,2,162.01,68.71,89.47,482.2,Online,Public,No,Cloudy
TN004277,2025-02-12,13:00:00,Pinnacle,2,226.2,66.93,36.0,555.33,Online,Public,No,Cloudy
TN004278,2025-09-13,10:10:00,Monument,3,145.29,101.22,57.23,594.32,Walk-up,Public,No,Clear
TN004279,2025-02-23,08:20:00,Monument,1,299.63,40.0,0.0,339.63,Online,Public,No,Clear
TN004280,2025-03-27,07:30:00,Pinnacle,3,262.79,96.14,192.2,1076.71,Online,Member,No,Clear
TN004281,2025-08-31,14:00:00,Pinnacle,3,90.27,96.31,0.0,367.12,Online,Member,No,Clear
TN004282,2025-12-31,07:10:00,Monument,3,247.11,95.54,49.06,885.93,Walk-up,Member,No,Clear
TN004283,2025-12-14,08:10:00,Pinnacle,3,322.61,105.28,0.0,1073.11,Phone,Public,No,Clear
TN004284,2025-03-02,08:20:00,Pinnacle,4,238.24,121.85,0.0,1074.81,Sales/Events,Group,No,Windy
TN004285,2025-03-22,13:50:00,Pinnacle,2,185.21,64.96,0.0,435.38,Online,Member,No,Cloudy
TN004286,2025-03-25,10:30:00,Pinnacle,3,261.0,104.94,132.03,1019.97,Online,Public,No,Clear
TN004287,2025-11-23,12:50:00,Monument,2,209.6,68.59,0.0,487.79,Online,Public,No,Clear
TN004288,2025-02-26,08:40:00,Monument,2,230.59,61.83,107.62,630.63,Walk-up,Member,No,Clear
TN004289,2025-08-28,11:10:00,Pinnacle,3,137.11,99.46,85.75,596.54,Online,Public,No,Clear
TN004290,2025-10-19,06:50:00,Pinnacle,3,229.98,105.11,0.0,795.05,Online,Public,No,Clear
TN004291,2025-08-03,13:30:00,Monument,4,125.25,130.87,230.39,862.26,Online,Public,No,Windy
TN004292,2025-12-27,06:30:00,Monument,3,292.61,100.85,0.0,978.68,Online,Public,No,Clear
TN004293,2025-12-21,10:50:00,Pinnacle,2,211.09,64.9,0.0,487.08,Phone,Member,No,Cloudy
TN004294,2025-04-19,09:50:00,Monument,3,145.29,94.67,152.26,682.8,Walk-up,Member,No,Clear
TN004295,2025-12-19,14:00:00,Pinnacle,4,187.23,121.74,93.46,964.12,Sales/Events,Group,No,Clear
TN004296,2025-10-05,13:50:00,Pinnacle,4,191.25,133.3,90.57,988.87,Phone,Public,No,Clear
TN004297,2025-10-03,10:20:00,Pinnacle,3,206.73,102.17,96.44,818.8,Walk-up,Public,No,Clear
TN004298,2025-09-30,06:30:00,Pinnacle,2,142.86,67.48,63.38,416.58,Online,ResortGuest,No,Clear
TN004299,2025-08-31,07:50:00,Monument,4,129.46,124.8,0.0,642.64,Online,Member,No,Cloudy
TN004300,2025-07-13,13:30:00,Pinnacle,3,115.37,101.21,66.33,513.65,Online,Public,No,Clear
TN004301,2025-12-17,12:10:00,Pinnacle,4,196.46,125.63,241.46,1152.93,Phone,Group,No,Clear
TN004302,2025-04-14,08:20:00,Monument,2,243.69,65.51,0.0,552.89,Phone,Public,No,Clear
TN004303,2025-01-16,13:30:00,Pinnacle,3,218.98,102.21,57.32,816.47,Concierge,ResortGuest,No,Clear
TN004304,2025-01-16,07:30:00,Pinnacle,3,333.72,105.09,0.0,1106.25,Walk-up,Public,No,Clear
TN004305,2025-01-04,09:00:00,Monument,4,226.66,127.64,201.19,1235.47,Sales/Events,Group,No,Cloudy
TN004306,2025-04-30,13:10:00,Pinnacle,3,178.06,98.0,137.8,769.98,Walk-up,Public,No,Clear
TN004307,2025-01-01,09:10:00,Monument,4,214.03,121.9,71.26,1049.28,Online,Member,No,Clear
TN004308,2025-06-21,06:40:00,Pinnacle,4,169.78,137.49,0.0,816.61,Phone,Public,No,Clear
TN004309,2025-12-15,10:20:00,Monument,3,201.09,91.98,75.04,770.29,Walk-up,Member,No,Cloudy
TN004310,2025-09-27,13:00:00,Monument,4,90.8,126.19,105.79,595.18,Online,Member,No,Cloudy
TN004311,2025-09-28,14:10:00,Pinnacle,3,100.92,93.73,0.0,396.49,Online,Public,No,Clear
TN004312,2025-08-30,11:20:00,Monument,4,136.88,133.9,0.0,681.42,Online,Public,No,Clear
TN004313,2025-04-24,07:10:00,Monument,2,226.01,70.7,115.22,637.94,Online,Public,No,Clear
TN004314,2025-11-30,07:30:00,Monument,2,292.05,66.58,46.6,697.28,Walk-up,Public,No,Clear
TN004315,2025-02-26,12:40:00,Pinnacle,2,220.72,69.83,0.0,511.27,Online,Public,No,Clear
TN004316,2025-03-15,06:30:00,Pinnacle,4,252.89,127.87,67.73,1207.16,Online,Member,No,Clear
TN004317,2025-02-11,08:20:00,Pinnacle,3,301.02,99.12,0.0,1002.18,Online,Public,No,Clear
TN004318,2025-12-07,11:30:00,Pinnacle,1,277.42,40.0,46.9,364.32,Phone,Public,No,Cloudy
TN004319,2025-12-19,08:30:00,Monument,3,321.06,101.98,0.0,1065.16,Phone,Public,No,Windy
TN004320,2025-12-16,12:10:00,Pinnacle,4,178.75,120.7,134.37,970.07,Walk-up,Member,No,Clear
TN004321,2025-03-30,09:30:00,Pinnacle,2,253.98,70.1,0.0,578.06,Online,Public,No,Clear
TN004322,2025-11-15,06:50:00,Monument,4,273.5,134.33,211.0,1439.33,Walk-up,Public,No,Cloudy
TN004323,2025-03-18,07:20:00,Pinnacle,4,253.58,138.6,0.0,1152.92,Phone,ResortGuest,No,Clear
TN004324,2025-11-30,13:10:00,Monument,2,231.56,69.28,69.55,601.95,Online,Public,No,Clear
TN004325,2025-06-01,07:50:00,Monument,2,126.99,61.85,0.0,0.0,Online,Member,Yes,Clear
TN004326,2025-01-16,07:20:00,Pinnacle,3,263.33,91.53,51.92,933.44,Online,Member,No,Clear
TN004327,2025-03-23,10:00:00,Monument,4,249.17,137.72,0.0,1134.4,Online,Public,No,Clear
TN004328,2025-12-08,06:50:00,Monument,4,274.68,133.11,183.23,1415.06,Online,Public,No,Clear
TN004329,2025-05-18,07:20:00,Pinnacle,2,153.43,68.53,76.42,451.81,Concierge,ResortGuest,No,Clear
TN004330,2025-12-13,11:00:00,Pinnacle,4,250.71,131.59,0.0,1134.43,Concierge,ResortGuest,No,Clear
TN004331,2025-06-18,10:50:00,Pinnacle,3,145.11,104.8,0.0,540.13,Phone,Public,No,Clear
TN004332,2025-01-06,08:20:00,Pinnacle,3,273.05,100.22,86.1,1005.47,Concierge,ResortGuest,No,Clear
TN004333,2025-12-31,06:50:00,Pinnacle,3,337.8,98.25,189.9,1301.55,Phone,Public,No,Clear
TN004334,2025-12-05,11:20:00,Pinnacle,3,193.69,93.04,0.0,674.11,Phone,Member,No,Clear
TN004335,2025-05-25,09:10:00,Monument,3,113.82,100.29,93.1,534.85,Concierge,ResortGuest,No,Clear
TN004336,2025-03-07,11:40:00,Pinnacle,3,274.12,100.4,0.0,922.76,Online,Public,No,Cloudy
TN004337,2025-06-29,11:10:00,Monument,3,99.03,90.41,0.0,387.5,Phone,Member,No,Clear
TN004338,2025-12-30,07:50:00,Monument,3,265.78,100.1,52.27,949.71,Concierge,ResortGuest,No,Windy
TN004339,2025-01-18,07:30:00,Monument,4,218.69,120.84,94.61,1090.21,Online,Member,No,Cloudy
TN004340,2025-11-06,08:20:00,Monument,3,252.9,91.13,85.02,934.85,Sales/Events,Group,No,Clear
TN004341,2025-03-11,11:30:00,Pinnacle,4,264.37,140.24,0.0,1197.72,Online,Public,No,Cloudy
TN004342,2025-08-17,10:40:00,Pinnacle,4,110.25,122.47,0.0,0.0,Walk-up,Member,Yes,Rain
TN004343,2025-05-16,12:10:00,Monument,3,108.77,104.74,0.0,431.05,Concierge,ResortGuest,No,Cloudy
TN004344,2025-01-14,13:50:00,Monument,2,173.89,64.51,46.34,458.63,Phone,Member,No,Clear
TN004345,2025-08-24,11:00:00,Monument,4,104.57,122.17,117.73,658.18,Phone,Group,No,Cloudy
TN004346,2025-03-01,07:00:00,Monument,4,250.0,140.64,0.0,1140.64,Phone,ResortGuest,No,Clear
TN004347,2025-06-04,07:40:00,Pinnacle,4,145.56,132.88,79.77,794.89,Concierge,ResortGuest,No,Clear
TN004348,2025-11-16,07:00:00,Pinnacle,3,279.79,99.83,0.0,939.2,Concierge,ResortGuest,No,Windy
TN004349,2025-09-07,08:00:00,Pinnacle,4,170.24,140.04,207.5,1028.5,Online,Public,No,Clear
TN004350,2025-11-21,08:40:00,Monument,2,249.32,63.33,0.0,561.97,Online,Member,No,Clear
TN004351,2025-03-23,07:50:00,Monument,4,281.42,139.43,0.0,1265.11,Phone,Public,No,Clear
TN004352,2025-11-22,11:20:00,Monument,1,271.33,40.0,46.6,357.93,Online,Public,No,Clear
TN004353,2025-03-26,10:50:00,Pinnacle,4,270.07,140.64,0.0,1220.92,Online,Public,No,Clear
TN004354,2025-05-24,08:20:00,Monument,3,116.8,92.1,133.91,576.41,Online,Member,No,Clear
TN004355,2025-02-05,06:30:00,Pinnacle,3,246.21,94.01,0.0,832.64,Phone,Member,No,Clear
TN004356,2025-12-28,09:20:00,Pinnacle,4,221.73,136.8,201.33,1225.05,Online,ResortGuest,No,Clear
TN004357,2025-02-04,07:00:00,Monument,3,250.92,96.57,0.0,849.33,Walk-up,Member,No,Cloudy
TN004358,2025-12-08,07:40:00,Monument,3,322.64,103.28,99.38,1170.58,Online,Public,No,Clear
TN004359,2025-03-01,08:30:00,Monument,3,273.59,99.0,86.68,1006.45,Phone,Public,No,Cloudy
TN004360,2025-05-11,11:00:00,Pinnacle,2,152.73,70.25,0.0,375.71,Online,Public,No,Clear
TN004361,2025-03-18,07:30:00,Pinnacle,1,303.03,40.0,0.0,343.03,Online,Public,No,Clear
TN004362,2025-09-03,14:00:00,Pinnacle,3,113.08,100.5,133.83,573.57,Walk-up,Public,No,Clear
TN004363,2025-12-20,13:30:00,Monument,4,160.19,122.48,190.81,954.05,Phone,Member,No,Clear
TN004364,2025-09-21,14:10:00,Monument,3,85.0,83.04,159.47,497.51,Phone,Member,No,Clear
TN004365,2025-01-27,08:50:00,Pinnacle,4,259.3,122.57,128.58,1288.35,Sales/Events,Group,No,Clear
TN004366,2025-11-08,06:40:00,Pinnacle,3,302.06,99.13,0.0,1005.31,Online,Public,No,Clear
TN004367,2025-03-05,07:30:00,Monument,4,292.62,131.81,68.34,1370.63,Phone,Public,No,Clear
TN004368,2025-04-04,09:50:00,Monument,3,176.81,101.68,62.47,694.58,Online,ResortGuest,No,Cloudy
TN004369,2025-04-01,07:50:00,Pinnacle,3,231.83,104.42,0.0,0.0,Online,Public,Yes,Clear
TN004370,2025-05-18,14:00:00,Pinnacle,2,122.31,68.35,0.0,312.97,Walk-up,Public,No,Clear
TN004371,2025-11-01,08:30:00,Monument,4,286.64,137.08,127.19,1410.83,Online,Public,No,Windy
TN004372,2025-05-04,06:50:00,Monument,4,116.58,125.77,0.0,0.0,Phone,Member,Yes,Clear
TN004373,2025-11-29,06:30:00,Pinnacle,4,319.39,139.22,0.0,1416.78,Online,Public,No,Clear
TN004374,2025-10-11,08:10:00,Pinnacle,4,194.23,127.41,0.0,904.33,Online,Member,No,Cloudy
TN004375,2025-09-30,12:30:00,Pinnacle,3,101.65,92.45,50.0,447.4,Online,Member,No,Cloudy
TN004376,2025-02-09,12:30:00,Monument,4,160.35,120.6,0.0,762.0,Online,Member,No,Windy
TN004377,2025-12-20,07:30:00,Pinnacle,4,336.88,139.32,0.0,1486.84,Online,Public,No,Clear
TN004378,2025-03-29,09:00:00,Pinnacle,4,243.28,125.76,0.0,1098.88,Online,Member,No,Clear
TN004379,2025-12-28,10:10:00,Monument,4,256.38,138.91,0.0,1164.43,Phone,Public,No,Clear
TN004380,2025-10-22,10:20:00,Pinnacle,3,181.33,102.48,0.0,0.0,Concierge,ResortGuest,Yes,Cloudy
TN004381,2025-11-29,07:00:00,Monument,3,283.62,104.58,54.29,1009.73,Online,Public,No,Clear
TN004382,2025-11-30,15:40:00,Monument,4,177.02,121.53,99.05,928.66,Online,Public,No,Clear
TN004383,2025-12-28,07:30:00,Pinnacle,2,306.59,70.42,81.44,765.04,Phone,Public,No,Clear
TN004384,2025-05-31,07:20:00,Monument,4,126.95,127.57,238.09,873.46,Online,Member,No,Clear
TN004385,2025-12-14,11:00:00,Monument,3,239.87,101.89,121.66,943.16,Phone,ResortGuest,No,Windy
TN004386,2025-01-16,09:00:00,Pinnacle,3,321.48,103.09,0.0,1067.53,Walk-up,Public,No,Clear
TN004387,2025-01-18,08:20:00,Monument,4,280.88,137.21,0.0,1260.73,Phone,ResortGuest,No,Clear
TN004388,2025-10-05,07:50:00,Pinnacle,4,193.69,122.81,177.97,1075.54,Online,Member,No,Cloudy
TN004389,2025-11-14,06:50:00,Pinnacle,2,254.32,61.73,0.0,0.0,Online,Member,Yes,Clear
TN004390,2025-08-30,10:10:00,Monument,2,122.81,68.92,0.0,314.54,Phone,ResortGuest,No,Clear
TN004391,2025-11-22,08:00:00,Pinnacle,3,306.13,99.62,0.0,1018.01,Online,Public,No,Clear
TN004392,2025-03-13,08:20:00,Monument,3,318.23,98.3,158.42,1211.41,Online,Public,No,Clear
TN004393,2025-11-08,09:50:00,Monument,4,247.0,136.11,173.58,1297.69,Online,Public,No,Clear
TN004394,2025-02-22,15:10:00,Pinnacle,4,200.8,127.2,0.0,930.4,Phone,Public,No,Clear
TN004395,2025-09-05,09:50:00,Monument,3,132.33,103.22,55.53,555.74,Online,Public,No,Windy
TN004396,2025-03-01,10:00:00,Monument,4,250.12,139.68,154.99,1295.15,Walk-up,Public,No,Clear
TN004397,2025-02-23,08:00:00,Pinnacle,3,296.01,100.96,92.43,1081.42,Online,Public,No,Clear
TN004398,2025-01-16,06:50:00,Monument,3,262.88,105.77,174.12,1068.53,Online,ResortGuest,No,Windy
TN004399,2025-01-05,06:50:00,Pinnacle,4,237.12,120.34,76.68,1145.5,Online,Member,No,Clear
TN004400,2025-10-17,07:10:00,Monument,2,191.75,66.42,0.0,449.92,Online,ResortGuest,No,Clear
TN004401,2025-07-19,07:10:00,Monument,3,126.64,94.13,150.82,624.87,Walk-up,Member,No,Cloudy
TN004402,2025-02-18,09:00:00,Monument,4,283.48,132.76,0.0,1266.68,Phone,ResortGuest,No,Clear
TN004403,2025-10-18,08:30:00,Pinnacle,3,223.42,103.57,140.75,914.58,Concierge,ResortGuest,No,Clear
TN004404,2025-11-08,11:40:00,Pinnacle,3,291.04,104.79,92.8,1070.71,Online,Public,No,Clear
TN004405,2025-06-07,15:40:00,Pinnacle,2,111.67,58.99,91.81,374.14,Online,Public,No,Clear
TN004406,2025-03-15,08:40:00,Monument,3,240.52,91.44,177.8,990.8,Phone,Member,No,Clear
TN004407,2025-12-06,07:40:00,Pinnacle,3,291.68,99.31,0.0,0.0,Phone,Public,Yes,Clear
TN004408,2025-01-26,11:50:00,Pinnacle,4,281.17,136.41,204.94,1466.03,Online,Public,No,Clear
TN004409,2025-06-04,09:00:00,Pinnacle,3,136.85,94.57,0.0,0.0,Online,Member,Yes,Clear
TN004410,2025-10-11,12:50:00,Monument,3,157.42,105.76,100.04,678.06,Phone,ResortGuest,No,Clear
TN004411,2025-06-01,11:10:00,Monument,4,118.48,127.16,260.13,861.21,Sales/Events,Group,No,Clear
TN004412,2025-12-10,14:40:00,Pinnacle,3,185.69,92.35,0.0,649.42,Online,ResortGuest,No,Clear
TN004413,2025-11-15,11:50:00,Monument,4,210.18,127.01,67.49,1035.22,Phone,Member,No,Clear
TN004414,2025-12-25,07:30:00,Pinnacle,4,318.84,141.21,0.0,1416.57,Online,Public,No,Clear
TN004415,2025-08-09,06:50:00,Pinnacle,3,165.84,99.04,0.0,596.56,Online,Public,No,Clear
TN004416,2025-02-03,07:40:00,Pinnacle,4,258.76,139.84,150.44,1325.32,Phone,ResortGuest,No,Cloudy
TN004417,2025-12-06,07:20:00,Pinnacle,3,331.88,100.81,0.0,1096.45,Online,Public,No,Clear
TN004418,2025-03-08,13:30:00,Monument,3,187.53,98.4,99.35,760.34,Concierge,ResortGuest,No,Windy
TN004419,2025-09-06,09:10:00,Pinnacle,3,147.45,98.24,0.0,0.0,Online,Public,Yes,Clear
TN004420,2025-08-17,09:00:00,Pinnacle,2,131.76,64.94,75.57,404.03,Phone,Member,No,Clear
TN004421,2025-11-22,09:20:00,Pinnacle,3,253.14,100.04,0.0,859.46,Phone,ResortGuest,No,Clear
TN004422,2025-05-02,11:20:00,Monument,2,133.9,68.0,63.57,399.37,Phone,Public,No,Clear
TN004423,2025-04-27,07:10:00,Monument,4,200.74,136.61,195.69,1135.26,Concierge,ResortGuest,No,Clear
TN004424,2025-02-08,08:50:00,Pinnacle,1,235.52,40.0,47.22,322.74,Online,Member,No,Clear
TN004425,2025-08-28,12:00:00,Pinnacle,3,115.64,92.69,0.0,439.61,Online,Member,No,Cloudy
TN004426,2025-02-02,08:20:00,Monument,3,311.84,103.9,0.0,1039.42,Phone,Public,No,Clear
TN004427,2025-12-27,07:00:00,Pinnacle,3,290.77,101.91,193.84,1168.06,Concierge,ResortGuest,No,Clear
TN004428,2025-03-01,08:00:00,Pinnacle,3,301.46,103.81,146.82,1155.01,Walk-up,Public,No,Cloudy
TN004429,2025-03-08,08:50:00,Monument,4,252.53,120.82,91.99,1222.93,Sales/Events,Group,No,Clear
TN004430,2025-01-17,09:20:00,Pinnacle,3,248.66,102.83,188.89,1037.7,Walk-up,Public,No,Clear
TN004431,2025-03-17,09:10:00,Monument,2,209.76,65.03,96.04,580.59,Phone,Member,No,Clear
TN004432,2025-01-29,08:10:00,Pinnacle,3,224.44,91.59,0.0,764.91,Online,Member,No,Clear
TN004433,2025-06-15,14:20:00,Pinnacle,3,105.05,89.76,69.51,474.42,Online,Public,No,Cloudy
TN004434,2025-04-22,08:30:00,Pinnacle,2,198.65,61.49,0.0,458.79,Online,Member,No,Clear
TN004435,2025-01-04,06:40:00,Monument,4,222.44,120.76,0.0,1010.52,Online,Member,No,Clear
TN004436,2025-11-30,08:30:00,Monument,4,303.7,135.69,102.14,1452.63,Online,Public,No,Clear
TN004437,2025-02-04,10:50:00,Pinnacle,3,259.96,102.31,0.0,882.19,Online,Public,No,Clear
TN004438,2025-09-26,07:30:00,Monument,3,151.89,98.07,181.26,735.0,Online,Public,No,Clear
TN004439,2025-06-28,08:50:00,Monument,3,165.03,100.21,0.0,595.3,Online,Public,No,Clear
TN004440,2025-12-23,08:20:00,Pinnacle,3,224.22,93.69,0.0,766.35,Walk-up,Member,No,Clear
TN004441,2025-03-15,09:20:00,Monument,4,188.52,121.69,0.0,875.77,Online,Member,No,Clear
TN004442,2025-07-06,07:30:00,Pinnacle,4,139.4,138.49,150.16,846.25,Concierge,ResortGuest,No,Clear
TN004443,2025-12-16,11:20:00,Monument,3,216.42,105.71,0.0,754.97,Concierge,ResortGuest,No,Clear
TN004444,2025-11-26,08:20:00,Pinnacle,3,299.09,100.44,151.1,1148.81,Phone,Public,No,Clear
TN004445,2025-11-16,07:10:00,Pinnacle,4,308.16,133.13,77.61,1443.38,Online,Public,No,Clear
TN004446,2025-11-22,11:20:00,Pinnacle,2,280.27,70.42,0.0,630.96,Online,Public,No,Clear
TN004447,2025-12-07,06:50:00,Pinnacle,3,334.63,99.18,163.97,1267.04,Online,Public,No,Clear
TN004448,2025-04-27,13:40:00,Pinnacle,4,130.27,124.82,75.37,721.27,Online,Member,No,Clear
TN004449,2025-04-09,06:50:00,Pinnacle,4,193.24,123.28,0.0,896.24,Sales/Events,Group,No,Clear
TN004450,2025-02-07,08:00:00,Monument,4,296.24,139.65,0.0,1324.61,Online,Public,No,Clear
TN004451,2025-12-21,08:40:00,Pinnacle,4,323.17,138.8,0.0,1431.48,Online,Public,No,Clear
TN004452,2025-02-03,08:10:00,Monument,2,282.41,69.39,0.0,634.21,Phone,Public,No,Clear
TN004453,2025-01-20,09:50:00,Monument,4,208.18,129.87,228.44,1191.03,Phone,Group,No,Clear
TN004454,2025-04-05,11:20:00,Pinnacle,2,196.02,66.54,0.0,458.58,Online,Public,No,Clear
TN004455,2025-11-22,07:10:00,Pinnacle,2,259.8,66.84,0.0,586.44,Phone,ResortGuest,No,Clear
TN004456,2025-09-14,07:10:00,Monument,4,130.16,137.18,0.0,657.82,Concierge,ResortGuest,No,Clear
TN004457,2025-02-21,12:20:00,Pinnacle,3,176.43,96.52,120.77,746.58,Sales/Events,Group,No,Clear
TN004458,2025-01-20,07:00:00,Pinnacle,4,328.53,132.87,0.0,1446.99,Walk-up,Public,No,Cloudy
TN004459,2025-07-21,08:30:00,Monument,3,158.69,99.24,0.0,575.31,Online,Public,No,Clear
TN004460,2025-01-05,08:20:00,Monument,3,300.61,105.25,97.01,1104.09,Walk-up,Public,No,Clear
TN004461,2025-02-06,07:30:00,Monument,3,294.86,103.96,145.17,1133.71,Phone,Public,No,Cloudy
TN004462,2025-03-08,07:50:00,Pinnacle,4,252.53,125.05,0.0,1135.17,Online,Member,No,Windy
TN004463,2025-05-31,10:20:00,Monument,4,98.8,127.31,168.56,691.07,Online,Member,No,Clear
TN004464,2025-12-06,11:10:00,Monument,2,242.27,69.3,89.72,643.56,Online,Public,No,Clear
TN004465,2025-02-08,08:30:00,Monument,3,243.59,101.74,0.0,832.51,Concierge,ResortGuest,No,Clear
TN004466,2025-10-05,10:00:00,Pinnacle,4,229.22,137.99,143.93,1198.8,Phone,Public,No,Clear
TN004467,2025-11-23,08:00:00,Pinnacle,3,301.26,98.26,118.17,1120.21,Walk-up,Public,No,Cloudy
TN004468,2025-01-18,09:30:00,Monument,4,252.83,132.51,83.11,1226.94,Online,Public,No,Clear
TN004469,2025-11-27,09:00:00,Pinnacle,4,307.93,137.47,235.97,1605.16,Phone,Public,No,Cloudy
TN004470,2025-11-05,06:40:00,Pinnacle,4,263.49,134.46,0.0,1188.42,Concierge,ResortGuest,No,Rain
TN004471,2025-04-19,08:30:00,Monument,3,210.28,98.46,60.68,789.98,Online,ResortGuest,No,Clear
TN004472,2025-02-16,09:10:00,Pinnacle,3,249.85,98.39,88.39,936.33,Online,Public,No,Clear
TN004473,2025-11-07,10:50:00,Pinnacle,4,232.67,133.5,0.0,1064.18,Phone,ResortGuest,No,Clear
TN004474,2025-09-21,07:30:00,Monument,4,136.91,122.52,0.0,670.16,Sales/Events,Group,No,Rain
TN004475,2025-12-27,13:00:00,Monument,3,205.53,105.59,84.38,806.56,Online,Public,No,Clear
TN004476,2025-05-17,11:20:00,Monument,3,121.88,103.61,104.95,574.2,Concierge,ResortGuest,No,Clear
TN004477,2025-11-17,14:40:00,Pinnacle,4,208.02,124.62,0.0,956.7,Online,Public,No,Cloudy
TN004478,2025-01-04,10:10:00,Monument,3,202.28,90.69,98.64,796.17,Phone,Member,No,Clear
TN004479,2025-02-15,14:00:00,Pinnacle,3,227.4,102.04,0.0,784.24,Online,Public,No,Clear
TN004480,2025-12-28,10:30:00,Monument,3,255.78,98.87,86.27,952.48,Phone,Public,No,Windy
TN004481,2025-03-13,13:10:00,Monument,4,185.67,131.48,0.0,874.16,Phone,ResortGuest,No,Clear
TN004482,2025-08-13,09:50:00,Pinnacle,4,118.99,123.58,0.0,599.54,Online,Member,No,Cloudy
TN004483,2025-02-09,08:30:00,Pinnacle,3,329.7,98.18,138.36,1225.64,Online,Public,No,Clear
TN004484,2025-03-11,08:40:00,Monument,4,252.19,128.95,74.44,1212.15,Sales/Events,Group,No,Cloudy
TN004485,2025-06-22,07:30:00,Pinnacle,4,127.79,126.38,0.0,637.54,Sales/Events,Group,No,Clear
TN004486,2025-05-03,13:30:00,Monument,4,92.63,123.15,0.0,493.67,Phone,Group,No,Clear
TN004487,2025-03-05,08:40:00,Monument,3,254.97,93.65,67.3,925.86,Online,Group,No,Clear
TN004488,2025-11-19,14:40:00,Monument,4,161.65,115.63,0.0,762.23,Sales/Events,Group,No,Clear
TN004489,2025-03-08,08:40:00,Monument,4,240.88,127.56,0.0,1091.08,Online,Member,No,Clear
TN004490,2025-10-04,07:00:00,Pinnacle,4,243.96,139.69,153.61,1269.14,Phone,Public,No,Cloudy
TN004491,2025-04-19,08:30:00,Pinnacle,4,218.54,132.95,64.26,1071.37,Concierge,ResortGuest,No,Clear
TN004492,2025-02-04,13:50:00,Pinnacle,3,174.51,97.26,0.0,620.79,Online,Member,No,Clear
TN004493,2025-09-13,12:40:00,Monument,4,86.45,122.7,200.84,669.34,Walk-up,Member,No,Clear
TN004494,2025-11-14,06:30:00,Pinnacle,3,295.04,99.77,69.9,1054.79,Concierge,ResortGuest,No,Clear
TN004495,2025-10-19,10:50:00,Pinnacle,4,170.06,122.06,0.0,802.3,Sales/Events,Group,No,Clear
TN004496,2025-02-22,12:50:00,Monument,2,222.48,66.71,138.11,649.78,Online,Public,No,Clear
TN004497,2025-01-26,07:40:00,Pinnacle,3,251.88,90.22,156.69,1002.55,Phone,Member,No,Clear
TN004498,2025-02-03,07:40:00,Pinnacle,4,259.26,127.04,0.0,1164.08,Online,Member,No,Clear
TN004499,2025-01-15,06:50:00,Pinnacle,3,264.17,91.57,0.0,884.08,Walk-up,Member,No,Clear
TN004500,2025-01-28,07:40:00,Monument,4,253.64,120.96,113.09,1248.61,Online,Group,No,Cloudy
TN004501,2025-11-02,07:20:00,Pinnacle,3,258.4,105.52,99.89,980.61,Phone,ResortGuest,No,Clear
TN004502,2025-05-10,14:40:00,Pinnacle,3,97.71,94.91,138.47,526.51,Online,Public,No,Clear
TN004503,2025-04-13,06:40:00,Pinnacle,3,265.72,102.36,196.27,1095.79,Online,Public,No,Clear
TN004504,2025-01-08,13:20:00,Monument,2,174.92,62.3,73.1,485.24,Online,Member,No,Cloudy
TN004505,2025-05-03,12:10:00,Monument,3,96.55,103.22,125.2,518.07,Concierge,ResortGuest,No,Windy
TN004506,2025-01-04,08:10:00,Pinnacle,2,249.56,62.24,0.0,561.36,Phone,Member,No,Clear
TN004507,2025-06-26,13:30:00,Monument,3,123.19,102.55,0.0,472.12,Phone,Public,No,Cloudy
TN004508,2025-07-20,07:10:00,Monument,3,167.91,101.71,75.53,680.97,Online,Public,No,Cloudy
TN004509,2025-01-31,07:20:00,Pinnacle,3,291.81,103.0,0.0,978.43,Concierge,ResortGuest,No,Clear
TN004510,2025-06-21,08:10:00,Pinnacle,3,179.28,99.72,77.86,715.42,Phone,Public,No,Windy
TN004511,2025-03-01,09:00:00,Pinnacle,2,294.46,69.17,89.69,747.78,Online,Public,No,Clear
TN004512,2025-09-28,11:00:00,Pinnacle,3,123.42,95.94,0.0,466.2,Sales/Events,Group,No,Cloudy
TN004513,2025-06-11,12:00:00,Pinnacle,3,154.99,98.55,114.72,678.24,Walk-up,Public,No,Clear
TN004514,2025-02-08,07:10:00,Monument,3,279.71,105.8,79.48,1024.41,Online,ResortGuest,No,Clear
TN004515,2025-03-11,10:50:00,Pinnacle,4,268.31,139.37,148.7,1361.31,Phone,Public,No,Cloudy
TN004516,2025-09-13,11:20:00,Monument,3,98.86,95.48,0.0,392.06,Online,Member,No,Windy
TN004517,2025-09-01,12:00:00,Pinnacle,4,121.32,138.75,0.0,624.03,Phone,ResortGuest,No,Clear
TN004518,2025-02-22,08:50:00,Monument,4,241.95,136.51,0.0,1104.31,Concierge,ResortGuest,No,Clear
TN004519,2025-03-11,13:10:00,Pinnacle,4,179.54,120.17,0.0,0.0,Online,Member,Yes,Clear
TN004520,2025-03-15,15:40:00,Monument,3,186.75,94.51,139.7,794.46,Phone,Public,No,Clear
TN004521,2025-12-14,06:40:00,Monument,4,267.23,140.47,0.0,1209.39,Phone,ResortGuest,No,Clear
TN004522,2025-03-23,07:00:00,Monument,3,224.66,94.42,0.0,768.4,Walk-up,Member,No,Clear
TN004523,2025-09-27,12:30:00,Monument,1,97.55,40.0,17.85,155.4,Phone,ResortGuest,No,Clear
TN004524,2025-03-22,07:00:00,Pinnacle,4,320.65,137.22,0.0,1419.82,Online,Public,No,Clear
TN004525,2025-01-13,13:30:00,Pinnacle,2,229.43,70.37,0.0,529.23,Online,Public,No,Cloudy
TN004526,2025-07-06,07:00:00,Pinnacle,4,176.9,134.91,0.0,842.51,Phone,Public,No,Clear
TN004527,2025-12-19,12:30:00,Pinnacle,3,168.86,95.07,72.85,674.5,Online,Member,No,Cloudy
TN004528,2025-04-27,07:30:00,Monument,3,235.23,99.6,0.0,805.29,Online,Public,No,Clear
TN004529,2025-11-07,07:10:00,Monument,4,219.59,120.3,0.0,998.66,Online,Member,No,Clear
TN004530,2025-01-30,12:50:00,Monument,3,237.27,101.87,161.9,975.58,Online,Public,No,Clear
TN004531,2025-04-19,13:00:00,Monument,2,173.25,66.86,89.08,502.44,Online,Public,No,Clear
TN004532,2025-09-20,09:40:00,Monument,3,109.65,93.42,115.83,538.2,Online,Member,No,Clear
TN004533,2025-07-22,13:50:00,Monument,4,89.66,128.6,0.0,487.24,Sales/Events,Group,No,Windy
TN004534,2025-11-11,09:10:00,Monument,2,258.73,66.17,0.0,583.63,Online,Public,No,Clear
TN004535,2025-04-02,13:00:00,Pinnacle,4,186.12,139.97,0.0,884.45,Online,Public,No,Clear
TN004536,2025-05-04,13:10:00,Monument,3,112.78,99.5,0.0,437.84,Online,Public,No,Clear
TN004537,2025-09-21,07:10:00,Pinnacle,3,129.22,91.63,48.38,527.67,Online,Member,No,Cloudy
TN004538,2025-02-08,15:40:00,Monument,4,157.22,125.01,194.69,948.58,Concierge,ResortGuest,No,Clear
TN004539,2025-10-14,15:10:00,Pinnacle,1,151.95,40.0,0.0,191.95,Phone,Public,No,Cloudy
TN004540,2025-08-03,11:30:00,Pinnacle,2,152.66,67.47,63.7,436.49,Walk-up,Public,No,Clear
TN004541,2025-10-26,07:30:00,Pinnacle,2,241.28,67.37,35.71,585.64,Online,Public,No,Clear
TN004542,2025-03-07,07:30:00,Pinnacle,2,336.12,65.36,0.0,737.6,Walk-up,Public,No,Clear
TN004543,2025-01-22,14:40:00,Monument,3,188.9,92.06,0.0,658.76,Walk-up,Public,No,Clear
TN004544,2025-03-24,07:50:00,Monument,3,306.22,100.41,0.0,1019.07,Phone,Public,No,Cloudy
TN004545,2025-06-14,13:10:00,Monument,4,85.0,121.56,0.0,461.56,Phone,Member,No,Clear
TN004546,2025-11-01,08:50:00,Pinnacle,4,314.1,132.64,0.0,1389.04,Online,Public,No,Clear
TN004547,2025-08-17,08:50:00,Monument,2,171.04,66.04,84.86,492.98,Online,Public,No,Clear
TN004548,2025-12-06,13:10:00,Pinnacle,2,214.17,68.12,0.0,496.46,Online,ResortGuest,No,Cloudy
TN004549,2025-03-02,08:10:00,Pinnacle,3,314.58,105.93,93.52,1143.19,Online,Public,No,Clear
TN004550,2025-03-10,07:20:00,Monument,4,237.56,122.67,169.62,1242.53,Online,Member,No,Clear
TN004551,2025-01-25,15:50:00,Monument,3,186.08,92.91,157.16,808.31,Online,Public,No,Windy
TN004552,2025-01-25,11:40:00,Pinnacle,3,280.81,100.56,0.0,942.99,Phone,Public,No,Clear
TN004553,2025-05-10,12:10:00,Monument,2,115.33,65.69,0.0,296.35,Online,Public,No,Windy
TN004554,2025-04-12,13:50:00,Pinnacle,4,136.74,123.72,135.91,806.59,Sales/Events,Group,No,Clear
TN004555,2025-07-27,11:50:00,Pinnacle,2,138.35,68.72,0.0,0.0,Online,Public,Yes,Windy
TN004556,2025-03-30,06:30:00,Pinnacle,3,269.03,105.32,180.96,1093.37,Phone,ResortGuest,No,Clear
TN004557,2025-02-10,12:20:00,Pinnacle,4,181.63,129.02,0.0,855.54,Walk-up,Member,No,Clear
TN004558,2025-02-04,09:00:00,Pinnacle,4,292.37,136.71,143.3,1449.49,Online,Public,No,Clear
TN004559,2025-03-22,08:40:00,Monument,2,293.42,65.63,43.52,695.99,Walk-up,Public,No,Clear
TN004560,2025-03-15,08:00:00,Monument,4,227.52,123.5,94.15,1127.73,Sales/Events,Group,No,Clear
TN004561,2025-12-13,08:10:00,Monument,4,284.43,135.75,168.16,1441.63,Online,Public,No,Clear
TN004562,2025-05-25,15:10:00,Monument,2,85.0,56.83,123.63,350.46,Phone,Member,No,Clear
TN004563,2025-08-06,13:50:00,Monument,3,91.51,96.37,158.6,529.5,Online,Member,No,Clear
TN004564,2025-01-26,12:40:00,Pinnacle,4,173.67,121.17,76.99,892.84,Sales/Events,Group,No,Clear
TN004565,2025-10-26,12:40:00,Pinnacle,4,169.71,141.37,0.0,820.21,Online,Public,No,Clear
TN004566,2025-03-21,06:40:00,Monument,4,249.78,124.37,0.0,1123.49,Sales/Events,Group,No,Clear
TN004567,2025-01-29,14:00:00,Monument,4,203.48,136.18,0.0,950.1,Phone,Public,No,Cloudy
TN004568,2025-05-25,06:50:00,Monument,3,166.28,100.0,0.0,598.84,Online,Public,No,Clear
TN004569,2025-10-11,12:10:00,Monument,4,185.0,132.71,80.84,953.55,Online,Public,No,Clear
TN004570,2025-02-09,11:50:00,Pinnacle,4,228.18,133.9,144.03,1190.65,Concierge,ResortGuest,No,Cloudy
TN004571,2025-04-16,13:00:00,Pinnacle,4,176.92,135.29,115.67,958.64,Walk-up,Public,No,Clear
TN004572,2025-03-06,07:00:00,Monument,4,321.58,132.53,221.24,1640.09,Online,Public,No,Clear
TN004573,2025-10-12,08:20:00,Pinnacle,3,257.0,98.49,0.0,869.49,Online,Public,No,Clear
TN004574,2025-03-18,08:30:00,Monument,4,312.67,130.64,0.0,1381.32,Online,Public,No,Clear
TN004575,2025-03-08,11:00:00,Monument,4,222.84,139.23,0.0,1030.59,Phone,ResortGuest,No,Windy
TN004576,2025-12-03,09:40:00,Pinnacle,3,193.58,96.29,159.26,836.29,Online,Member,No,Cloudy
TN004577,2025-11-02,09:50:00,Monument,2,241.7,70.33,90.0,643.73,Concierge,ResortGuest,No,Cloudy
TN004578,2025-12-09,10:40:00,Pinnacle,3,206.02,96.36,0.0,714.42,Online,Member,No,Clear
TN004579,2025-09-14,11:10:00,Pinnacle,3,147.57,104.9,72.44,620.05,Online,Public,No,Cloudy
TN004580,2025-11-02,06:30:00,Pinnacle,3,255.64,101.52,0.0,868.44,Phone,ResortGuest,No,Clear
TN004581,2025-07-13,12:30:00,Pinnacle,2,126.42,67.2,95.19,415.23,Online,Public,No,Clear
TN004582,2025-11-23,06:30:00,Pinnacle,3,292.6,101.42,144.19,1123.41,Online,Public,No,Clear
TN004583,2025-12-28,15:10:00,Monument,3,193.91,95.44,64.76,741.93,Walk-up,Public,No,Clear
TN004584,2025-01-25,06:30:00,Monument,3,231.12,97.35,59.53,850.24,Sales/Events,Group,No,Clear
TN004585,2025-03-05,09:00:00,Pinnacle,2,225.81,62.1,0.0,513.72,Online,Member,No,Clear
TN004586,2025-02-26,07:40:00,Monument,3,293.02,105.19,0.0,984.25,Online,Public,No,Clear
TN004587,2025-05-25,13:50:00,Monument,3,100.19,101.67,0.0,402.24,Concierge,ResortGuest,No,Clear
TN004588,2025-03-22,10:20:00,Monument,3,274.7,100.3,156.5,1080.9,Online,Public,No,Clear
TN004589,2025-11-06,11:50:00,Monument,2,254.5,70.33,80.34,659.67,Online,Public,No,Clear
TN004590,2025-12-21,09:00:00,Monument,2,284.15,68.68,0.0,636.98,Online,Public,No,Cloudy
TN004591,2025-05-04,07:50:00,Pinnacle,4,124.6,123.61,0.0,622.01,Phone,Member,No,Clear
TN004592,2025-09-18,09:50:00,Monument,3,133.77,104.61,0.0,505.92,Online,Public,No,Windy
TN004593,2025-01-02,07:50:00,Pinnacle,4,230.63,127.89,80.28,1130.69,Phone,Member,No,Windy
TN004594,2025-08-23,07:40:00,Pinnacle,4,158.53,136.78,0.0,770.9,Online,Public,No,Cloudy
TN004595,2025-12-21,07:50:00,Monument,3,306.46,102.83,0.0,1022.21,Online,Public,No,Clear
TN004596,2025-07-26,09:30:00,Monument,2,108.15,63.89,130.77,410.96,Online,Member,No,Clear
TN004597,2025-11-29,07:50:00,Pinnacle,3,244.81,96.62,150.54,981.59,Phone,Member,No,Cloudy
TN004598,2025-03-09,12:10:00,Pinnacle,2,217.74,65.42,0.0,500.9,Phone,Public,No,Clear
TN004599,2025-11-15,14:00:00,Pinnacle,3,191.52,102.45,150.07,827.08,Phone,ResortGuest,No,Cloudy
TN004600,2025-07-26,07:40:00,Monument,3,123.35,95.72,58.89,524.66,Sales/Events,Group,No,Clear
TN004601,2025-01-28,09:00:00,Monument,4,250.09,128.41,129.73,1258.5,Phone,Member,No,Clear
TN004602,2025-12-27,06:30:00,Pinnacle,2,329.37,66.57,0.0,725.31,Online,Public,No,Clear
TN004603,2025-02-20,08:00:00,Monument,3,214.0,95.39,105.6,842.99,Phone,Member,No,Clear
TN004604,2025-03-05,07:50:00,Pinnacle,3,288.02,103.26,56.62,1023.94,Online,Public,No,Clear
TN004605,2025-05-02,08:00:00,Monument,3,154.87,102.03,0.0,566.64,Online,Public,No,Clear
TN004606,2025-07-06,13:00:00,Monument,3,94.66,96.32,78.64,458.94,Online,Member,No,Cloudy
TN004607,2025-03-16,09:10:00,Monument,4,248.13,137.92,127.63,1258.07,Online,Public,No,Clear
TN004608,2025-12-23,06:50:00,Pinnacle,3,324.39,101.88,173.7,1248.75,Online,Public,No,Clear
TN004609,2025-07-19,14:30:00,Pinnacle,3,111.11,92.5,0.0,425.83,Online,Public,No,Clear
TN004610,2025-06-10,11:20:00,Monument,1,133.66,40.0,0.0,173.66,Online,Public,No,Clear
TN004611,2025-12-02,13:20:00,Pinnacle,3,213.24,105.0,128.3,873.02,Online,ResortGuest,No,Clear
TN004612,2025-06-15,08:40:00,Pinnacle,3,142.53,100.44,177.23,705.26,Online,ResortGuest,No,Clear
TN004613,2025-11-16,08:40:00,Monument,3,306.15,103.0,0.0,1021.45,Walk-up,Public,No,Clear
TN004614,2025-01-25,08:30:00,Pinnacle,2,294.23,68.58,0.0,657.04,Online,Public,No,Clear
TN004615,2025-12-16,07:40:00,Monument,3,283.96,98.91,0.0,950.79,Online,Public,No,Clear
TN004616,2025-03-30,08:50:00,Pinnacle,2,294.48,67.89,40.88,697.73,Online,Public,No,Clear
TN004617,2025-11-13,06:50:00,Monument,3,247.16,90.94,173.99,1006.41,Phone,Member,No,Clear
TN004618,2025-03-18,09:40:00,Pinnacle,3,235.74,90.77,0.0,797.99,Sales/Events,Group,No,Cloudy
TN004619,2025-02-22,08:00:00,Monument,4,310.04,139.26,0.0,1379.42,Online,Public,No,Clear
TN004620,2025-02-19,06:40:00,Pinnacle,3,245.28,95.4,102.93,934.17,Sales/Events,Group,No,Windy
TN004621,2025-08-17,13:50:00,Pinnacle,3,120.27,102.84,76.2,539.85,Online,Public,No,Clear
TN004622,2025-12-14,12:30:00,Pinnacle,3,206.5,103.38,0.0,722.88,Concierge,ResortGuest,No,Cloudy
TN004623,2025-03-30,11:00:00,Monument,3,185.14,94.68,0.0,650.1,Online,Member,No,Cloudy
TN004624,2025-06-04,07:50:00,Pinnacle,3,172.86,99.49,0.0,618.07,Online,Public,No,Cloudy
TN004625,2025-08-06,15:10:00,Monument,3,104.43,89.15,0.0,402.44,Online,Public,No,Clear
TN004626,2025-12-14,10:30:00,Monument,4,223.74,132.54,0.0,1027.5,Phone,ResortGuest,No,Clear
TN004627,2025-11-20,08:50:00,Pinnacle,3,290.22,104.14,135.36,1110.16,Online,Public,No,Clear
TN004628,2025-07-26,12:30:00,Pinnacle,3,112.92,102.41,0.0,441.17,Phone,Public,No,Windy
TN004629,2025-12-20,06:30:00,Monument,4,251.42,136.86,148.73,1291.27,Phone,ResortGuest,No,Cloudy
TN004630,2025-01-12,09:50:00,Pinnacle,4,229.64,132.3,198.14,1249.0,Concierge,ResortGuest,No,Cloudy
TN004631,2025-09-21,12:30:00,Monument,2,116.13,69.37,0.0,0.0,Online,Public,Yes,Clear
TN004632,2025-10-18,07:50:00,Monument,3,182.62,90.35,85.27,723.48,Sales/Events,Group,No,Clear
TN004633,2025-05-10,08:20:00,Pinnacle,2,121.8,62.51,82.47,388.58,Online,Member,No,Clear
TN004634,2025-09-26,13:50:00,Pinnacle,2,131.74,68.9,0.0,0.0,Walk-up,Public,Yes,Clear
TN004635,2025-03-15,07:20:00,Monument,3,279.31,99.76,64.12,1001.81,Online,Public,No,Clear
TN004636,2025-12-21,14:00:00,Monument,3,180.1,96.26,0.0,636.56,Walk-up,Member,No,Clear
TN004637,2025-11-12,11:40:00,Monument,3,239.36,97.98,0.0,816.06,Phone,ResortGuest,No,Clear
TN004638,2025-06-28,08:10:00,Monument,3,129.04,90.3,189.52,666.94,Online,Member,No,Clear
TN004639,2025-11-23,09:40:00,Monument,2,272.88,66.14,0.0,611.9,Online,Public,No,Clear
TN004640,2025-10-11,07:00:00,Monument,3,186.06,90.19,0.0,648.37,Online,Member,No,Clear
TN004641,2025-11-28,08:40:00,Pinnacle,4,235.9,121.52,0.0,1065.12,Sales/Events,Group,No,Cloudy
TN004642,2025-12-14,15:00:00,Pinnacle,2,205.94,59.45,34.43,505.76,Phone,Public,No,Clear
TN004643,2025-04-19,15:50:00,Pinnacle,4,166.27,126.77,0.0,0.0,Walk-up,Public,Yes,Clear
TN004644,2025-02-05,06:40:00,Monument,4,283.51,141.34,0.0,1275.38,Online,Public,No,Clear
TN004645,2025-01-17,11:30:00,Pinnacle,3,207.95,94.6,0.0,718.45,Sales/Events,Group,No,Clear
TN004646,2025-11-27,07:50:00,Monument,3,279.95,98.88,0.0,938.73,Online,Public,No,Clear
TN004647,2025-12-28,07:30:00,Pinnacle,4,253.96,129.61,0.0,1145.45,Walk-up,Member,No,Cloudy
TN004648,2025-02-13,08:00:00,Pinnacle,3,244.3,96.2,117.53,946.63,Sales/Events,Group,No,Clear
TN004649,2025-02-08,08:00:00,Monument,4,321.55,140.81,143.5,1570.51,Online,Public,No,Clear
TN004650,2025-03-21,08:00:00,Pinnacle,2,228.53,63.23,97.96,618.25,Online,Member,No,Clear
TN004651,2025-01-19,06:50:00,Monument,4,322.08,140.05,69.16,1497.53,Online,Public,No,Clear
TN004652,2025-10-12,10:30:00,Pinnacle,3,211.09,104.02,74.16,811.45,Online,Public,No,Cloudy
TN004653,2025-11-15,15:30:00,Monument,3,196.96,95.17,0.0,686.05,Online,Public,No,Clear
TN004654,2025-01-24,08:20:00,Monument,4,244.73,121.47,0.0,1100.39,Walk-up,Member,No,Windy
TN004655,2025-01-04,07:20:00,Pinnacle,4,315.71,139.92,95.29,1498.05,Online,Public,No,Clear
TN004656,2025-10-05,07:10:00,Pinnacle,2,235.46,66.11,0.0,537.03,Online,Public,No,Clear
TN004657,2025-09-23,06:40:00,Monument,3,140.41,93.18,121.64,636.05,Sales/Events,Group,No,Clear
TN004658,2025-01-06,07:40:00,Monument,2,313.52,70.37,0.0,697.41,Online,Public,No,Clear
TN004659,2025-09-13,12:50:00,Monument,2,98.09,61.32,36.2,293.7,Walk-up,Member,No,Cloudy
TN004660,2025-05-04,10:50:00,Monument,3,105.27,91.55,89.59,496.95,Online,Member,No,Cloudy
TN004661,2025-02-25,12:20:00,Pinnacle,3,196.34,94.8,0.0,683.82,Phone,Group,No,Clear
TN004662,2025-01-18,14:30:00,Monument,4,183.57,127.13,101.79,963.2,Online,Public,No,Clear
TN004663,2025-08-09,09:10:00,Pinnacle,2,152.12,66.85,0.0,371.09,Online,Public,No,Clear
TN004664,2025-03-15,13:10:00,Pinnacle,2,218.48,68.91,38.54,544.41,Online,Public,No,Clear
TN004665,2025-12-24,09:10:00,Pinnacle,3,284.21,99.94,0.0,952.57,Online,Public,No,Cloudy
TN004666,2025-12-03,08:00:00,Pinnacle,3,256.59,91.92,0.0,861.69,Phone,Member,No,Clear
TN004667,2025-06-26,10:30:00,Monument,3,132.46,103.27,0.0,500.65,Walk-up,Public,No,Clear
TN004668,2025-03-02,07:20:00,Pinnacle,3,296.61,102.39,0.0,992.22,Online,Public,No,Cloudy
TN004669,2025-01-26,11:00:00,Monument,3,258.79,99.14,0.0,875.51,Online,Public,No,Cloudy
TN004670,2025-11-16,09:20:00,Pinnacle,3,280.01,103.28,64.58,1007.89,Online,Public,No,Windy
TN004671,2025-11-15,08:00:00,Monument,2,250.4,70.44,68.19,639.43,Phone,ResortGuest,No,Clear
TN004672,2025-11-16,12:10:00,Monument,2,180.73,63.16,107.67,532.29,Online,Member,No,Clear
TN004673,2025-05-31,07:10:00,Monument,2,125.39,63.73,0.0,314.51,Walk-up,Member,No,Clear
TN004674,2025-11-10,15:50:00,Pinnacle,3,152.67,84.65,0.0,542.66,Online,Member,No,Clear
TN004675,2025-02-28,06:50:00,Monument,4,309.5,139.38,0.0,1377.38,Online,Public,No,Clear
TN004676,2025-11-21,07:20:00,Monument,3,286.85,100.58,186.73,1147.86,Online,Public,No,Clear
TN004677,2025-07-12,15:30:00,Pinnacle,4,87.86,124.19,0.0,475.63,Concierge,ResortGuest,No,Clear
TN004678,2025-01-04,07:10:00,Monument,4,255.16,134.4,113.09,1268.13,Concierge,ResortGuest,No,Clear
TN004679,2025-10-26,14:00:00,Monument,1,164.59,40.0,0.0,204.59,Online,Public,No,Clear
TN004680,2025-08-29,12:20:00,Pinnacle,4,99.05,128.16,136.58,660.94,Phone,Group,No,Clear
TN004681,2025-01-08,14:00:00,Pinnacle,2,218.41,66.92,48.87,552.61,Online,Public,No,Clear
TN004682,2025-09-13,07:00:00,Pinnacle,4,129.06,124.96,246.53,887.73,Online,Member,No,Clear
TN004683,2025-06-11,10:10:00,Pinnacle,3,115.36,97.49,0.0,443.57,Walk-up,Member,No,Cloudy
TN004684,2025-02-10,09:00:00,Monument,3,264.59,102.3,0.0,896.07,Phone,ResortGuest,No,Clear
TN004685,2025-12-28,08:40:00,Pinnacle,3,287.6,105.14,0.0,967.94,Phone,Public,No,Clear
TN004686,2025-05-17,08:00:00,Pinnacle,4,175.51,132.89,0.0,834.93,Phone,Public,No,Clear
TN004687,2025-01-10,14:00:00,Pinnacle,4,215.95,134.19,0.0,997.99,Phone,ResortGuest,No,Clear
TN004688,2025-07-23,08:30:00,Pinnacle,3,144.58,105.85,204.15,743.74,Concierge,ResortGuest,No,Clear
TN004689,2025-03-06,13:00:00,Pinnacle,4,174.25,124.91,222.96,1044.87,Phone,Group,No,Windy
TN004690,2025-06-29,09:40:00,Monument,3,98.7,94.1,59.96,450.16,Walk-up,Member,No,Clear
TN004691,2025-11-22,09:00:00,Monument,3,279.84,102.35,56.81,998.68,Phone,Public,No,Clear
TN004692,2025-07-20,06:30:00,Pinnacle,3,177.86,99.6,149.94,783.12,Online,Public,No,Clear
TN004693,2025-05-10,11:40:00,Pinnacle,3,147.23,103.43,0.0,545.12,Phone,Public,No,Clear
TN004694,2025-01-26,06:30:00,Pinnacle,4,331.05,136.13,0.0,0.0,Phone,Public,Yes,Windy
TN004695,2025-11-09,10:10:00,Pinnacle,3,207.98,97.29,0.0,721.23,Walk-up,Member,No,Clear
TN004696,2025-03-29,12:10:00,Pinnacle,2,234.96,68.75,0.0,538.67,Online,Public,No,Clear
TN004697,2025-02-22,10:00:00,Monument,3,239.11,100.15,95.67,913.15,Phone,Public,No,Clear
TN004698,2025-01-06,08:00:00,Pinnacle,4,259.68,136.81,0.0,1175.53,Concierge,ResortGuest,No,Clear
TN004699,2025-11-10,07:30:00,Monument,3,296.79,103.25,0.0,993.62,Online,Public,No,Cloudy
TN004700,2025-03-14,06:40:00,Pinnacle,3,236.41,93.13,0.0,802.36,Online,Member,No,Clear
TN004701,2025-12-19,10:20:00,Pinnacle,3,250.61,98.8,0.0,850.63,Online,Public,No,Clear
TN004702,2025-05-17,13:00:00,Pinnacle,3,127.72,104.1,160.66,647.92,Online,Public,No,Clear
TN004703,2025-04-19,07:10:00,Monument,3,181.68,95.45,0.0,640.49,Phone,Member,No,Clear
TN004704,2025-01-30,09:00:00,Pinnacle,3,273.55,104.51,0.0,0.0,Phone,ResortGuest,Yes,Clear
TN004705,2025-07-16,09:20:00,Monument,3,125.79,101.8,132.45,611.62,Concierge,ResortGuest,No,Windy
TN004706,2025-09-09,11:10:00,Pinnacle,3,143.48,99.88,0.0,530.32,Walk-up,Public,No,Clear
TN004707,2025-02-16,06:40:00,Pinnacle,3,324.4,102.2,173.89,1249.29,Online,Public,No,Clear
TN004708,2025-04-26,14:20:00,Monument,3,162.42,88.44,0.0,575.7,Walk-up,Public,No,Clear
TN004709,2025-01-18,14:30:00,Pinnacle,2,207.21,62.69,29.67,506.78,Walk-up,Public,No,Clear
TN004710,2025-03-16,09:20:00,Pinnacle,2,241.81,69.59,0.0,553.21,Concierge,ResortGuest,No,Clear
TN004711,2025-04-22,10:50:00,Pinnacle,3,173.28,92.62,0.0,612.46,Walk-up,Member,No,Clear
TN004712,2025-04-13,08:40:00,Pinnacle,2,256.54,69.3,0.0,582.38,Online,Public,No,Clear
TN004713,2025-02-28,13:40:00,Monument,4,176.49,122.58,0.0,828.54,Walk-up,Member,No,Clear
TN004714,2025-12-13,11:10:00,Pinnacle,3,283.26,104.32,0.0,954.1,Online,Public,No,Clear
TN004715,2025-03-21,11:40:00,Pinnacle,1,195.25,40.0,41.31,276.56,Phone,Member,No,Windy
TN004716,2025-09-14,07:40:00,Pinnacle,4,139.56,123.06,142.41,823.71,Online,Member,No,Rain
TN004717,2025-06-01,07:30:00,Pinnacle,1,177.33,40.0,0.0,217.33,Walk-up,Public,No,Clear
TN004718,2025-11-15,07:30:00,Pinnacle,4,321.38,133.8,0.0,1419.32,Online,Public,No,Clear
TN004719,2025-12-19,15:40:00,Pinnacle,3,198.28,90.19,0.0,685.03,Online,Public,No,Cloudy
TN004720,2025-12-06,08:50:00,Pinnacle,4,263.14,124.56,85.84,1262.96,Sales/Events,Group,No,Clear
TN004721,2025-06-22,09:10:00,Monument,3,147.19,99.19,115.78,656.54,Phone,Public,No,Clear
TN004722,2025-11-30,08:00:00,Monument,4,240.3,128.98,197.54,1287.72,Phone,Member,No,Clear
TN004723,2025-01-11,06:30:00,Monument,4,301.77,136.79,0.0,1343.87,Walk-up,Public,No,Clear
TN004724,2025-03-01,09:00:00,Pinnacle,4,255.54,132.88,0.0,1155.04,Concierge,ResortGuest,No,Clear
TN004725,2025-08-09,09:00:00,Monument,2,154.34,66.01,77.08,451.77,Online,Public,No,Cloudy
TN004726,2025-03-30,13:30:00,Monument,3,176.77,92.52,63.49,686.32,Phone,Member,No,Clear
TN004727,2025-09-27,14:00:00,Pinnacle,3,106.39,104.62,86.3,510.09,Online,ResortGuest,No,Clear
TN004728,2025-05-18,13:30:00,Pinnacle,4,132.78,131.28,193.01,855.41,Walk-up,Public,No,Clear
TN004729,2025-01-18,09:40:00,Monument,3,203.97,90.56,124.86,827.33,Phone,Member,No,Clear
TN004730,2025-06-27,06:40:00,Monument,2,142.65,65.74,0.0,351.04,Concierge,ResortGuest,No,Clear
TN004731,2025-03-09,07:40:00,Pinnacle,3,257.73,102.09,102.18,977.46,Phone,ResortGuest,No,Clear
TN004732,2025-12-05,07:00:00,Pinnacle,3,296.92,104.72,101.75,1097.23,Concierge,ResortGuest,No,Clear
TN004733,2025-09-07,13:20:00,Pinnacle,3,124.42,103.33,131.1,607.69,Online,Public,No,Clear
TN004734,2025-07-12,07:30:00,Monument,4,138.07,125.75,0.0,678.03,Sales/Events,Group,No,Windy
TN004735,2025-11-08,13:00:00,Pinnacle,3,194.66,104.39,0.0,688.37,Phone,ResortGuest,No,Clear
TN004736,2025-04-19,07:50:00,Monument,1,231.03,40.0,0.0,271.03,Online,Public,No,Cloudy
TN004737,2025-11-02,10:30:00,Monument,4,205.93,128.9,161.93,1114.55,Online,Group,No,Windy
TN004738,2025-03-07,06:40:00,Monument,4,247.79,125.39,234.63,1351.18,Sales/Events,Group,No,Clear
TN004739,2025-09-20,08:30:00,Monument,3,133.04,94.19,48.91,542.22,Phone,Member,No,Cloudy
TN004740,2025-01-05,08:40:00,Pinnacle,4,245.46,121.65,217.33,1320.82,Sales/Events,Group,No,Windy
TN004741,2025-12-20,10:40:00,Monument,4,216.05,128.59,276.15,1268.94,Phone,Group,No,Clear
TN004742,2025-04-12,10:40:00,Monument,4,207.08,131.28,93.74,1053.34,Online,Public,No,Clear
TN004743,2025-01-07,10:50:00,Monument,3,194.96,93.88,141.79,820.55,Phone,Member,No,Clear
TN004744,2025-01-25,07:40:00,Monument,4,239.99,120.73,202.18,1282.87,Walk-up,Member,No,Clear
TN004745,2025-09-28,09:40:00,Pinnacle,4,154.97,136.26,127.04,883.18,Online,Public,No,Cloudy
TN004746,2025-09-20,11:10:00,Pinnacle,3,142.72,105.66,0.0,533.82,Online,Public,No,Windy
TN004747,2025-06-28,10:50:00,Pinnacle,3,120.89,90.73,86.47,539.87,Sales/Events,Group,No,Clear
TN004748,2025-01-05,07:00:00,Monument,3,307.57,98.33,132.43,1153.47,Phone,Public,No,Windy
TN004749,2025-12-06,08:30:00,Monument,3,214.87,94.09,184.05,922.75,Online,Member,No,Clear
TN004750,2025-02-03,07:30:00,Pinnacle,2,288.59,70.0,0.0,647.18,Concierge,ResortGuest,No,Clear
TN004751,2025-07-05,15:50:00,Monument,4,99.84,120.43,208.68,728.47,Phone,Public,No,Cloudy
TN004752,2025-06-01,13:00:00,Monument,4,93.46,123.33,123.91,621.08,Walk-up,Member,No,Clear
TN004753,2025-04-18,11:00:00,Pinnacle,3,229.23,102.31,134.82,924.82,Online,Public,No,Clear
TN004754,2025-11-07,11:40:00,Monument,4,232.71,135.28,134.41,1200.53,Online,ResortGuest,No,Windy
TN004755,2025-11-27,10:20:00,Pinnacle,4,259.87,133.04,0.0,1172.52,Online,Public,No,Clear
TN004756,2025-10-10,15:50:00,Monument,3,140.18,88.26,68.11,576.91,Concierge,ResortGuest,No,Clear
TN004757,2025-02-22,10:10:00,Pinnacle,2,263.21,66.35,0.0,592.77,Online,Public,No,Clear
TN004758,2025-12-15,06:50:00,Pinnacle,3,331.86,99.74,131.9,1227.22,Phone,Public,No,Windy
TN004759,2025-02-02,09:50:00,Monument,2,278.78,68.58,40.9,667.04,Online,Public,No,Clear
TN004760,2025-11-09,11:00:00,Pinnacle,3,278.5,99.27,0.0,0.0,Online,Public,Yes,Clear
TN004761,2025-03-29,06:30:00,Monument,3,286.87,102.45,0.0,963.06,Walk-up,Public,No,Cloudy
TN004762,2025-12-28,08:30:00,Monument,4,310.61,130.57,0.0,1373.01,Walk-up,Public,No,Clear
TN004763,2025-03-02,09:00:00,Monument,3,236.85,96.86,104.03,911.44,Phone,Group,No,Clear
TN004764,2025-06-14,14:00:00,Monument,3,103.29,103.2,0.0,413.07,Concierge,ResortGuest,No,Clear
TN004765,2025-12-10,06:40:00,Pinnacle,3,235.67,91.29,0.0,798.3,Online,Member,No,Clear
TN004766,2025-01-16,12:50:00,Pinnacle,1,217.96,40.0,0.0,257.96,Walk-up,Public,No,Clear
TN004767,2025-09-15,12:00:00,Monument,3,112.31,98.49,0.0,435.42,Phone,ResortGuest,No,Clear
TN004768,2025-01-19,06:30:00,Pinnacle,2,239.62,64.45,0.0,543.69,Online,Member,No,Cloudy
TN004769,2025-12-05,08:30:00,Pinnacle,4,242.65,129.11,169.3,1269.01,Online,Member,No,Clear
TN004770,2025-12-21,13:20:00,Pinnacle,4,199.02,125.66,0.0,921.74,Phone,Group,No,Windy
TN004771,2025-02-02,09:20:00,Monument,3,261.14,99.79,0.0,883.21,Online,Public,No,Clear
TN004772,2025-11-01,12:50:00,Pinnacle,4,226.52,132.96,0.0,1039.04,Phone,Public,No,Clear
TN004773,2025-10-26,10:00:00,Monument,4,175.35,127.67,213.38,1042.45,Sales/Events,Group,No,Windy
TN004774,2025-03-08,13:50:00,Pinnacle,3,236.03,99.8,65.33,873.22,Online,Public,No,Windy
TN004775,2025-02-08,11:40:00,Monument,2,244.91,69.12,95.98,654.92,Online,Public,No,Cloudy
TN004776,2025-01-04,06:30:00,Pinnacle,4,257.39,137.71,0.0,1167.27,Concierge,ResortGuest,No,Clear
TN004777,2025-01-12,13:50:00,Pinnacle,3,187.25,102.66,181.23,845.64,Concierge,ResortGuest,No,Clear
TN004778,2025-11-07,07:50:00,Pinnacle,4,241.03,129.84,161.49,1255.45,Online,Member,No,Clear
TN004779,2025-02-20,11:40:00,Monument,2,191.15,61.58,51.84,495.72,Online,Member,No,Cloudy
TN004780,2025-11-02,11:00:00,Monument,2,227.85,70.11,0.0,0.0,Phone,ResortGuest,Yes,Clear
TN004781,2025-10-03,08:50:00,Pinnacle,2,263.84,70.12,0.0,597.8,Walk-up,Public,No,Cloudy
TN004782,2025-03-10,13:20:00,Monument,4,201.43,133.91,113.81,1053.44,Online,Public,No,Clear
TN004783,2025-02-28,13:10:00,Pinnacle,3,237.15,100.23,109.67,921.35,Online,Public,No,Clear
TN004784,2025-08-31,12:20:00,Pinnacle,3,100.23,101.8,69.02,471.51,Phone,ResortGuest,No,Clear
TN004785,2025-11-08,12:30:00,Monument,1,206.13,40.0,34.23,280.36,Online,Public,No,Clear
TN004786,2025-11-16,11:30:00,Monument,4,240.08,133.1,0.0,1093.42,Concierge,ResortGuest,No,Clear
TN004787,2025-12-30,06:30:00,Pinnacle,3,295.08,104.28,123.62,1113.14,Online,Public,No,Cloudy
TN004788,2025-11-28,08:40:00,Monument,3,276.07,99.06,0.0,927.27,Concierge,ResortGuest,No,Clear
TN004789,2025-07-21,15:40:00,Monument,2,100.0,59.88,0.0,259.88,Online,Public,No,Cloudy
TN004790,2025-04-13,07:10:00,Pinnacle,3,262.7,98.47,66.05,952.62,Online,Public,No,Clear
TN004791,2025-02-02,11:50:00,Pinnacle,4,215.44,124.67,175.37,1161.8,Sales/Events,Group,No,Clear
TN004792,2025-05-03,15:10:00,Monument,3,94.99,93.17,0.0,378.14,Walk-up,Public,No,Clear
TN004793,2025-05-21,07:20:00,Pinnacle,2,154.5,67.33,0.0,376.33,Walk-up,Public,No,Clear
TN004794,2025-11-01,12:00:00,Monument,2,250.41,67.08,0.0,567.9,Online,Public,No,Cloudy
TN004795,2025-12-12,07:40:00,Monument,3,245.71,104.07,0.0,841.2,Online,ResortGuest,No,Clear
TN004796,2025-07-28,07:40:00,Pinnacle,4,137.3,129.16,228.5,906.86,Phone,Group,No,Clear
TN004797,2025-05-13,11:40:00,Pinnacle,4,154.33,133.16,0.0,750.48,Phone,Public,No,Clear
TN004798,2025-12-05,11:50:00,Monument,1,250.49,40.0,0.0,290.49,Online,Public,No,Clear
TN004799,2025-02-03,10:00:00,Monument,1,246.36,40.0,32.56,318.92,Online,Public,No,Clear
TN004800,2025-08-03,10:30:00,Pinnacle,2,155.01,66.74,85.79,462.55,Online,Public,No,Windy
TN004801,2025-01-06,09:40:00,Pinnacle,2,251.34,66.91,0.0,569.59,Phone,Public,No,Cloudy
TN004802,2025-03-22,06:30:00,Monument,4,238.2,128.52,149.81,1231.13,Online,Member,No,Clear
TN004803,2025-01-02,12:10:00,Pinnacle,3,177.0,96.7,0.0,627.7,Online,Member,No,Cloudy
TN004804,2025-05-01,11:30:00,Monument,4,111.07,121.24,208.14,773.66,Walk-up,Member,No,Rain
TN004805,2025-04-05,14:10:00,Pinnacle,3,134.14,91.31,97.26,590.99,Concierge,ResortGuest,No,Clear
TN004806,2025-11-30,13:10:00,Monument,4,174.39,128.7,127.28,953.54,Online,Member,No,Clear
TN004807,2025-07-26,11:30:00,Pinnacle,2,126.72,64.37,0.0,0.0,Sales/Events,Group,Yes,Cloudy
TN004808,2025-02-22,08:00:00,Pinnacle,3,306.54,105.02,0.0,0.0,Online,Public,Yes,Windy
TN004809,2025-07-19,09:30:00,Monument,4,143.49,134.99,72.66,781.61,Online,Public,No,Clear
TN004810,2025-12-09,07:20:00,Pinnacle,4,311.18,131.67,0.0,1376.39,Online,Public,No,Clear
TN004811,2025-08-16,11:10:00,Pinnacle,3,149.9,99.13,45.36,594.19,Online,Public,No,Clear
TN004812,2025-08-09,15:40:00,Pinnacle,3,98.63,93.03,195.49,584.41,Walk-up,Public,No,Windy
TN004813,2025-03-26,08:20:00,Monument,4,312.07,135.78,0.0,1384.06,Walk-up,Public,No,Cloudy
TN004814,2025-03-14,13:30:00,Pinnacle,4,187.67,122.1,227.56,1100.34,Phone,Member,No,Clear
TN004815,2025-06-14,07:40:00,Monument,3,131.4,96.3,0.0,490.5,Online,Member,No,Clear
TN004816,2025-02-12,08:00:00,Pinnacle,3,333.84,105.42,63.84,1170.78,Walk-up,Public,No,Clear
TN004817,2025-04-26,07:40:00,Pinnacle,3,231.02,104.28,0.0,797.34,Online,Public,No,Cloudy
TN004818,2025-04-16,06:40:00,Pinnacle,2,186.31,61.99,100.22,534.83,Walk-up,Member,No,Clear
TN004819,2025-08-17,08:00:00,Monument,1,155.08,40.0,0.0,195.08,Online,Public,No,Clear
TN004820,2025-04-20,12:30:00,Pinnacle,3,166.74,100.61,141.44,742.27,Online,Public,No,Clear
TN004821,2025-01-02,10:10:00,Pinnacle,3,277.69,98.74,0.0,931.81,Online,Public,No,Clear
TN004822,2025-01-20,06:40:00,Monument,3,274.37,101.25,0.0,924.36,Online,Public,No,Clear
TN004823,2025-03-18,12:50:00,Monument,4,190.01,136.84,0.0,896.88,Concierge,ResortGuest,No,Clear
TN004824,2025-02-24,07:30:00,Monument,3,306.93,105.36,0.0,1026.15,Online,Public,No,Clear
TN004825,2025-04-20,14:40:00,Monument,4,128.09,111.74,232.78,856.88,Sales/Events,Group,No,Clear
TN004826,2025-02-06,15:40:00,Monument,3,175.47,93.16,0.0,619.57,Online,Public,No,Clear
TN004827,2025-11-16,08:50:00,Monument,4,258.52,132.69,85.64,1252.41,Phone,ResortGuest,No,Clear
TN004828,2025-05-03,10:10:00,Pinnacle,3,151.32,104.94,0.0,558.9,Phone,Public,No,Clear
TN004829,2025-03-31,08:30:00,Monument,3,318.65,102.79,0.0,0.0,Online,Public,Yes,Clear
TN004830,2025-01-13,11:00:00,Monument,4,216.98,124.13,0.0,992.05,Online,Member,No,Clear
TN004831,2025-03-27,09:00:00,Monument,4,248.28,126.8,206.1,1326.02,Walk-up,Member,No,Cloudy
TN004832,2025-10-31,11:00:00,Monument,3,147.05,91.11,0.0,532.26,Online,Member,No,Clear
TN004833,2025-05-08,11:50:00,Monument,3,137.46,104.48,0.0,516.86,Phone,Public,No,Clear
TN004834,2025-11-11,07:00:00,Monument,3,302.16,103.74,142.01,1152.23,Online,Public,No,Clear
TN004835,2025-03-09,11:10:00,Pinnacle,3,291.41,99.82,0.0,974.05,Online,Public,No,Windy
TN004836,2025-12-22,11:50:00,Pinnacle,3,283.46,99.9,78.49,1028.77,Online,Public,No,Clear
TN004837,2025-06-01,11:40:00,Pinnacle,2,147.23,70.2,91.52,456.18,Walk-up,Public,No,Clear
TN004838,2025-05-31,07:50:00,Pinnacle,2,166.84,69.03,0.0,402.71,Phone,Public,No,Clear
TN004839,2025-03-02,13:30:00,Monument,3,203.65,102.2,0.0,713.15,Phone,Public,No,Clear
TN004840,2025-02-04,12:00:00,Monument,2,252.63,68.75,68.24,642.25,Phone,Public,No,Clear
TN004841,2025-04-24,13:00:00,Pinnacle,4,164.72,132.49,157.93,949.3,Concierge,ResortGuest,No,Clear
TN004842,2025-04-06,12:00:00,Pinnacle,3,175.58,92.33,0.0,619.07,Online,Member,No,Cloudy
TN004843,2025-05-28,13:50:00,Monument,4,93.93,125.43,0.0,501.15,Online,Member,No,Cloudy
TN004844,2025-12-21,09:20:00,Monument,3,215.77,96.85,72.91,817.07,Phone,Member,No,Clear
TN004845,2025-04-14,08:40:00,Monument,3,222.16,105.26,108.31,880.05,Phone,ResortGuest,No,Cloudy
TN004846,2025-07-26,12:20:00,Monument,3,93.31,94.48,127.93,502.34,Online,Member,No,Windy
TN004847,2025-03-16,15:20:00,Monument,3,159.88,85.96,40.2,605.8,Online,Member,No,Windy
TN004848,2025-05-17,12:20:00,Pinnacle,4,101.19,122.49,0.0,527.25,Phone,Member,No,Clear
TN004849,2025-04-06,06:30:00,Pinnacle,3,231.89,102.88,0.0,798.55,Phone,Public,No,Cloudy
TN004850,2025-06-20,08:00:00,Monument,4,130.5,136.71,0.0,658.71,Phone,ResortGuest,No,Rain
TN004851,2025-11-14,09:10:00,Pinnacle,4,276.4,137.58,235.45,1478.63,Online,Public,No,Clear
TN004852,2025-11-23,07:30:00,Pinnacle,4,268.21,132.59,178.95,1384.38,Concierge,ResortGuest,No,Clear
TN004853,2025-10-12,10:10:00,Pinnacle,4,199.42,136.74,0.0,934.42,Walk-up,Public,No,Cloudy
TN004854,2025-11-09,08:00:00,Monument,4,310.06,136.42,203.9,1580.56,Online,Public,No,Cloudy
TN004855,2025-07-26,13:50:00,Pinnacle,2,115.25,69.76,0.0,0.0,Online,Public,Yes,Cloudy
TN004856,2025-03-18,07:40:00,Monument,4,262.12,126.05,0.0,1174.53,Sales/Events,Group,No,Cloudy
TN004857,2025-11-26,08:30:00,Pinnacle,3,327.18,102.93,0.0,1084.47,Walk-up,Public,No,Clear
TN004858,2025-01-11,09:20:00,Pinnacle,3,250.88,101.68,61.12,915.44,Phone,Public,No,Clear
TN004859,2025-05-04,11:40:00,Monument,3,132.72,100.83,69.19,568.18,Online,Public,No,Windy
TN004860,2025-08-10,10:20:00,Monument,2,138.89,69.22,98.74,445.74,Online,Public,No,Cloudy
TN004861,2025-03-23,10:20:00,Pinnacle,2,258.23,66.82,41.83,625.11,Walk-up,Public,No,Rain
TN004862,2025-01-11,08:10:00,Pinnacle,3,317.49,104.3,0.0,1056.77,Online,Public,No,Clear
TN004863,2025-01-30,09:10:00,Monument,3,271.59,101.62,137.61,1054.0,Phone,Public,No,Clear
TN004864,2025-08-03,06:40:00,Monument,3,117.22,92.07,0.0,443.73,Walk-up,Member,No,Clear
TN004865,2025-06-21,12:40:00,Pinnacle,4,101.5,124.13,237.52,767.65,Online,Member,No,Rain
TN004866,2025-12-26,15:10:00,Monument,3,191.98,94.95,0.0,670.89,Online,Public,No,Clear
TN004867,2025-05-31,12:30:00,Pinnacle,3,118.46,101.2,0.0,0.0,Online,Public,Yes,Windy
TN004868,2025-09-11,09:00:00,Pinnacle,3,130.69,90.65,0.0,482.72,Phone,Member,No,Cloudy
TN004869,2025-01-01,06:50:00,Pinnacle,4,277.8,125.9,63.62,1300.72,Online,Group,No,Clear
TN004870,2025-01-31,12:10:00,Monument,4,214.28,139.63,0.0,996.75,Online,Public,No,Clear
TN004871,2025-12-23,12:10:00,Monument,4,229.79,139.54,0.0,1058.7,Online,Public,No,Clear
TN004872,2025-01-19,08:20:00,Pinnacle,4,286.28,132.69,0.0,1277.81,Phone,ResortGuest,No,Cloudy
TN004873,2025-01-29,13:20:00,Pinnacle,3,186.7,94.47,102.66,757.23,Phone,Member,No,Cloudy
TN004874,2025-11-22,06:40:00,Monument,4,277.79,138.87,0.0,1250.03,Online,ResortGuest,No,Windy
TN004875,2025-12-26,11:30:00,Monument,3,216.91,94.43,161.39,906.55,Walk-up,Member,No,Clear
TN004876,2025-09-07,08:50:00,Pinnacle,2,176.31,68.74,75.67,497.03,Online,Public,No,Cloudy
TN004877,2025-05-25,13:10:00,Monument,4,98.81,134.15,0.0,529.39,Phone,ResortGuest,No,Clear
TN004878,2025-10-07,10:10:00,Monument,3,189.45,99.34,126.12,793.81,Online,Public,No,Clear
TN004879,2025-01-31,08:20:00,Pinnacle,4,243.41,128.58,0.0,1102.22,Sales/Events,Group,No,Clear
TN004880,2025-04-30,15:30:00,Pinnacle,4,157.54,123.42,126.69,880.27,Walk-up,Public,No,Clear
TN004881,2025-12-28,08:00:00,Pinnacle,3,224.72,94.09,0.0,768.25,Online,Member,No,Clear
TN004882,2025-11-09,11:00:00,Pinnacle,3,280.23,104.11,173.29,1118.09,Online,Public,No,Clear
TN004883,2025-02-15,06:30:00,Pinnacle,4,297.99,131.51,0.0,1323.47,Concierge,ResortGuest,No,Clear
TN004884,2025-06-01,07:20:00,Pinnacle,3,148.47,101.58,66.96,613.95,Phone,ResortGuest,No,Clear
TN004885,2025-08-27,09:00:00,Monument,3,116.69,94.43,0.0,444.5,Online,Member,No,Cloudy
TN004886,2025-01-04,08:10:00,Monument,4,255.1,140.4,0.0,1160.8,Concierge,ResortGuest,No,Clear
TN004887,2025-06-29,11:20:00,Monument,3,109.5,92.04,0.0,420.54,Phone,Group,No,Clear
TN004888,2025-03-03,06:40:00,Pinnacle,4,240.0,122.89,104.07,1186.96,Online,Member,No,Clear
TN004889,2025-02-05,13:50:00,Pinnacle,4,219.63,136.24,0.0,1014.76,Online,Public,No,Cloudy
TN004890,2025-05-01,08:00:00,Pinnacle,4,154.37,138.77,72.56,828.81,Concierge,ResortGuest,No,Clear
TN004891,2025-12-25,08:10:00,Pinnacle,2,226.09,63.8,107.81,623.79,Online,Member,No,Cloudy
TN004892,2025-03-30,09:10:00,Pinnacle,2,227.98,60.23,108.31,624.5,Online,Member,No,Clear
TN004893,2025-11-27,09:20:00,Pinnacle,4,201.99,124.86,0.0,932.82,Walk-up,Member,No,Clear
TN004894,2025-06-22,12:00:00,Pinnacle,3,132.83,100.04,0.0,498.53,Online,Public,No,Clear
TN004895,2025-12-27,10:40:00,Pinnacle,3,226.74,105.7,0.0,785.92,Concierge,ResortGuest,No,Clear
TN004896,2025-02-19,07:30:00,Pinnacle,3,280.03,98.89,112.61,1051.59,Concierge,ResortGuest,No,Clear
TN004897,2025-02-25,09:00:00,Pinnacle,4,251.91,126.21,0.0,1133.85,Phone,Member,No,Clear
TN004898,2025-01-11,08:00:00,Monument,4,273.92,136.6,117.99,1350.27,Online,Public,No,Clear
TN004899,2025-05-04,14:00:00,Pinnacle,2,103.46,65.64,0.0,0.0,Phone,ResortGuest,Yes,Cloudy
TN004900,2025-02-24,11:50:00,Monument,2,239.55,66.74,0.0,545.84,Online,Public,No,Rain
TN004901,2025-12-14,07:20:00,Monument,2,321.39,70.14,58.22,771.14,Phone,Public,No,Cloudy
TN004902,2025-01-29,07:30:00,Monument,4,315.62,132.58,0.0,1395.06,Online,Public,No,Cloudy
TN004903,2025-11-16,06:30:00,Pinnacle,4,285.8,139.4,258.93,1541.53,Concierge,ResortGuest,No,Clear
TN004904,2025-08-10,07:40:00,Monument,3,169.65,101.59,0.0,610.54,Online,Public,No,Clear
TN004905,2025-11-22,07:00:00,Pinnacle,4,317.72,140.3,262.22,1673.4,Online,Public,No,Clear
TN004906,2025-11-02,10:40:00,Monument,3,257.76,103.56,71.98,948.82,Online,Public,No,Clear
TN004907,2025-04-13,13:00:00,Pinnacle,2,150.27,65.97,0.0,366.51,Online,ResortGuest,No,Cloudy
TN004908,2025-05-11,09:00:00,Monument,3,123.44,97.27,107.12,574.71,Online,Member,No,Clear
TN004909,2025-05-10,10:20:00,Pinnacle,3,103.99,95.54,0.0,407.51,Online,Member,No,Clear
TN004910,2025-08-24,08:50:00,Pinnacle,4,131.77,129.86,197.83,854.77,Walk-up,Member,No,Clear
TN004911,2025-07-11,11:40:00,Monument,3,110.47,95.36,0.0,0.0,Walk-up,Member,Yes,Windy
TN004912,2025-08-31,11:00:00,Monument,4,146.23,136.78,189.88,911.58,Online,Public,No,Windy
TN004913,2025-10-11,09:30:00,Pinnacle,4,214.97,138.64,132.55,1131.07,Online,Public,No,Clear
TN004914,2025-03-23,11:30:00,Monument,2,236.72,68.82,0.0,542.26,Online,Public,No,Clear
TN004915,2025-01-04,07:10:00,Monument,4,254.59,140.75,0.0,1159.11,Phone,ResortGuest,No,Clear
TN004916,2025-05-04,13:30:00,Pinnacle,4,112.94,137.24,0.0,589.0,Phone,Public,No,Cloudy
TN004917,2025-06-06,12:30:00,Monument,3,116.9,100.83,0.0,451.53,Online,Public,No,Clear
TN004918,2025-11-23,10:30:00,Pinnacle,3,226.38,90.93,103.84,873.91,Walk-up,Member,No,Clear
TN004919,2025-06-29,12:40:00,Pinnacle,4,130.77,135.04,0.0,658.12,Online,Public,No,Clear
TN004920,2025-07-12,15:10:00,Monument,3,102.92,95.15,159.39,563.3,Online,Public,No,Windy
TN004921,2025-03-23,09:00:00,Pinnacle,4,275.98,125.19,133.48,1362.59,Online,Group,No,Clear
TN004922,2025-08-24,09:20:00,Pinnacle,2,136.65,69.24,0.0,342.54,Phone,Public,No,Windy
TN004923,2025-01-08,07:00:00,Monument,2,321.43,67.81,0.0,710.67,Online,Public,No,Cloudy
TN004924,2025-10-11,09:40:00,Pinnacle,3,223.84,98.71,96.78,867.01,Online,Public,No,Clear
TN004925,2025-10-19,07:40:00,Pinnacle,3,230.51,105.22,132.91,929.66,Online,Public,No,Clear
TN004926,2025-03-29,06:40:00,Pinnacle,2,303.92,67.7,0.0,675.54,Online,Public,No,Clear
TN004927,2025-07-19,12:00:00,Monument,3,120.26,92.41,0.0,453.19,Sales/Events,Group,No,Clear
TN004928,2025-02-26,09:00:00,Pinnacle,4,275.41,124.53,0.0,1226.17,Sales/Events,Group,No,Clear
TN004929,2025-11-28,06:50:00,Pinnacle,2,336.56,70.39,0.0,743.51,Phone,Public,No,Clear
TN004930,2025-01-25,06:40:00,Monument,4,254.93,125.47,177.71,1322.9,Sales/Events,Group,No,Cloudy
TN004931,2025-11-30,10:20:00,Pinnacle,4,255.94,140.42,164.09,1328.27,Walk-up,Public,No,Cloudy
TN004932,2025-01-25,13:40:00,Pinnacle,3,244.03,102.95,61.95,896.99,Online,Public,No,Clear
TN004933,2025-11-12,07:00:00,Pinnacle,4,289.33,131.18,0.0,1288.5,Phone,Public,No,Windy
TN004934,2025-01-11,09:50:00,Pinnacle,2,252.37,67.06,0.0,571.8,Online,Public,No,Cloudy
TN004935,2025-06-01,12:20:00,Pinnacle,3,114.95,100.92,47.92,493.69,Online,Public,No,Clear
TN004936,2025-07-20,11:40:00,Pinnacle,3,134.29,99.77,73.11,575.75,Concierge,ResortGuest,No,Clear
TN004937,2025-02-06,06:40:00,Pinnacle,4,252.86,137.42,138.17,1287.03,Online,ResortGuest,No,Cloudy
TN004938,2025-12-24,08:20:00,Monument,3,313.58,102.02,133.41,1176.17,Online,Public,No,Clear
TN004939,2025-05-04,08:20:00,Pinnacle,3,177.25,99.25,172.23,803.23,Phone,Public,No,Clear
TN004940,2025-03-29,08:50:00,Pinnacle,2,332.89,67.9,111.14,844.82,Online,Public,No,Clear
TN004941,2025-07-29,08:10:00,Pinnacle,2,137.68,64.82,0.0,340.18,Phone,Member,No,Clear
TN004942,2025-12-31,11:30:00,Monument,3,207.32,95.4,197.34,914.7,Phone,Member,No,Cloudy
TN004943,2025-11-01,07:30:00,Pinnacle,4,275.73,122.0,149.25,1374.17,Sales/Events,Group,No,Clear
TN004944,2025-10-12,15:10:00,Monument,4,117.59,111.89,176.51,758.76,Phone,Member,No,Clear
TN004945,2025-02-01,09:30:00,Monument,4,211.8,121.71,169.53,1138.44,Online,Member,No,Clear
TN004946,2025-02-04,08:20:00,Pinnacle,3,289.11,103.48,148.2,1119.01,Phone,ResortGuest,No,Clear
TN004947,2025-01-03,14:20:00,Monument,3,154.03,84.16,0.0,546.25,Sales/Events,Group,No,Clear
TN004948,2025-03-21,14:50:00,Pinnacle,2,187.24,62.45,63.39,500.32,Online,Public,No,Clear
TN004949,2025-11-16,14:40:00,Pinnacle,3,186.35,92.35,57.53,708.93,Online,Public,No,Clear
TN004950,2025-03-09,12:10:00,Pinnacle,3,229.98,103.87,0.0,793.81,Walk-up,Public,No,Clear
TN004951,2025-02-02,07:00:00,Monument,4,291.82,137.04,0.0,1304.32,Online,Public,No,Clear
TN004952,2025-08-17,09:30:00,Pinnacle,4,155.28,136.08,109.63,866.83,Online,Public,No,Clear
TN004953,2025-01-14,07:50:00,Pinnacle,2,287.41,69.74,0.0,644.56,Walk-up,Public,No,Clear
TN004954,2025-12-13,07:20:00,Monument,2,301.11,67.55,68.52,738.29,Online,Public,No,Clear
TN004955,2025-11-13,12:00:00,Monument,3,258.53,105.73,0.0,881.32,Phone,Public,No,Clear
TN004956,2025-02-10,06:50:00,Monument,4,314.58,132.26,137.9,1528.48,Phone,Public,No,Cloudy
TN004957,2025-06-14,08:20:00,Monument,1,116.32,40.0,0.0,156.32,Walk-up,Member,No,Cloudy
TN004958,2025-07-07,13:50:00,Pinnacle,2,105.23,63.76,0.0,0.0,Online,Group,Yes,Windy
TN004959,2025-03-19,15:40:00,Monument,3,178.86,90.23,0.0,626.81,Phone,Public,No,Clear
TN004960,2025-12-05,06:50:00,Pinnacle,4,316.37,139.16,87.79,1492.43,Online,Public,No,Clear
TN004961,2025-01-14,12:40:00,Monument,4,215.08,137.51,0.0,997.83,Online,Public,No,Windy
TN004962,2025-01-26,08:30:00,Pinnacle,4,338.28,132.98,0.0,1486.1,Online,Public,No,Clear
TN004963,2025-02-12,12:50:00,Pinnacle,4,173.14,129.73,0.0,822.29,Phone,Group,No,Cloudy
TN004964,2025-12-05,11:20:00,Monument,3,185.18,93.39,0.0,648.93,Online,Member,No,Clear
TN004965,2025-01-01,14:50:00,Pinnacle,2,216.82,62.3,0.0,0.0,Phone,Public,Yes,Cloudy
TN004966,2025-08-29,07:40:00,Pinnacle,4,155.32,140.74,105.87,867.89,Online,Public,No,Clear
TN004967,2025-04-05,07:10:00,Pinnacle,4,220.46,138.32,0.0,1020.16,Concierge,ResortGuest,No,Clear
TN004968,2025-02-03,15:00:00,Pinnacle,2,146.61,54.56,79.68,427.46,Online,Member,No,Clear
TN004969,2025-08-09,15:30:00,Pinnacle,4,106.19,125.52,146.26,696.54,Online,Public,No,Clear
TN004970,2025-12-13,15:40:00,Monument,2,158.19,54.3,76.68,447.36,Online,Member,No,Clear
TN004971,2025-01-09,07:50:00,Monument,3,319.23,99.74,0.0,1057.43,Phone,Public,No,Clear
TN004972,2025-02-15,11:40:00,Pinnacle,4,249.06,138.49,0.0,1134.73,Phone,Public,No,Cloudy
TN004973,2025-07-13,13:50:00,Pinnacle,3,88.23,95.76,0.0,360.45,Online,Member,No,Clear
TN004974,2025-12-04,07:30:00,Monument,2,289.66,68.76,0.0,648.08,Online,Public,No,Cloudy
TN004975,2025-02-13,10:50:00,Monument,2,216.7,63.26,37.94,534.6,Online,Member,No,Cloudy
TN004976,2025-01-24,09:00:00,Pinnacle,3,287.84,103.03,0.0,966.55,Online,ResortGuest,No,Clear
TN004977,2025-03-08,08:20:00,Pinnacle,2,247.56,63.64,0.0,0.0,Online,Member,Yes,Clear
TN004978,2025-02-16,08:00:00,Pinnacle,2,333.92,69.19,0.0,737.03,Online,Public,No,Clear
TN004979,2025-02-08,14:10:00,Pinnacle,4,216.05,126.76,171.11,1162.07,Online,Public,No,Windy
TN004980,2025-12-16,06:40:00,Monument,3,244.82,101.32,0.0,835.78,Concierge,ResortGuest,No,Cloudy
TN004981,2025-02-19,06:40:00,Monument,3,254.96,93.89,0.0,858.77,Phone,Group,No,Windy
TN004982,2025-05-18,09:40:00,Pinnacle,4,109.33,126.15,203.6,767.07,Online,Member,No,Clear
TN004983,2025-09-21,13:00:00,Pinnacle,3,111.64,98.08,168.05,601.05,Phone,ResortGuest,No,Windy
TN004984,2025-11-09,07:00:00,Monument,3,279.94,104.87,0.0,944.69,Walk-up,Public,No,Clear
TN004985,2025-03-21,06:30:00,Pinnacle,3,255.28,92.58,65.32,923.74,Phone,Member,No,Clear
TN004986,2025-11-12,08:20:00,Monument,2,278.02,67.78,0.0,623.82,Online,Public,No,Clear
TN004987,2025-12-16,11:50:00,Pinnacle,4,243.96,131.95,75.62,1183.41,Online,ResortGuest,No,Windy
TN004988,2025-11-27,13:00:00,Monument,3,202.09,105.2,172.79,884.26,Online,Public,No,Clear
TN004989,2025-04-06,08:20:00,Monument,3,253.24,98.34,64.92,922.98,Online,Public,No,Clear
TN004990,2025-02-05,08:40:00,Pinnacle,4,246.21,126.11,0.0,1110.95,Walk-up,Member,No,Clear
TN004991,2025-07-12,11:40:00,Monument,3,113.15,98.21,0.0,0.0,Phone,ResortGuest,Yes,Rain
TN004992,2025-09-17,08:20:00,Monument,4,153.74,137.28,0.0,752.24,Phone,Public,No,Rain
TN004993,2025-12-30,07:00:00,Monument,4,229.02,123.47,0.0,1039.55,Phone,Member,No,Clear
TN004994,2025-01-01,13:00:00,Monument,3,156.84,94.77,114.62,679.91,Online,Member,No,Clear
TN004995,2025-02-19,06:30:00,Pinnacle,4,228.1,123.76,220.27,1256.43,Phone,Member,No,Clear
TN004996,2025-03-22,10:10:00,Monument,1,261.47,40.0,0.0,301.47,Phone,Public,No,Cloudy
TN004997,2025-04-19,12:20:00,Monument,4,140.36,137.3,158.59,857.33,Phone,ResortGuest,No,Clear
TN004998,2025-06-28,07:30:00,Monument,4,120.62,123.37,185.9,791.75,Phone,Member,No,Clear
TN004999,2025-07-20,13:30:00,Pinnacle,2,129.39,69.56,57.79,386.13,Online,Public,No,Clear
TN005000,2025-02-10,09:10:00,Pinnacle,4,232.24,140.83,130.39,1200.18,Concierge,ResortGuest,No,Clear
